-- phpMyAdmin SQL Dump
-- version OVH
-- http://www.phpmyadmin.net
--
-- Client: mysql5-13.60gp
-- Généré le : Mer 01 Janvier 2014 à 23:37
-- Version du serveur: 5.1.66
-- Version de PHP: 5.3.8

SET SQL_MODE="NO_AUTO_VALUE_ON_ZERO";
SET time_zone = "+00:00";

--
-- Base de données: `giteluch`
--

-- --------------------------------------------------------

--
-- Structure de la table `activity`
--

CREATE TABLE IF NOT EXISTS `activity` (
  `id` bigint(20) NOT NULL AUTO_INCREMENT,
  `category_id` bigint(20) NOT NULL,
  `position` bigint(20) NOT NULL,
  `online` tinyint(1) NOT NULL DEFAULT '0',
  `location` text,
  `part_of_shuffling` tinyint(4) NOT NULL DEFAULT '1',
  `date_add` datetime NOT NULL,
  `date_update` datetime NOT NULL,
  `date_delete` datetime DEFAULT NULL,
  PRIMARY KEY (`id`),
  KEY `fk_activity_category` (`category_id`)
) ENGINE=InnoDB  DEFAULT CHARSET=utf8 AUTO_INCREMENT=18 ;

--
-- Contenu de la table `activity`
--

INSERT INTO `activity` (`id`, `category_id`, `position`, `online`, `location`, `part_of_shuffling`, `date_add`, `date_update`, `date_delete`) VALUES
(1, 1, 1, 1, '', 1, '2012-11-24 02:40:04', '2012-11-27 07:19:19', '2013-01-05 17:10:55'),
(2, 1, 2, 1, '', 1, '2012-11-24 02:43:00', '2012-11-24 02:43:03', '2013-01-05 17:10:59'),
(3, 1, 3, 1, '', 1, '2012-12-30 01:38:42', '2012-12-30 01:38:42', '2013-01-05 17:11:02'),
(4, 1, 4, 1, '', 1, '2012-12-30 01:39:39', '2012-12-30 01:39:39', '2013-01-05 17:11:06'),
(5, 1, 16, 1, '', 1, '2012-12-30 01:39:47', '2013-12-18 21:14:34', NULL),
(6, 1, 14, 1, '', 1, '2013-01-05 18:04:58', '2013-12-18 21:16:38', NULL),
(7, 1, 13, 1, '', 1, '2013-01-05 18:45:27', '2013-12-18 21:18:15', NULL),
(8, 1, 11, 1, '', 1, '2013-01-06 10:14:05', '2013-08-20 21:17:09', NULL),
(9, 1, 5, 1, '', 1, '2013-02-02 10:45:45', '2013-12-18 21:25:00', NULL),
(10, 1, 12, 1, '', 1, '2013-02-03 20:57:07', '2013-12-18 21:19:40', NULL),
(11, 1, 11, 1, '', 1, '2013-03-27 19:40:50', '2013-03-27 19:42:37', '2013-03-27 19:42:57'),
(12, 2, 12, 1, '', 1, '2013-03-27 19:50:50', '2013-03-27 20:22:33', '2013-03-27 20:23:14'),
(13, 1, 10, 1, '', 1, '2013-03-27 20:24:29', '2013-12-18 21:21:06', NULL),
(14, 1, 6, 1, '', 1, '2013-03-28 19:15:27', '2013-12-18 21:23:21', NULL),
(15, 1, 15, 1, '', 1, '2013-04-14 15:57:07', '2013-04-14 15:57:07', NULL),
(16, 1, 16, 1, '', 1, '2013-04-14 16:04:31', '2013-04-14 16:04:31', '2013-04-14 16:04:41'),
(17, 1, 9, 1, '', 1, '2013-08-06 18:58:10', '2013-12-18 21:21:44', NULL);

-- --------------------------------------------------------

--
-- Structure de la table `activity_category`
--

CREATE TABLE IF NOT EXISTS `activity_category` (
  `id` bigint(20) NOT NULL AUTO_INCREMENT,
  PRIMARY KEY (`id`)
) ENGINE=InnoDB  DEFAULT CHARSET=utf8 AUTO_INCREMENT=5 ;

--
-- Contenu de la table `activity_category`
--

INSERT INTO `activity_category` (`id`) VALUES
(1),
(2),
(3),
(4);

-- --------------------------------------------------------

--
-- Structure de la table `activity_category_language`
--

CREATE TABLE IF NOT EXISTS `activity_category_language` (
  `category_id` bigint(20) NOT NULL,
  `language_id` bigint(20) NOT NULL,
  `title` text NOT NULL,
  PRIMARY KEY (`category_id`,`language_id`),
  KEY `fk_categorylang_category` (`category_id`),
  KEY `fk_categorylang_lang` (`language_id`)
) ENGINE=InnoDB DEFAULT CHARSET=utf8;

--
-- Contenu de la table `activity_category_language`
--

INSERT INTO `activity_category_language` (`category_id`, `language_id`, `title`) VALUES
(1, 1, 'Hiver'),
(1, 2, 'ES Hiver'),
(1, 3, 'Winter'),
(1, 4, 'DE Hiver'),
(2, 1, 'Été'),
(2, 2, 'ES été'),
(2, 3, 'Summer'),
(2, 4, 'DE été'),
(3, 1, 'Restaurants'),
(3, 2, 'ES Resto'),
(3, 3, 'Restaurants'),
(3, 4, 'DE Resto'),
(4, 1, 'Autres'),
(4, 2, 'ES Autres'),
(4, 3, 'Others'),
(4, 4, 'DE Autres');

-- --------------------------------------------------------

--
-- Structure de la table `activity_illustration`
--

CREATE TABLE IF NOT EXISTS `activity_illustration` (
  `id` bigint(20) NOT NULL AUTO_INCREMENT,
  `activity_id` bigint(20) NOT NULL,
  `filename` text NOT NULL,
  `original_filename` text NOT NULL,
  `online` tinyint(4) NOT NULL,
  `position` bigint(20) NOT NULL,
  `date_add` datetime NOT NULL,
  `date_delete` datetime DEFAULT NULL,
  PRIMARY KEY (`id`),
  KEY `fk_activityillustration_activity` (`activity_id`)
) ENGINE=InnoDB  DEFAULT CHARSET=utf8 AUTO_INCREMENT=71 ;

--
-- Contenu de la table `activity_illustration`
--

INSERT INTO `activity_illustration` (`id`, `activity_id`, `filename`, `original_filename`, `online`, `position`, `date_add`, `date_delete`) VALUES
(2, 1, '50b0ce3d49302.jpeg', '175416_1789837661874_5110926_o.jpeg', 1, 0, '2012-11-24 02:40:13', '2012-12-30 01:50:02'),
(3, 1, '50b0ce5723d85.jpeg', '413843_3870151628423_606535435_o.jpeg', 1, 2, '2012-11-24 02:40:39', '2012-11-24 02:40:51'),
(4, 1, '50b0ce87d42c1.jpeg', '278460_2166851966996_4129011_o.jpeg', 1, 3, '2012-11-24 02:41:27', '2012-11-24 02:42:24'),
(5, 1, '50b0ce8e4d87c.jpeg', '69797_1604147659740_2207325_n.jpeg', 1, 0, '2012-11-24 02:41:34', '2012-12-30 01:50:04'),
(6, 2, '50b5066abb2a5.jpeg', '278460_2166851966996_4129011_o.jpeg', 1, 5, '2012-11-27 07:28:58', '2012-12-29 18:15:36'),
(7, 2, '50df28654af7a.png', 'Capture d’écran 2012-05-24 à 20.27.47.png', 1, 6, '2012-12-29 18:29:09', '2012-12-29 21:58:27'),
(8, 2, '50df287747064.png', 'Capture d’écran 2012-04-22 à 17.37.14.png', 1, 7, '2012-12-29 18:29:27', '2012-12-29 18:29:35'),
(9, 2, '50df2891e853b.png', 'Capture d’écran 2012-04-22 à 17.37.14.png', 1, 8, '2012-12-29 18:29:53', '2012-12-29 18:31:23'),
(10, 2, '50df28f4532cd.png', 'Capture d’écran 2012-04-22 à 17.37.14.png', 1, 9, '2012-12-29 18:31:32', '2012-12-29 18:31:36'),
(11, 2, '50df5af8c8710.jpg', 'maison.jpg', 1, 10, '2012-12-29 22:04:56', '2012-12-29 22:05:17'),
(12, 5, '50df8d7994469.jpg', 'maison.jpg', 1, 0, '2012-12-30 01:40:25', '2013-01-05 15:42:33'),
(13, 4, '50df8d857f90f.jpg', '488067_4397036480215_841331251_n.jpg', 1, 12, '2012-12-30 01:40:37', NULL),
(14, 3, '50df8d9520759.jpg', '3757254178.jpg', 1, 13, '2012-12-30 01:40:53', NULL),
(15, 5, '50e83bd3753ba.jpg', 'p.jpg', 1, 14, '2013-01-05 15:42:27', NULL),
(16, 5, '50e8598772b55.jpeg', 'affich.asp.jpeg', 1, 0, '2013-01-05 17:49:11', '2013-01-13 18:50:22'),
(17, 5, '50e859b216fee.jpg', 'pisteserre.jpg', 1, 16, '2013-01-05 17:49:54', NULL),
(18, 6, '50e8608e98450.jpg', '416659_372830189412363_1899896310_o bain jap 2.jpg', 1, 17, '2013-01-05 18:19:10', NULL),
(19, 6, '50e860ac70175.jpg', '706213_542906489071398_1144387135_o balnéa bain japonais.jpg', 1, 18, '2013-01-05 18:19:40', NULL),
(20, 6, '50e860cdd230c.jpg', 'balnea_lagune.jpg', 1, 19, '2013-01-05 18:20:13', NULL),
(21, 6, '50e860e4c9ac8.jpg', '43 site web.jpg', 1, 20, '2013-01-05 18:20:36', NULL),
(22, 7, '50e866dd9659f.jpg', 'jxq8z8.jpg', 1, 21, '2013-01-05 18:46:05', NULL),
(23, 8, '50f29bae6d383.jpg', 'ee2db87b522f1d052b0a15be673d665c  chiens de traineaux.jpg', 1, 0, '2013-01-13 12:34:06', '2013-04-08 18:48:58'),
(24, 8, '50f29c3d90fb6.jpg', 'mini_enfants_ane_pyrenees ânes.jpg', 1, 0, '2013-01-13 12:36:29', '2013-04-08 18:48:51'),
(25, 5, '50f2f3d7aa420.jpg', 'peyragudes photos.jpg', 1, 22, '2013-01-13 18:50:15', NULL),
(26, 5, '50f2f3f7edd9c.jpg', 'peyragudes vue aerienne.jpg', 1, 23, '2013-01-13 18:50:48', NULL),
(27, 5, '50f2f40f07543.jpg', 'peyragudes_piste.jpg', 1, 24, '2013-01-13 18:51:11', NULL),
(28, 9, '510ce1c824162.JPG', 'P1040576.JPG', 1, 26, '2013-02-02 10:52:08', NULL),
(29, 9, '510ce43d6eb95.jpg', 'P1040525 copie siteweb 2.jpg', 1, 27, '2013-02-02 11:02:37', NULL),
(30, 9, '510ce45bcc1f5.jpg', 'P1040548 copie siteweb 2.jpg', 1, 28, '2013-02-02 11:03:07', NULL),
(31, 9, '510ce60b5189a.jpg', 'Superbagn-res---Luchon-2009_3529.jpg', 1, 30, '2013-02-02 11:10:19', NULL),
(32, 9, '510ce62a1eaaf.jpg', 'Superbagn-res---Luchon-2009_3553.jpg', 1, 25, '2013-02-02 11:10:50', NULL),
(33, 9, '510ce63ea41c8.jpg', 'Superbagn-res---Luchon-2009_3578.jpg', 1, 31, '2013-02-02 11:11:10', NULL),
(34, 10, '510ec4eee0790.jpg', 'P1010755 copie siteweb2.jpg', 1, 33, '2013-02-03 21:13:34', NULL),
(35, 10, '510ec50eecad2.jpg', 'P1010777 copie siteweb2.jpg', 1, 34, '2013-02-03 21:14:06', NULL),
(36, 10, '510ec54227ff1.jpg', 'P1010829 copie siteweb2.jpg', 1, 35, '2013-02-03 21:14:58', NULL),
(37, 10, '510ec598878e6.jpg', 'P1050676 copie siteweb2.jpg', 1, 36, '2013-02-03 21:16:24', NULL),
(38, 10, '510ec61c83b55.jpg', 'P1050744 copie siteweb2.jpg', 1, 37, '2013-02-03 21:18:36', NULL),
(39, 10, '510ec64c884ba.jpg', 'P1050755 copie  siteweb2.jpg', 1, 40, '2013-02-03 21:19:24', NULL),
(40, 5, '5137a1ebc6036.JPG', 'IMG_0579.JPG', 1, 38, '2013-03-06 21:07:07', NULL),
(41, 5, '5137a20777761.JPG', 'IMG_0581.JPG', 1, 39, '2013-03-06 21:07:35', NULL),
(42, 5, '5137a2235599c.JPG', 'IMG_0585.JPG', 1, 41, '2013-03-06 21:08:03', NULL),
(43, 11, '51533d5323c3d.jpg', 'golf club de luchon.jpg', 1, 42, '2013-03-27 19:41:23', NULL),
(44, 12, '51533f974a03c.jpg', 'golf club de luchon.jpg', 1, 43, '2013-03-27 19:51:03', NULL),
(45, 12, '51533fbd1f0f5.jpg', 'P1000017 copie.jpg', 1, 44, '2013-03-27 19:51:41', NULL),
(46, 12, '51533fd4e22b8.jpg', 'P1000019 copie.jpg', 1, 45, '2013-03-27 19:52:04', NULL),
(47, 13, '5153479462afa.jpg', 'golf club de luchon.jpg', 1, 46, '2013-03-27 20:25:08', NULL),
(48, 13, '515347a55d038.jpg', 'P1000017 copie.jpg', 1, 48, '2013-03-27 20:25:25', NULL),
(49, 13, '515347be12f8c.jpg', 'P1000019 copie.jpg', 1, 49, '2013-03-27 20:25:50', NULL),
(50, 14, '5154892f51cde.jpg', 'DR340  avion luchon.jpg', 1, 51, '2013-03-28 19:17:19', NULL),
(51, 14, '5154894784ef7.jpg', 'LacOo2  en avion.jpg', 1, 54, '2013-03-28 19:17:43', NULL),
(52, 14, '515489b8f2450.jpg', 'S0310105.jpg', 1, 55, '2013-03-28 19:19:37', NULL),
(53, 6, '5155f70254913.jpg', 'bien_etre_centres_thermoludiques_034116img_747x500.jpg', 1, 56, '2013-03-29 21:18:10', NULL),
(54, 6, '5155f75bdbc33.jpg', 'thermes-luchon1.jpg', 1, 57, '2013-03-29 21:19:39', NULL),
(55, 6, '5155f7994ed49.jpg', 'vaporarium-luchon-.jpg', 1, 59, '2013-03-29 21:20:41', NULL),
(56, 6, '5155f7d228b25.jpg', 'télé japonaise à Balnéa.jpg', 1, 60, '2013-03-29 21:21:38', NULL),
(57, 8, '5162eecd260d2.png', 'logo_head.png', 1, 53, '2013-04-08 18:22:37', NULL),
(58, 8, '5162eeeb12773.jpg', '111001loup4.jpg', 1, 0, '2013-04-08 18:23:07', '2013-08-20 21:14:10'),
(59, 8, '5162f47446af0.jpg', '175917bouquetin.jpg', 1, 0, '2013-04-08 18:46:44', '2013-08-20 21:14:20'),
(60, 8, '5162f5161f765.jpg', 'chien de traineau.jpg', 1, 52, '2013-04-08 18:49:26', NULL),
(61, 8, '5162f554ae521.jpg', 'mini_enfants_ane_pyrenees ânes.jpg', 1, 0, '2013-04-08 18:50:28', '2013-04-08 18:50:52'),
(62, 8, '5162f566e4618.jpg', 'ee2db87b522f1d052b0a15be673d665c  chiens de traineaux.jpg', 1, 47, '2013-04-08 18:50:46', NULL),
(63, 8, '5162f57e3c25d.jpg', 'mini_enfants_ane_pyrenees ânes.jpg', 1, 64, '2013-04-08 18:51:10', NULL),
(64, 8, '5162f5a291577.jpg', '440_04.jpg', 1, 66, '2013-04-08 18:51:46', NULL),
(65, 8, '517037e563c1d.JPG', 'IMG_0717.JPG', 1, 58, '2013-04-18 20:13:57', NULL),
(66, 10, '519b795802405.jpg', 'P1000699 copie site web 2.jpg', 1, 62, '2013-05-21 15:40:40', NULL),
(67, 17, '52012e0fd659b.jpg', 'hydrospeed-2.jpg', 1, 68, '2013-08-06 19:10:39', NULL),
(68, 17, '52012e1f2ac87.jpg', 'BATEAU-bateau-PAGAIE-GARONNE-garonne.jpg', 1, 67, '2013-08-06 19:10:55', NULL),
(69, 9, '5211ec92729e8.jpg', '903758_437898196302928_1972324247_o vtt.jpg', 1, 65, '2013-08-19 11:59:46', NULL),
(70, 8, '5213bff4c1df9.jpg', 'ferrata.jpg', 1, 69, '2013-08-20 21:13:56', NULL);

-- --------------------------------------------------------

--
-- Structure de la table `activity_language`
--

CREATE TABLE IF NOT EXISTS `activity_language` (
  `activity_id` bigint(20) NOT NULL,
  `language_id` bigint(20) NOT NULL,
  `title` text,
  `content` text,
  `link` text,
  PRIMARY KEY (`activity_id`,`language_id`),
  KEY `fk_actilang_acti` (`activity_id`),
  KEY `fk_actilang_lang` (`language_id`)
) ENGINE=InnoDB DEFAULT CHARSET=utf8;

--
-- Contenu de la table `activity_language`
--

INSERT INTO `activity_language` (`activity_id`, `language_id`, `title`, `content`, `link`) VALUES
(1, 1, 'Test', '<u><i><b>Test</b></i></u><br>', ''),
(1, 2, '', '<br>', ''),
(1, 3, '', '<br>', ''),
(1, 4, '', '<br>', ''),
(2, 1, 'Test 2', 'sdfghj<br>', ''),
(2, 2, '', '<br>', ''),
(2, 3, '', '<br>', ''),
(2, 4, '', '<br>', ''),
(3, 1, 'Ceci n''est pas un titre habituel papi', '<br>', ''),
(3, 2, '', '<br>', ''),
(3, 3, '', '<br>', ''),
(3, 4, '', '<br>', ''),
(4, 1, 'nouvelle news', '<br>', ''),
(4, 2, '', '<br>', ''),
(4, 3, '', '<br>', ''),
(4, 4, '', '<br>', ''),
(5, 1, 'SKI ', 'Deux très belles stations de ski alpin à proximité de notre <b>chalet Etch Soulet</b> et de notre <b>maison d''Hôtes Au delà du Temps<br></b><br><ul><li>\r\n<b>station de</b> <b>ski de Peyragudes</b> : <a target="_blank" title="" href="http://www.peyragudes.com"><b>http://www.peyragudes.com&nbsp;</b></a></li></ul><br><ul><li><b>&nbsp;station de</b> <b>ski de Superbagnères </b>: <a target="_blank" title="" href="http://www.luchon-superbagneres.com">http://www.luchon-superbagneres.com&nbsp; </a><br></li></ul><p><br></p>et pour vos locations de matériel de ski à <b>Peyresourde</b>, nous vous conseillons: <br><br><ul><li><b>Sarrat Sport:</b>\r\n\r\n    <a target="_blank" title="" href="http://www.ski-peyragudes.com"><b>http://www.ski-peyragudes.com</b></a></li></ul><p><br></p><p>Pour les amoureux de<b> ski de Fond et/ou ballades en raquettes </b>dans un espace sécurisé, nous vous conseillons:</p><ul><li><b>station de ski de Nistos</b>, à seulement une petite heure de <b>Bagnères de Luchon </b>( 58 kms): <a target="_blank" title="" href="http://www.neste-nistos.com/ski/">http://www.neste-nistos.com/ski/</a></li></ul><br><br>', ''),
(5, 2, 'Esqui', '<span class="transpan"><span style="background-color: white;" id="tran0">Dos\r\n estaciones muy bellas de esquí alpino cerca de nuestro chalé "\r\n Etch Soulet " y de nuestra casa de Huéspedes " Más allá del Tiempo ":</span><br><br><span style="background-color: white;" id="tran1">    Estación de Peyragudes: </span></span><span class="transpan"><b>http://www.peyragudes.com/es/invierno/index.html</b><br><span style="background-color: white;" id="tran2">     Estación de Superbagnères:</span></span><span class="transpan"><b>http://es.luchon-superbagneres.com/</b><br><br><span style="background-color: white;" id="tran3">Y para sus alquileres de material de esquí en Peyresourde, le aconsejamos:</span><br><br><span style="background-color: white;" id="tran4">    Sarrat Sport:<a target="_blank" title="" href="http://www.ski-peyragudes.com/index.php?lang=es"><b>http://www.ski-peyragudes.com/index.php?lang=es</b></a><br><br><br></span><span style="background-color: white;" id="tran5">Para los enamorados de esquí de fondo yo baladas en raquetas en un espacio seguro, le aconsejamos:</span><br><br><span style="background-color: white;" id="tran6">    La Estación de Nistos, solamente a una horita de Luchon (58 km):</span></span><a target="_blank" title="" href="http://www.neste-nistos.com/ski/">http://www.neste-nistos.com/ski/</a>', ''),
(5, 3, 'Skiing', '<p>Two nice&nbsp; station for Alpine''s skiing, near the chalet&nbsp; and our guest house <br></p>\r\n\r\n    <br><ul><li>\r\n    Station de Peyragudes : <a target="_blank" title="" href="http://www.peyragudes.com"><b>http://www.peyragudes.com&nbsp;</b></a></li></ul><br><ul><li>&nbsp;Station de Superbagnères : <a target="_blank" title="" href="http://www.luchon.com"><b>http://www.luchon.com&nbsp; </b></a><br></li></ul><p><br></p>For rental skis:<br><br><ul><li>Sarrat Sport\r\n\r\n    <a target="_blank" title="" href="http://www.ski-peyragudes.com"><b>http://www.ski-peyragudes.com</b></a></li></ul><p><br></p><p>For the lovers of <b>cross-country skiing</b> and/or ballads in racket&nbsp; in a secure space, we advise to you:<br></p><ul><li>&nbsp;<b>Nistos station</b>, near Luchon (58 kms): <a target="_blank" title="" href="http://www.neste-nistos.com/ski/">http://www.neste-nistos.com/ski/</a></li></ul>', ''),
(5, 4, '', '<br>', ''),
(6, 1, 'Détente - Spa - Balnéo', '<ul><li><a target="_blank" title="" href="http://www.balnea.fr">centre thermoludique de Balnéothérapie  BALNEA</a> à <b>loudenvielle</b> est le lieu idéal pour les petits et les grands. <br></li></ul>Situé à 15 minutes de notre chalet ou&nbsp; à 30 minutes de notre maison \r\nd''Hôtes.<br><br><ul><li><a target="_blank" title="" href="http://www.luchon-bien-etre.fr">A bagnères de Luchon</a><b><a target="_blank" title="" href="http://www.luchon-bien-etre.fr">,</a><a target="_blank" title="" href="http://www.luchon-bien-etre.fr"> LUCHON FORME &amp; BIEN ETRE</a>&nbsp;</b><b>, à 500 mètres à pied de notre maison d''Hôtes</b></li></ul><span style="color: rgb(0, 0, 0);">Lieu unique: <strong>le Vaporarium </strong>( hamman naturel unique en Europe )</span><br><br><span style="color: rgb(0, 0, 0);"><b>Remise en forme ou séjour\r\n de santé</b>, c’est le principe de « l’espace thermal » de Bagnères de Luchon, ville \r\nsanté. <br>Les « soins à la personne » y trouvent toute leur place, et sont \r\nconçus en s''appuyant sur nos 2 espaces - <b>Vitaline</b>® et/ou <b>Sourcéa</b>® - qui \r\nnous permettent de décliner des offres comme : <b>anti-stress, détente</b></span><span style="color: rgb(128, 0, 0);"><strong><br>\r\n    </strong></span><br>', ''),
(6, 2, '', '<br>', ''),
(6, 3, 'Spa - Balneo', '<span class="transpan"><span style="background-color: white;" id="tran0">Relaxation - Spa - Balneotherapy</span><br><br><span style="background-color: white;" id="tran1">     The thermoludique center of Balneotherapy <a target="_blank" title="" href="http://www.balnea.fr">BALNEA</a> is the ideal place for youngs and big.</span><br><br><span style="background-color: white;" id="tran2">Situated\r\n in 15 minutes of our chalet or in 30 minutes of our hosts'' house, the \r\nother one quoted(esteemed) by the collar of PEYRESOURDE in the \r\nvalley Louron.</span><br><br><span style="background-color: white;" id="tran3">    In bagnères of Luchon, </span></span><span class="transpan"><span style="background-color: white;" id="tran3"><b><a target="_blank" title="" href="http://www.luchon-bien-etre.fr">LUCHON FORME &amp; BIEN ETRE</a></b>, in 500 meters on foot of our hosts'' house</span><br><br><span style="background-color: white;" id="tran4">Unique place: Vaporarium (hamman unique nature in Europe)</span><br><span style="background-color: white;" id="tran5">The\r\n fitness or the stays of health, it is the principle of " the thermal \r\nspace " of Luchon, city health. The " care to the person " find all \r\ntheir place(square) there, and are conceived(designed) by leaning on our\r\n 2 spaces - Vitaline ® and/or Sourcéa ® - who allow us to decline offers\r\n as: anti-stress, relaxation</span></span>', ''),
(6, 4, '', '<br>', ''),
(7, 1, 'Restauration', '<div style="float : left; padding : 0px 10px 0px 0px;"><img src="http://www.gite-luchon.com/fr/images/activite/activite4.jpg" height="179" width="232"></div><span style="color: rgb(0, 0, 0);"><b>Bien manger et être bien reçu pour passer un agréable moment !<br></b><br>Notre <b>coup de coeur</b> en Espagne à <b>Bossost</b> (20 minutes de Luchon)<strong><br><br>Restaurant <a target="_blank" title="" href="http://www.eroccitan.com/fr/">ER OCCITAN </a>: </strong>une pure merveille à ne pas manquer<br><br>tél: 00 34 973 64 73 66<strong><br></strong></span><br>\r\n<p style="text-align: right;"><br><strong></strong></p><p style="text-align: right;"><br><strong></strong></p><p style="text-align: right;"><br><strong></strong></p><p style="text-align: right;"><strong><br></strong></p>\r\n<p><b><span style="color: rgb(0, 0, 0);">A Bagnères de Luchon :</span></b></p><p><b><span style="color: rgb(0, 0, 0);"><br></span></b></p>\r\n<ul><li><span style="color: rgb(0, 0, 0);"><strong><a target="_blank" title="" href="http://www.hotel-larencluse.com">Restaurant La Rencluse</a><em> </em></strong>à\r\n deux pas de chez nous: cuisine traditionnelle et accueil vraiment très \r\nagréable Un très bon rapport qualité prix.&nbsp;&nbsp; tél: 05 61 79 02 81</span></li></ul><span style="color: rgb(0, 0, 0);"><br></span><ul><li><span style="color: rgb(0, 0, 0);"><a target="_blank" title="" href="http://www.luchon-restaurant.com"><strong>Restaurant&nbsp;</strong><em><strong></strong></em></a><strong><a target="_blank" title="" href="http://www.luchon-restaurant.com">Le Baluchon</a><em>:</em></strong><em><strong></strong></em><strong>&nbsp; </strong>belle cuisine imaginative et délicate, belle présentation. tél: 05 61 88 91 28</span></li></ul><span style="color: rgb(0, 0, 0);"><br></span><br><span style="color: rgb(0, 0, 0);"></span><ul><li><b><a target="_blank" title="" href="http://arbesquens.free.fr/guppy/http://">Restaurant L''arbesquens :</a> </b>Bonne humeur assurée!&nbsp; fondues , raclettes, spécialités montagnardes 05 61 79 33 69 <b><br></b></li></ul><b><br></b><br><b><br></b><ul><li><span style="color: rgb(0, 0, 0);"><strong> Pizzeria Lou Pountet<em>,</em> </strong>bonne humeur et pizzas délicieuses (" la montagnarde" , une pure merveille !) tél: 05 61 94 32 32 <br></span></li></ul><p><br></p><ul><li><span style="color: rgb(0, 0, 0);"><strong> Restaurant<em> </em>L''Atlas </strong>( spécialité marocaines) Plats à Emporter idéal pour le chalet si vous cherchez un traiteur  bon et pas cher.Tél: 05 61 95 31 10&nbsp; Prés de la Halle au Marché - Bagnères de Luchon</span></li></ul><br>', ''),
(7, 2, '', '<br>', ''),
(7, 3, 'Restaurants', '<br>', ''),
(7, 4, '', '<br>', ''),
(8, 1, 'Idées Originales autour de Luchon', '<ul><li><a target="_blank" title="" href="http://www.sherpa-chien-traineau.fr/">Ballades en Chiens de Traineaux -&nbsp; cliquer pour aller vers&nbsp; le site</a></li></ul><p><br></p><ul><li><a target="_blank" title="" href="http://randoanoueil.free.fr/randonnees_avec_anes.php">Ballade en ânes - cliquer pour aller sur le site</a></li></ul><p><br></p><ul><li><a target="_blank" title="" href="http://www.aran-park.com/">Parc Animalier du Val d''Aran - cliquer pour aller vers le site</a>&nbsp; à deux pas de notre maison d''Hôtes</li></ul><p><br></p><ul><li><a target="_blank" title="" href="http://http://www.visitvaldaran.com/fr/que-hacer/turismo-activo/item/2464-via-ferrata-de-les">Via Ferrata en Val D''Aran</a> ( Lés) à 20 km de Luchon<br></li></ul><p><br></p><ul><li><a target="_blank" title="" href="http://www.pyrenees-ho.com/">Parc d''Aventure enfants-ados-adultes- cliquer pour aller vers le site Pyrénées - Hô<br></a></li></ul><p><br></p>', ''),
(8, 2, '', '<br>', ''),
(8, 3, 'Original activities around Luchon', '<ul><li><a target="_blank" title="" href="http://www.sherpa-chien-traineau.fr/">Ballades en Chiens de Traineaux -&nbsp; cliquer pour aller vers&nbsp; le site</a></li></ul><p><br></p><ul><li><a target="_blank" title="" href="http://randoanoueil.free.fr/randonnees_avec_anes.php">Ballade en ânes - cliquer pour aller sur le site</a></li></ul><p><br></p><ul><li><a target="_blank" title="" href="http://www.aran-park.com/">Parc Animalier du Val d''Aran - cliquer pour aller vers le site</a>&nbsp; à deux pas de notre maison d''Hôtes</li></ul><p><br></p><ul><li><a target="_blank" title="" href="http://www.pyrenees-ho.com/">Parc d''Aventure enfants-ados-adultes- cliquer pour aller vers le site</a></li></ul>', ''),
(8, 4, '', '<br>', ''),
(9, 1, 'Cyclisme / VTT', 'Lieu mythique du <b>cyclisme pyrénéen</b>, Bagnères de Luchon offre avec tous <b>les Cols</b> qui l''entourent un cadre idéal pour le cyclisme.<br><b>Col de Peyresourde, Col de Menté, Col du portillon, Port de Balès</b>, etc....<br><br>Presque chaque année, <a target="_blank" title="le tour de france" href="http://www.letour.fr/indexTDF_fr.html">le Tour de France</a> passe ici.<br><br>Les stations de<b> Superbagnères </b>et de<b> Peyresourde</b> sont dès que les beaux jours reviennent,&nbsp; les lieux de magnifiques ballades en <a target="_blank" title="" href="http://www.vttour.fr/topos/port-de-venasque,380.html">Vtt.</a><br>', ''),
(9, 2, '', '<br>', ''),
(9, 3, 'Mountain bike / Tour de France', '<br>', ''),
(9, 4, '', '<br>', ''),
(10, 1, 'Randonnées', '<br>Plusieurs guides de<b> randonnées</b> propres à <b>Bagnères de Luchon</b> dans les Pyrénées.<br><br><u><a target="_blank" title="" href="http://www.youtube.com/watch?v=nR72HTV5X5M&amp;feature=youtu.be&amp;noredirect=1">Vidéo : Le Site des grands sites</a> </u>de Midi Pyrénées dédié à Luchon <br><br>Le<b> guide</b> très complet de <u><a target="_blank" title="" href="http://bernard.bohn.pagesperso-orange.fr/html/Luchon.htm">Bernard Bohn</a></u><br><a target="_blank" title="" href="http://http://balladesfaciles.free.fr/accueil_luchon_366.htm"><br><u>Ballades faciles</u></a> <u><a target="_blank" title="" href="http://balladesfaciles.free.fr/">réalisé par un couple de sexagénaires !</a></u><br><br><u><a target="_blank" title="" href="http://www.lacsdespyrenees.com/vallee-bagneres-de-luchon.html?id_vallee=Luchon">les Lacs des Pyrénées</a></u><br><br><u><a target="_blank" title="" href="http://www.lafloredespyrenees.fr/botanistesbis.html">Pour les botanistes</a></u><br><br>', ''),
(10, 2, '', '<b>Plusieurs guides de randonnées vers les massifs Luchonais:</b><br><br><u><a target="_blank" title="" href="http://www.youtube.com/watch?v=nR72HTV5X5M&amp;feature=youtu.be&amp;noredirect=1">Vidéo : Le Site des grands sites</a> </u>de Midi Pyrénées dédié à Luchon <br><br><b>Le guide très complet de</b> <u><a target="_blank" title="" href="http://bernard.bohn.pagesperso-orange.fr/html/Luchon.htm">Bernard Bohn</a></u><br><a target="_blank" title="" href="http://http://balladesfaciles.free.fr/accueil_luchon_366.htm"><br><u>Ballades faciles</u></a> <u><a target="_blank" title="" href="http://balladesfaciles.free.fr/">réalisé par un couple de sexagénaires !</a></u><br><br><u><a target="_blank" title="" href="http://www.lacsdespyrenees.com/vallee-bagneres-de-luchon.html?id_vallee=Luchon">Plus spécialisé sur les Lacs des Pyrénées</a></u><br><br><u><a target="_blank" title="" href="http://www.lafloredespyrenees.fr/botanistesbis.html">Pour les botanistes</a></u><br><br>', ''),
(10, 3, 'Hiking', '<b>Plusieurs guides de randonnées vers les massifs Luchonais:</b><br><br><u><a target="_blank" title="" href="http://www.youtube.com/watch?v=nR72HTV5X5M&amp;feature=youtu.be&amp;noredirect=1">Vidéo : Le Site des grands sites</a> </u>de Midi Pyrénées dédié à Luchon <br><br><b>Le guide très complet de</b> <u><a target="_blank" title="" href="http://bernard.bohn.pagesperso-orange.fr/html/Luchon.htm">Bernard Bohn</a></u><br><a target="_blank" title="" href="http://http://balladesfaciles.free.fr/accueil_luchon_366.htm"><br><u>Ballades faciles</u></a> <u><a target="_blank" title="" href="http://balladesfaciles.free.fr/">réalisé par un couple de sexagénaires !</a></u><br><br><u><a target="_blank" title="" href="http://www.lacsdespyrenees.com/vallee-bagneres-de-luchon.html?id_vallee=Luchon">Plus spécialisé sur les Lacs des Pyrénées</a></u><br><br><u><a target="_blank" title="" href="http://www.lafloredespyrenees.fr/botanistesbis.html">Pour les botanistes</a></u>', ''),
(10, 4, '', '<br>', ''),
(11, 1, 'Golf à Luchon', '<font color="#FFFFFF" size="2"><font face="Arial">A 600 mètres du \r\n			centre ville, dans un cadre magnifique, au pied du Vénasque, venez\r\n			<br>\r\n			profiter du charme de ce parcours à l''ancienne crée en 1908 \r\n			présentant des trous <br>\r\n			courts mais techniques, très bien dessinés dans le vallée \r\n			luchonnaise. <br>\r\n			Golf de 9 trous (3 trous ont des départs doublés, ce qui permet de \r\n			pouvoir faire 18 trous variés<br>\r\n			</font><b><font face="Arial">Ouvert du 1er Avril au 31 Octobre.</font></b></font>', ''),
(11, 2, '', '<br>', ''),
(11, 3, '', '<br>', ''),
(11, 4, '', '<br>', ''),
(12, 1, 'GOLF ', '<a target="_blank" title="" href="http://http://www.golf-luchon.net/"><b>GOLF DE LUCHON</b></a><br><br>A 600 mètres du centre ville de Bagnères de Luchon , dans un cadre magnifique, au pied du Vénasque, venez profitez du charme de ce parcours à l''ancienne crée en 1908 présentant des trous courts mais techniques, trés bien dessinés dans la vallée Luchonnaise. <b>Golf de neuf trous</b> ( Trois ont des départs doublés ce qui permet de faire 18 trous variés).<br><br><b>Ouvert du 01 Avril au 31 Octobre.</b><br>', ''),
(12, 2, '', '<br>', ''),
(12, 3, '', '<br>', ''),
(12, 4, '', '<br>', ''),
(13, 1, 'GOLF à Luchon', '<a target="_blank" title="" href="http://www.golf-luchon.net">Golf de LUCHON</a> à 600 mètres du centre ville de <b>Bagnères de Luchon</b>, dans un cadre \r\nmagnifique, au pied du<b> Vénasque</b>, venez profitez du charme de ce parcours\r\n à l''ancienne crée en 1908 présentant des trous courts mais techniques, \r\ntrès bien dessinés dans la vallée Luchonnaise. <b>Golf de neuf trous</b> (Trois ont des départs doublés ce qui permet de faire 18 trous variés).<br><br>Ouvert du 01 Avril au 31 Octobre.', ''),
(13, 2, '', '<br>', ''),
(13, 3, 'Golf', '<br>', ''),
(13, 4, '', '<br>', ''),
(14, 1, 'Découverte des Pyrénées en avion de Tourisme', '<a target="_blank" title="" href="http://aeroluchon.fr/">Club d''Aviation de Luchon</a><br><br>Vol d''Initiation:<br><br><p>Vous êtes de passage à <b>Bagnères de Luchon</b> ou vous y habitez, vous trouvez la \r\nrégion belle ... Notre club offre une qualité et un cadre privilégié à \r\ntous ceux qui désirent s''initier à l''aviation légère, se former au \r\npilotage ou pratiquer leur activité favorite en toute convivialité et \r\ndans les meilleures conditions de sécurité.</p>\r\n<p>Peut-être n''êtes vous jamais monté en avion ou alors uniquement à \r\nbord des avions de transport tels que les "<b>Airbus</b>", ou autres "Boeing". \r\nAlors, laissez vous tenter et venez à l''aéroclub pour faire un vol \r\nd’initiation (baptême de l''air) en avion ou en planeur. vous découvrirez\r\n un aspect de l''aviation radicalement différent, vraiment vécu à cent \r\npour cent, au<b> cœur des Pyrénées</b>.<br></p>\r\n<p>Ce "vol d’initiation", peut aussi être une idée de cadeau bien \r\noriginal que vous ferez à vos amis pour fêter un anniversaire, un \r\nmariage, une réussite à un examen. Une expérience inoubliable… Un cadeau\r\n qui les enchantera et restera gravé à jamais dans leur mémoire</p><br>', ''),
(14, 2, '', '<br>', ''),
(14, 3, 'Pyrenees discovery by plane', '<br>', ''),
(14, 4, '', '<br>', ''),
(16, 1, 'zef', 'efz', ''),
(16, 2, '', '<br>', ''),
(16, 3, '', '<br>', ''),
(16, 4, '', '<br>', ''),
(17, 1, 'Rafting - Canyoning - Hydrospeed', '<a target="_blank" title="" href="http://www.h2o-vives.com">H2O à Bagnères de Luchon</a><br>', ''),
(17, 2, '', '<br>', ''),
(17, 3, '', '<br>', ''),
(17, 4, '', '<br>', '');

-- --------------------------------------------------------

--
-- Structure de la table `cms_caroussel_element`
--

CREATE TABLE IF NOT EXISTS `cms_caroussel_element` (
  `id` bigint(20) NOT NULL AUTO_INCREMENT,
  `filename` text NOT NULL,
  `original_filename` text NOT NULL,
  `mime_type` text NOT NULL,
  `size` int(11) NOT NULL,
  `online` tinyint(1) NOT NULL DEFAULT '1',
  `position` int(11) NOT NULL,
  `link` text,
  `date_add` datetime NOT NULL,
  `date_update` datetime NOT NULL,
  `date_delete` datetime DEFAULT NULL,
  PRIMARY KEY (`id`)
) ENGINE=InnoDB  DEFAULT CHARSET=utf8 AUTO_INCREMENT=98 ;

--
-- Contenu de la table `cms_caroussel_element`
--

INSERT INTO `cms_caroussel_element` (`id`, `filename`, `original_filename`, `mime_type`, `size`, `online`, `position`, `link`, `date_add`, `date_update`, `date_delete`) VALUES
(1, '50b0b71d4b629.jpeg', '69797_1604147659740_2207325_n.jpeg', 'image/jpeg', 144701, 0, 0, NULL, '2012-11-24 01:01:33', '2012-11-24 01:01:33', '2012-12-29 22:13:33'),
(2, '50b0b71d4be29.jpeg', '175416_1789837661874_5110926_o.jpeg', 'image/jpeg', 294064, 0, 0, NULL, '2012-11-24 01:01:33', '2012-11-24 01:01:33', '2012-12-30 17:04:27'),
(3, '50b0b71d4c279.jpeg', '278460_2166851966996_4129011_o.jpeg', 'image/jpeg', 668515, 0, 0, NULL, '2012-11-24 01:01:33', '2012-11-24 01:01:33', '2012-12-30 17:04:15'),
(4, '50b0b71d4c63a.jpeg', '413843_3870151628423_606535435_o.jpeg', 'image/jpeg', 868862, 0, 0, NULL, '2012-11-24 01:01:33', '2012-11-24 01:01:33', '2013-04-29 09:45:11'),
(5, '50cce51283bcd.jpg', 'contact.jpg', 'image/jpeg', 447588, 0, 0, NULL, '2012-12-15 10:01:06', '2012-12-15 10:01:06', '2012-12-30 16:55:18'),
(6, '50e063dc64dd8.JPG', 'IMG_0192.JPG', 'image/jpeg', 831826, 0, 0, NULL, '2012-12-30 16:55:08', '2012-12-30 16:55:08', '2013-01-06 09:30:49'),
(7, '50e0641a4d8c0.JPG', 'IMG_0046.JPG', 'image/jpeg', 1269451, 0, 0, NULL, '2012-12-30 16:56:10', '2012-12-30 16:56:10', '2012-12-30 17:04:50'),
(8, '50e0644e5953a.JPG', 'IMG_0087.JPG', 'image/jpeg', 1400522, 0, 0, NULL, '2012-12-30 16:57:02', '2012-12-30 16:57:02', '2013-01-03 17:00:38'),
(9, '50e064921ca1b.jpg', 'IMG_1766 copie pour alec 1.jpg', 'image/jpeg', 327445, 0, 0, NULL, '2012-12-30 16:58:10', '2012-12-30 16:58:10', '2013-04-25 11:56:35'),
(10, '50e0649225749.jpg', 'P1030264_redimensionner copie pour alec 1.jpg', 'image/jpeg', 340755, 0, 0, NULL, '2012-12-30 16:58:10', '2012-12-30 16:58:10', '2013-01-06 09:23:33'),
(11, '50e0650e2dccd.jpg', 'P1050264 copie booking.com.jpg', 'image/jpeg', 501707, 0, 0, NULL, '2012-12-30 17:00:14', '2012-12-30 17:00:14', '2013-02-03 23:20:16'),
(12, '50e06638b4a2b.jpg', 'IMG_0349 copie booking.com.jpg', 'image/jpeg', 374736, 0, 0, NULL, '2012-12-30 17:05:12', '2012-12-30 17:05:12', '2012-12-30 17:05:22'),
(13, '50e066abcf51c.jpg', 'P1060077 copie.jpg', 'image/jpeg', 473114, 0, 0, NULL, '2012-12-30 17:07:07', '2012-12-30 17:07:07', '2013-04-25 11:57:23'),
(14, '50e0673389968.jpg', 'P1060070 copie.jpg', 'image/jpeg', 556164, 0, 0, NULL, '2012-12-30 17:09:23', '2012-12-30 17:09:23', '2013-01-06 10:02:11'),
(15, '50e067339b3bc.JPG', 'IMG_0378.JPG', 'image/jpeg', 1106948, 0, 0, NULL, '2012-12-30 17:09:23', '2012-12-30 17:09:23', '2013-01-03 17:00:22'),
(16, '50e5ab658d342.jpg', 'P1030324 copie.jpg', 'image/jpeg', 1225953, 0, 0, NULL, '2013-01-03 17:01:41', '2013-01-03 17:01:41', '2013-01-12 20:13:08'),
(17, '50e93254d1fb1.jpg', 'P1000695 copie sitweb2.jpg', 'image/jpeg', 1321353, 0, 0, NULL, '2013-01-06 09:14:12', '2013-01-06 09:14:12', '2013-01-06 10:01:54'),
(18, '50e9328ec61f6.jpg', 'P1000702 copie  site web 2.jpg', 'image/jpeg', 1857662, 0, 0, NULL, '2013-01-06 09:15:10', '2013-01-06 09:15:10', '2013-02-05 00:25:05'),
(19, '50e9342d0a4ad.jpg', 'P1050431 copie siteweb2.jpg', 'image/jpeg', 1279435, 0, 0, NULL, '2013-01-06 09:22:05', '2013-01-06 09:22:05', '2013-04-25 11:57:32'),
(20, '50e9357164b89.jpg', 'P1050534 copie siteweb2.jpg', 'image/jpeg', 1445997, 0, 0, NULL, '2013-01-06 09:27:29', '2013-01-06 09:27:29', '2013-05-17 21:55:01'),
(21, '50e935a34357e.jpg', 'P1050534 copie siteweb2.jpg', 'image/jpeg', 1445997, 0, 0, NULL, '2013-01-06 09:28:19', '2013-01-06 09:28:19', '2013-01-06 09:28:48'),
(22, '50e93796cae94.jpg', 'P1020664 copie siteweb2.jpg', 'image/jpeg', 1268574, 0, 0, NULL, '2013-01-06 09:36:38', '2013-01-06 09:36:38', '2013-04-25 11:57:17'),
(23, '50f1b583df3f2.jpg', 'P1030325 copie siteweb2.jpg', 'image/jpeg', 1609674, 0, 0, NULL, '2013-01-12 20:12:03', '2013-01-12 20:12:03', '2013-01-29 19:54:21'),
(24, '50f1b6430688e.jpg', 'P1040253 copie site web 2.jpg', 'image/jpeg', 1533396, 0, 0, NULL, '2013-01-12 20:15:15', '2013-01-12 20:15:15', '2013-04-04 19:31:16'),
(25, '51081b1924316.JPG', 'IMG_0531.JPG', 'image/jpeg', 1333885, 0, 0, NULL, '2013-01-29 19:55:21', '2013-01-29 19:55:21', '2013-04-04 19:29:24'),
(26, '51081cd615df9.jpg', 'P1030427 copie.jpg', 'image/jpeg', 1410796, 0, 0, NULL, '2013-01-29 20:02:46', '2013-01-29 20:02:46', '2013-04-25 11:57:02'),
(27, '510ee2094c82e.JPG', 'P1000907_redimensionner.JPG', 'image/jpeg', 396487, 0, 0, NULL, '2013-02-03 23:17:45', '2013-02-03 23:17:45', '2013-04-25 11:58:14'),
(28, '510ee2e1ec1ee.jpg', 'P1040940 copie 2 pour site web.jpg', 'image/jpeg', 56264, 0, 0, NULL, '2013-02-03 23:21:21', '2013-02-03 23:21:21', '2013-04-20 09:59:48'),
(29, '510ee98841d0f.jpg', 'P1010297 copie siteweb 2.jpg', 'image/jpeg', 1877607, 0, 0, NULL, '2013-02-03 23:49:44', '2013-02-03 23:49:44', '2013-05-11 14:33:18'),
(30, '5110411513005.jpg', 'P1040898 copie site web 2.jpg', 'image/jpeg', 1270715, 0, 0, NULL, '2013-02-05 00:15:33', '2013-02-05 00:15:33', '2013-04-25 11:58:40'),
(31, '5110433b3f5db.jpg', 'P1010659_redimensionner.jpg', 'image/jpeg', 269589, 0, 0, NULL, '2013-02-05 00:24:43', '2013-02-05 00:24:43', '2013-03-29 16:12:07'),
(32, '5110439877064.jpg', 'IMG_0349 copie booking.com.jpg', 'image/jpeg', 374736, 0, 0, NULL, '2013-02-05 00:26:16', '2013-02-05 00:26:16', '2013-02-05 00:27:40'),
(33, '5110bab8d8190.jpg', 'P1010777 copie siteweb2.jpg', 'image/jpeg', 1191432, 0, 0, NULL, '2013-02-05 08:54:32', '2013-02-05 08:54:32', '2013-04-25 11:58:46'),
(34, '5155aec45f355.JPG', 'P1010430_redimensionner.JPG', 'image/jpeg', 443068, 0, 0, NULL, '2013-03-29 16:09:56', '2013-03-29 16:09:56', '2013-04-25 11:57:09'),
(35, '5155af19bd7fb.JPG', 'P1020102_redimensionner.JPG', 'image/jpeg', 498958, 0, 0, NULL, '2013-03-29 16:11:21', '2013-03-29 16:11:21', '2013-04-25 11:57:45'),
(36, '5155b3189174e.JPG', 'IMG_0081.JPG', 'image/jpeg', 1081051, 0, 0, NULL, '2013-03-29 16:28:24', '2013-03-29 16:28:24', '2013-10-06 14:32:34'),
(37, '5155f524d5cde.jpg', 'P1030306 copie.jpg', 'image/jpeg', 1102611, 0, 0, NULL, '2013-03-29 21:10:12', '2013-03-29 21:10:12', '2013-04-25 11:57:51'),
(38, '51571987d76e4.jpg', 'IMG_1754 copie.jpg', 'image/jpeg', 480893, 0, 0, NULL, '2013-03-30 17:57:43', '2013-03-30 17:57:43', '2013-04-20 09:45:26'),
(39, '515d6afa66916.JPG', 'IMG_0536.JPG', 'image/jpeg', 1285094, 0, 0, NULL, '2013-04-04 13:58:50', '2013-04-04 13:58:50', '2013-04-25 11:56:43'),
(40, '515d6b5a8c29d.jpg', 'IMG_0508 copie.jpg', 'image/jpeg', 1245780, 0, 0, NULL, '2013-04-04 14:00:26', '2013-04-04 14:00:26', '2013-04-25 11:56:29'),
(41, '515d6be3da80e.JPG', 'Peyresourde.JPG', 'image/jpeg', 400350, 0, 0, NULL, '2013-04-04 14:02:43', '2013-04-04 14:02:43', '2013-04-25 11:58:32'),
(42, '515ea7d24beba.JPG', 'DSC_0084.JPG', 'image/jpeg', 462579, 0, 0, NULL, '2013-04-05 12:30:42', '2013-04-05 12:30:42', '2013-04-18 14:31:55'),
(43, '5172478b7083d.JPG', 'chalet.JPG', 'image/jpeg', 704024, 0, 0, NULL, '2013-04-20 09:45:15', '2013-04-20 09:45:15', '2013-05-17 21:13:32'),
(44, '5172496a5a302.jpg', 'P1050535 copie.jpg', 'image/jpeg', 488078, 0, 0, NULL, '2013-04-20 09:53:14', '2013-04-20 09:53:14', '2013-04-25 11:57:38'),
(45, '51724a1e00f52.jpg', 'Au delà du temps Maison d''hôtes.jpg', 'image/jpeg', 454157, 0, 0, NULL, '2013-04-20 09:56:14', '2013-04-20 09:56:14', '2013-04-26 11:10:16'),
(46, '51724ab1c5a19.jpg', 'P1030337 copie site web 2.jpg', 'image/jpeg', 1515497, 0, 0, NULL, '2013-04-20 09:58:41', '2013-04-20 09:58:41', '2013-04-25 11:58:23'),
(47, '5178fe87d8886.jpg', 'IMG_1408_redimensionner.jpg', 'image/jpeg', 454440, 0, 0, NULL, '2013-04-25 11:59:35', '2013-04-25 11:59:35', '2013-04-26 11:10:25'),
(48, '518e396da1c13.jpg', 'P1050410 copie.jpg', 'image/jpeg', 1707203, 0, 0, NULL, '2013-05-11 14:28:29', '2013-05-11 14:28:29', '2013-11-13 16:31:07'),
(49, '518e39f1a60b6.jpg', 'P1050422 copie.jpg', 'image/jpeg', 1772792, 0, 0, NULL, '2013-05-11 14:30:41', '2013-05-11 14:30:41', '2013-05-11 14:40:25'),
(50, '518e3a56db37b.jpg', 'P1050423 copie.jpg', 'image/jpeg', 1757990, 0, 0, NULL, '2013-05-11 14:32:22', '2013-05-11 14:32:22', '2013-08-31 17:48:50'),
(51, '518e3ac1b9334.jpg', 'P1010321 copie.jpg', 'image/jpeg', 841393, 0, 0, NULL, '2013-05-11 14:34:09', '2013-05-11 14:34:09', '2013-12-05 09:40:31'),
(52, '518e3b854b461.jpg', 'IMG_1630_redimensionner.jpg', 'image/jpeg', 1116778, 0, 0, NULL, '2013-05-11 14:37:25', '2013-05-11 14:37:25', '2013-05-20 07:41:38'),
(53, '518e3d2285231.jpg', 'P1050343 copie.jpg', 'image/jpeg', 681193, 0, 0, NULL, '2013-05-11 14:44:18', '2013-05-11 14:44:18', '2013-05-19 11:03:19'),
(54, '5196782bf277f.jpg', 'P1030644 copie.jpg', 'image/jpeg', 1890198, 0, 0, NULL, '2013-05-17 20:34:20', '2013-05-17 20:34:20', '2013-05-17 21:12:06'),
(55, '519680f483337.jpg', 'P1030660 copie.jpg', 'image/jpeg', 1661095, 0, 0, NULL, '2013-05-17 21:11:48', '2013-05-17 21:11:48', '2013-10-06 14:30:03'),
(56, '51968af5180bb.jpg', 'P1010325 copie.jpg', 'image/jpeg', 1024656, 0, 0, NULL, '2013-05-17 21:54:29', '2013-05-17 21:54:29', '2013-05-17 22:01:15'),
(57, '51968c3f5a94e.jpg', 'P1010325 copie 2.jpg', 'image/jpeg', 949575, 1, 59, NULL, '2013-05-17 21:59:59', '2013-05-17 21:59:59', NULL),
(58, '5199b81cd19ae.JPG', 'P1010705_redimensionner.JPG', 'image/jpeg', 408308, 0, 0, NULL, '2013-05-20 07:43:56', '2013-05-20 07:43:56', '2013-08-31 17:33:53'),
(59, '519f83fb5a0eb.JPG', 'IMG_0781.JPG', 'image/jpeg', 908265, 0, 0, NULL, '2013-05-24 17:15:07', '2013-05-24 17:15:07', '2013-08-31 17:46:31'),
(60, '519f84f2d5f8e.jpg', 'P1010328 copie.jpg', 'image/jpeg', 1227546, 0, 0, NULL, '2013-05-24 17:19:14', '2013-05-24 17:19:14', '2013-05-26 22:14:12'),
(61, '519f853bcc567.JPG', 'IMG_0783.JPG', 'image/jpeg', 1118249, 0, 0, NULL, '2013-05-24 17:20:27', '2013-05-24 17:20:27', '2013-05-30 11:45:42'),
(62, '51a26cdeda652.jpg', 'P1030819 copie.jpg', 'image/jpeg', 2304083, 0, 0, NULL, '2013-05-26 22:13:18', '2013-05-26 22:13:18', '2013-10-29 18:11:35'),
(63, '51a72003324cc.JPG', 'P1010730_redimensionner.JPG', 'image/jpeg', 490592, 0, 0, NULL, '2013-05-30 11:46:43', '2013-05-30 11:46:43', '2013-06-11 16:24:34'),
(64, '52220d36bc6d0.jpg', 'P1050676 copie siteweb2.jpg', 'image/jpeg', 1604393, 0, 0, NULL, '2013-08-31 17:35:18', '2013-08-31 17:35:18', '2013-09-23 17:56:57'),
(65, '52220f58ab214.JPG', 'IMG_1090.JPG', 'image/jpeg', 1027626, 0, 0, NULL, '2013-08-31 17:44:24', '2013-08-31 17:44:24', '2013-11-13 16:31:31'),
(66, '52220fc77621c.JPG', 'IMG_0778.JPG', 'image/jpeg', 1004092, 0, 0, NULL, '2013-08-31 17:46:15', '2013-08-31 17:46:15', '2013-12-17 22:25:20'),
(67, '52221040d873a.JPG', 'P1010222_redimensionner.JPG', 'image/jpeg', 327769, 0, 0, NULL, '2013-08-31 17:48:16', '2013-08-31 17:48:16', '2013-09-02 11:57:29'),
(68, '522210a82942b.JPG', 'P1050733.JPG', 'image/jpeg', 1260878, 0, 0, NULL, '2013-08-31 17:50:00', '2013-08-31 17:50:00', '2013-11-13 16:31:18'),
(69, '5224613a43a09.JPG', 'IMG_0831.JPG', 'image/jpeg', 1093538, 1, 67, NULL, '2013-09-02 11:58:18', '2013-09-02 11:58:18', NULL),
(70, '524064f29b9d7.jpg', 'P1030427 copie.jpg', 'image/jpeg', 1410796, 0, 0, NULL, '2013-09-23 17:57:38', '2013-09-23 17:57:38', '2013-12-17 22:30:24'),
(71, '5240655732ff5.jpg', 'IMG_0538 copie.jpg', 'image/jpeg', 1252987, 0, 0, NULL, '2013-09-23 17:59:19', '2013-09-23 17:59:19', '2013-11-13 16:36:16'),
(72, '525157b6884bf.jpg', 'IMG_0508 copie.jpg', 'image/jpeg', 1245780, 0, 0, NULL, '2013-10-06 14:29:42', '2013-10-06 14:29:42', '2013-12-05 09:39:53'),
(73, '525157fa44056.jpg', 'P1030429 copie.jpg', 'image/jpeg', 1447308, 0, 0, NULL, '2013-10-06 14:30:50', '2013-10-06 14:30:50', '2013-10-06 14:31:18'),
(74, '525158939013b.jpg', 'P1030425 copie.jpg', 'image/jpeg', 1813048, 1, 66, NULL, '2013-10-06 14:33:23', '2013-10-06 14:33:23', NULL),
(75, '526febde86ff9.jpg', 'P1030536 copie.jpg', 'image/jpeg', 1702748, 1, 55, NULL, '2013-10-29 18:09:50', '2013-10-29 18:09:50', NULL),
(76, '526fecc015b1d.JPG', 'Peyresourde.JPG', 'image/jpeg', 400350, 0, 0, NULL, '2013-10-29 18:13:36', '2013-10-29 18:13:36', '2013-12-05 09:40:12'),
(77, '52839b9564610.JPG', 'IMG_0530.JPG', 'image/jpeg', 1317687, 0, 0, NULL, '2013-11-13 16:32:37', '2013-11-13 16:32:37', '2013-12-05 09:40:00'),
(78, '52839bf179b55.jpg', 'P1030490 copie.jpg', 'image/jpeg', 753298, 1, 51, NULL, '2013-11-13 16:34:09', '2013-11-13 16:34:09', NULL),
(79, '52839ce79746e.jpg', 'P1030498 copie.jpg', 'image/jpeg', 1446953, 0, 0, NULL, '2013-11-13 16:38:15', '2013-11-13 16:38:15', '2013-11-16 12:21:42'),
(80, '52839d7e35bc6.jpg', 'P1040217 copie Suite le Vénasque 2 nov 2013.jpg', 'image/jpeg', 2576960, 1, 57, NULL, '2013-11-13 16:40:46', '2013-11-13 16:40:46', NULL),
(81, '52875534ab69a.jpg', 'P1040250 copie.jpg', 'image/jpeg', 2382019, 0, 0, NULL, '2013-11-16 12:21:24', '2013-11-16 12:21:24', '2013-11-19 19:36:36'),
(82, '528bb01dbcb10.JPG', 'P1020754_redimensionner.JPG', 'image/jpeg', 671739, 1, 82, NULL, '2013-11-19 19:38:21', '2013-11-19 19:38:21', NULL),
(83, '528bb0c0c7671.JPG', 'P1020230_redimensionner.JPG', 'image/jpeg', 350516, 0, 0, NULL, '2013-11-19 19:41:04', '2013-11-19 19:41:04', '2013-11-19 19:42:33'),
(84, '52a03bcb2096a.jpg', 'P1040312 copie.jpg', 'image/jpeg', 2344008, 1, 84, NULL, '2013-12-05 09:39:39', '2013-12-05 09:39:39', NULL),
(85, '52a06c8b6e686.jpg', 'P1040326 copie.jpg', 'image/jpeg', 2242563, 0, 0, NULL, '2013-12-05 13:07:39', '2013-12-05 13:07:39', '2013-12-23 03:09:29'),
(86, '52a06cb30505e.jpg', 'P1060084 copie site web.jpg', 'image/jpeg', 51432, 0, 0, NULL, '2013-12-05 13:08:19', '2013-12-05 13:08:19', '2013-12-05 13:10:14'),
(87, '52a06d4edd4a7.jpg', 'P1060077 copie.jpg', 'image/jpeg', 473114, 1, 71, NULL, '2013-12-05 13:10:54', '2013-12-05 13:10:54', NULL),
(88, '52b0a428678d8.jpg', 'P1040374 copie.jpg', 'image/jpeg', 2002586, 0, 0, NULL, '2013-12-17 20:21:12', '2013-12-17 20:21:12', '2013-12-17 20:23:19'),
(89, '52b0a4e041628.jpg', 'P1040388 copie.jpg', 'image/jpeg', 2760690, 0, 0, NULL, '2013-12-17 20:24:16', '2013-12-17 20:24:16', '2013-12-17 20:29:13'),
(90, '52b0a576bf49f.jpg', 'P1040378 copie.jpg', 'image/jpeg', 2354728, 0, 0, NULL, '2013-12-17 20:26:46', '2013-12-17 20:26:46', '2013-12-17 22:30:07'),
(91, '52b0a6448967f.jpg', 'P1040358 copie.jpg', 'image/jpeg', 2792929, 1, 86, NULL, '2013-12-17 20:30:12', '2013-12-17 20:30:12', NULL),
(92, '52b0a6c488feb.jpg', 'P1040348 copie.jpg', 'image/jpeg', 2351312, 1, 70, NULL, '2013-12-17 20:32:20', '2013-12-17 20:32:20', NULL),
(93, '52b0c11940aa3.jpg', 'P1040393 copie.jpg', 'image/jpeg', 2104148, 1, 79, NULL, '2013-12-17 22:24:41', '2013-12-17 22:24:41', NULL),
(94, '52b0c1c80df61.jpg', 'P1040399 copie.jpg', 'image/jpeg', 2799853, 1, 81, NULL, '2013-12-17 22:27:36', '2013-12-17 22:27:36', NULL),
(95, '52b79a526c3a8.JPG', 'IMG_1481.JPG', 'image/jpeg', 1514878, 0, 0, NULL, '2013-12-23 03:05:06', '2013-12-23 03:05:06', '2013-12-23 03:05:58'),
(96, '52b79aa5dce37.JPG', 'IMG_1478.JPG', 'image/jpeg', 1487073, 1, 85, NULL, '2013-12-23 03:06:29', '2013-12-23 03:06:29', NULL),
(97, '52b79b14e7430.JPG', 'IMG_1479.JPG', 'image/jpeg', 1491527, 0, 0, NULL, '2013-12-23 03:08:20', '2013-12-23 03:08:20', '2013-12-23 03:09:12');

-- --------------------------------------------------------

--
-- Structure de la table `cms_page`
--

CREATE TABLE IF NOT EXISTS `cms_page` (
  `id` bigint(20) NOT NULL AUTO_INCREMENT,
  `date_add` datetime NOT NULL,
  `date_update` datetime NOT NULL,
  `date_delete` datetime DEFAULT NULL,
  PRIMARY KEY (`id`)
) ENGINE=InnoDB  DEFAULT CHARSET=utf8 AUTO_INCREMENT=3 ;

--
-- Contenu de la table `cms_page`
--

INSERT INTO `cms_page` (`id`, `date_add`, `date_update`, `date_delete`) VALUES
(1, '2012-07-21 00:00:00', '2013-12-30 22:37:52', NULL),
(2, '2012-07-21 00:00:00', '2013-11-02 20:06:05', NULL);

-- --------------------------------------------------------

--
-- Structure de la table `cms_page_language`
--

CREATE TABLE IF NOT EXISTS `cms_page_language` (
  `page_id` bigint(20) NOT NULL,
  `language_id` bigint(20) NOT NULL,
  `title` text,
  `content` text,
  `url` text,
  PRIMARY KEY (`page_id`,`language_id`),
  KEY `fk_pagecmslang_pagecms` (`page_id`),
  KEY `fk_pagecmslang_language` (`language_id`)
) ENGINE=InnoDB DEFAULT CHARSET=utf8;

--
-- Contenu de la table `cms_page_language`
--

INSERT INTO `cms_page_language` (`page_id`, `language_id`, `title`, `content`, `url`) VALUES
(1, 1, 'Nos locations à Bagnères de Luchon, au coeur des Pyrénées ', '<div><strong>Chalet de montagne &quot;Etch Soulet&quot;</strong>, altitude 1265m, est situ&eacute; &agrave; Portet de Luchon<strong>, </strong>au pied du col de Peyresourde, &agrave; seulement huit kilom&egrave;tres de la<strong> </strong>station de ski de Peyragudes.Il est compos&eacute; de deux grands appartements pouvant accueillir huit personnes et quatorze personnes.<br />\r\nCes deux appartements peuvent communiquer&nbsp; entre eux par un escalier int&eacute;rieur, ce qui en fait un lieu privil&eacute;gi&eacute; pour se retrouver tous ensemble &agrave; la montagne dans une atmosph&egrave;re confortable et chaleureuse.<br />\r\n<br />\r\nM<strong>aison d&#39;H&ocirc;tes de charme</strong> <strong>&quot;Au del&agrave; du Temps&quot;</strong> altitude 635m, est situ&eacute;e &agrave; <strong> </strong>Saint Mamet<strong>,</strong> petit village touchant <strong>Bagn&egrave;res de Luchon</strong>, &agrave; seulement 500 m&egrave;tres&nbsp; du centre thermal et du<em> </em>centre de remise en forme Luchon Forme et Bien - &Ecirc;tre<em> .</em><br />\r\n<br />\r\nNous vous laissons d&eacute;couvrir et choisir l&#39;une de ces deux&nbsp; possibilit&eacute;s d&#39;h&eacute;bergements que nous vous proposons pour passer vos vacances dans ce petit coin de paradis, au coeur des <strong>Pyr&eacute;n&eacute;es</strong>.<br />\r\n<br />\r\nFr&eacute;d&eacute;rique &amp; Fran&ccedil;ois Roy<br />\r\ncontact@gite-luchon.com</div>', NULL),
(1, 2, '¡ Nuestros alquileres en Bagnères de Luchon, en el corazón de los Pirineos Franceses!', '&quot;Au Del&agrave; Du Temps&quot;, nuestra <strong>Casa de Hu&eacute;spedes</strong> &nbsp;est&aacute; situada a Saint Mamet, peque&ntilde;o pueblo que toca a Bagn&egrave;res de Luchon, solamente a 500 metros de las Termas y del centro Luchon Forme et Bien &ecirc;tre.\r\n<div>&nbsp;</div>\r\n\r\n<div>Etch Soulet<strong>,</strong> nuestro <strong>Chal&eacute; de monta&ntilde;a</strong>, altitud 1275m, est&aacute; situado a Portet de Luchon, al pie del cuello de Peyresourde, solamente a ocho kil&oacute;metros de la estaci&oacute;n de esqu&iacute; de Peyragudes. Es constado por dos grandes apartamentos que pueden acoger a 8 personas y 14 personas. Estas dos viviendas pueden comunicar entre ellos por una escalera interior, lo que lo hace un lugar privilegiado para encontrarse todos juntos en la monta&ntilde;a.</div>\r\n\r\n<div>&nbsp;</div>\r\n\r\n<div>Le dejamos descubrir estas dos posibilidades de alojamientos que se le ofrecen para vivir de bellas vacaciones inolvidables en este peque&ntilde;o pedazo de para&iacute;so de los Pirineos Frenceses.</div>\r\n\r\n<div>&nbsp;</div>\r\n\r\n<div>Fr&eacute;d&eacute;rique &amp; Fran&ccedil;ois Roy</div>\r\n\r\n<div>&nbsp;</div>\r\n\r\n<p>contact@gite-luchon.com&nbsp;</p>\r\n', NULL),
(1, 3, 'Holiday accommodation in  Bagnères de Luchon, in  the heart of the French Pyrénées ', '<p>- <strong>Our mountain chalet</strong> <strong>&quot;Etch Soulet&quot;</strong> 1275m altitude, is located in Portet de Luchon at 11 kilometers from Luchon, near the &quot;Col de Peyresourde&quot;, just eight kilometers from the ski resort Peyragudes.<br />\r\nIl consists of two large apartments ( 100 m&sup2; &amp; 180 m&sup2;) that can accommodate eight people and fourteen people.<br />\r\nBoth apartments can communicate with each other&nbsp; with&nbsp; an internal staircase, which makes it an ideal place to be&nbsp; together in the mountains in a comfortable and warm atmosphere.<br />\r\n<br />\r\n<strong>B &amp; B</strong>:<br />\r\n<br />\r\n- Our charming guest house <strong>&quot;Au Del&agrave; Du Temps&quot;</strong> altitude 635m, is located in Saint Mamet, a small village <strong>touching</strong><strong> Bagneres de Luchon</strong>, only 500 meters from the spa and fitness center Luchon Health and Well - Being .<br />\r\n<br />\r\nWe let you discover and choose one of these two resorts we offer you to spend your holiday in this little corner of paradise in the heart of the central Pyrenees opportunities.<br />\r\n&nbsp;<br />\r\nFr&eacute;d&eacute;rique &amp; Fran&ccedil;ois Roy<br />\r\n<br />\r\ncontact@gite-luchon.com</p>\r\n\r\n<p>&nbsp;</p>\r\n\r\n<div>&nbsp;&nbsp;&nbsp;&nbsp;&nbsp;&nbsp;&nbsp;&nbsp;&nbsp;&nbsp;&nbsp;&nbsp;</div>\r\n', NULL),
(1, 4, '', '', NULL),
(2, 1, 'Partenaires', '<a href="http://www.abritel.fr/p628823"><img src="http://www.abritel.fr/haow/api/tripsfr/tenure?systemId=abritel&amp;propertyId=628823&amp;unitId=628823" alt="Location Abritel #628823" style="border:none;"></a><br><br><br><br><a href="http://www.chalet-montagne.com/sp.php?ID=7897"><img src="http://www.chalet-montagne.com/gif/bannieres-07/banieres-H.jpg" alt="CHALET-MONTAGNE.COM, l''annuaire des locations de vacance saisonnières à la montagne &amp; la Webcam sur le massif du Mont-Blanc" title="CHALET-MONTAGNE.COM, l''annuaire des locations de vacance saisonnières à la montagne &amp; la Webcam sur le massif du Mont-Blanc" border="0"></a><br><br><br>\r\n<a href="http://www.likhom.com"><img src="http://www.likhom.com/images/ban-likhom1.gif" title="likhom.com : Chambres d hotes, gites, hotel, locations de charme pour votre hebergement de vacances" border="0" height="60" width="408"></a><div><br></div><div><br><a href="http://en.likhom.com" target="_blank" title="likhom.com : Bed and Breakfast, cottages, hotel and rentals of charm for your holidays accommodation">likhom.com</a>&nbsp;</div><div><br></div><div>&nbsp; <br><div><a title="En Niumba alquila apartamentos de vacaciones y casas rurales" href="http://www.niumba.com/"><img alt="En Niumba alquila apartamentos de vacaciones y casas rurales" src="http://images.niumba.com/images/web/comun/logo_home2.gif"></a></div></div>\r\n	\r\n<a href="http://www.vivaweek.com" target="_blank"><img src="http://www.vivaweek.com/VIVAWEEK_WEB/INTERFACE/mails/vivaweek.png" alt="Le spécialiste des Locations de Vacances" border="0"></a><br>\r\n<a href="http://www.vivaweek.com" style="font-family:&quot;Arial&quot;;font-size:13;color:#0896FF;text-decoration:none">Le site de Locations de Vacances</a><br><br><br>\r\n<a rel="nofollow" href="http://www.iha.fr/Location-de-vacances-Portet-de-luchon/Etch-Soulet_66444_1.htm"><img style="border:none;" src="http://img.iha.fr/IHA_widget_r0C76C8*n49-l26271*88_49@3D4696431glm4Uh9rve.png"></a><br><br><!--[if gte mso 9]><xml>\r\n <w:WordDocument>\r\n  <w:View>Normal</w:View>\r\n  <w:Zoom>0</w:Zoom>\r\n  <w:TrackMoves/>\r\n  <w:TrackFormatting/>\r\n  <w:HyphenationZone>21</w:HyphenationZone>\r\n  <w:PunctuationKerning/>\r\n  <w:ValidateAgainstSchemas/>\r\n  <w:SaveIfXMLInvalid>false</w:SaveIfXMLInvalid>\r\n  <w:IgnoreMixedContent>false</w:IgnoreMixedContent>\r\n  <w:AlwaysShowPlaceholderText>false</w:AlwaysShowPlaceholderText>\r\n  <w:DoNotPromoteQF/>\r\n  <w:LidThemeOther>FR</w:LidThemeOther>\r\n  <w:LidThemeAsian>X-NONE</w:LidThemeAsian>\r\n  <w:LidThemeComplexScript>X-NONE</w:LidThemeComplexScript>\r\n  <w:Compatibility>\r\n   <w:BreakWrappedTables/>\r\n   <w:SnapToGridInCell/>\r\n   <w:WrapTextWithPunct/>\r\n   <w:UseAsianBreakRules/>\r\n   <w:DontGrowAutofit/>\r\n   <w:SplitPgBreakAndParaMark/>\r\n   <w:DontVertAlignCellWithSp/>\r\n   <w:DontBreakConstrainedForcedTables/>\r\n   <w:DontVertAlignInTxbx/>\r\n   <w:Word11KerningPairs/>\r\n   <w:CachedColBalance/>\r\n  </w:Compatibility>\r\n  <w:BrowserLevel>MicrosoftInternetExplorer4</w:BrowserLevel>\r\n  <m:mathPr>\r\n   <m:mathFont m:val="Cambria Math"/>\r\n   <m:brkBin m:val="before"/>\r\n   <m:brkBinSub m:val="&#45;-"/>\r\n   <m:smallFrac m:val="off"/>\r\n   <m:dispDef/>\r\n   <m:lMargin m:val="0"/>\r\n   <m:rMargin m:val="0"/>\r\n   <m:defJc m:val="centerGroup"/>\r\n   <m:wrapIndent m:val="1440"/>\r\n   <m:intLim m:val="subSup"/>\r\n   <m:naryLim m:val="undOvr"/>\r\n  </m:mathPr></w:WordDocument>\r\n</xml><![endif]--><br><script src="http://js.iha.fr/IHA_widget_r0C76C8*n49-l26271*88_49@3D4696431glm4Uh9rve.js" language="javascript"></script> \r\n<a href="http://www.chambres-hotes.fr/" target="_blank"><img src="http://www.cybevasion.fr/adherents/logos/200x40_chdh_blanc-26797.png" title="Guide de gîtes et chambres d''hôtes en France" border="0"></a><br><br> \r\n<a href="http://www.chezvotrehote.fr" target="_blank"><img src="http://www.chezvotrehote.fr/chambre-hote-et-gite.jpg" id="Image1" alt="location gites et chambres d''hotes en france entre particuliers" title="location gites et chambres d''hotes en france entre particuliers" align="top" border="0"></a><br><br><font style="font-size:13px" color="#000000" face="Arial"><a href="http://www.chezvotrehote.fr" target="_blank">Location gîte et chambres d''hôtes</a></font><table id="table450" bgcolor="#C0C0C0" border="2" bordercolor="#0000FF" width="261">\r\n					<tbody><tr>\r\n						<td align="center" bgcolor="#FF99FF"><font size="2">\r\n						Trouver une\r\n						<a title=" gites hautes pyrenees location vacances pyrénées" target="_blank" href="http://www.gitemoros.com/">\r\n						<font color="#000080">location de vacances</font></a><font color="#000080">\r\n						</font> </font>\r\n						<p style="margin-top: 0; margin-bottom: 0">\r\n						<font size="2"> gites ou chambres d''hôtes sur</font></p>\r\n						<p style="margin-top: 0; margin-bottom: 0" align="center">\r\n						<a title="Annonces de  locations de gîtes et chambres d''hôtes en France. Locations hébergement gites chalets chambres d''hôtes, maisons de vacances, locations saisonnières, annuaire gratuit de locations vacances, location vacances entre particulier" target="_blank" href="http://www.vacances-gites-c-hotes.com/">\r\n						<font color="#000080">http://www.vacances-gites-c-hotes.com/</font></a></p></td>\r\n					</tr>\r\n				</tbody></table>\r\n', NULL),
(2, 2, 'casa de montana', '<a href="http://www.homelidays.es/bagneres-de-luchon/chalet-331152es1.htm" target="_blank"> Casa de montaña (madera Piedra) en Bagneres-de-luchon</a>', NULL),
(2, 3, 'Partners', '<br>', NULL),
(2, 4, 'Deutsch', '<br>', NULL);

-- --------------------------------------------------------

--
-- Structure de la table `language`
--

CREATE TABLE IF NOT EXISTS `language` (
  `id` bigint(20) NOT NULL AUTO_INCREMENT,
  `label` text,
  `locale` text,
  `short_tag` text,
  PRIMARY KEY (`id`)
) ENGINE=InnoDB  DEFAULT CHARSET=utf8 AUTO_INCREMENT=5 ;

--
-- Contenu de la table `language`
--

INSERT INTO `language` (`id`, `label`, `locale`, `short_tag`) VALUES
(1, 'Français', 'fr_FR', 'fr'),
(2, 'Español', 'es_ES', 'es'),
(3, 'English', 'en_GB', 'en'),
(4, 'Deutsch', 'de_DE', 'de');

-- --------------------------------------------------------

--
-- Structure de la table `news`
--

CREATE TABLE IF NOT EXISTS `news` (
  `id` bigint(20) NOT NULL AUTO_INCREMENT,
  `category_id` bigint(20) NOT NULL,
  `position` bigint(20) NOT NULL,
  `location` text,
  `online` tinyint(1) DEFAULT NULL,
  `date_add` datetime NOT NULL,
  `date_update` datetime NOT NULL,
  `date_delete` datetime DEFAULT NULL,
  PRIMARY KEY (`id`),
  KEY `fk_news_category` (`category_id`)
) ENGINE=InnoDB  DEFAULT CHARSET=utf8 AUTO_INCREMENT=141 ;

--
-- Contenu de la table `news`
--

INSERT INTO `news` (`id`, `category_id`, `position`, `location`, `online`, `date_add`, `date_update`, `date_delete`) VALUES
(54, 1, 1, '', 1, '2012-09-29 02:50:30', '2012-12-30 16:49:08', '2012-12-30 16:49:20'),
(55, 1, 3, '', 1, '2012-09-29 02:56:08', '2012-12-30 16:50:05', '2012-12-30 16:49:43'),
(56, 1, 4, '', 1, '2012-09-29 03:15:37', '2012-09-29 03:15:37', '2012-12-30 16:49:49'),
(57, 1, 2, 'Test', 1, '2012-09-29 04:40:23', '2012-09-29 04:58:26', '2012-12-30 16:49:26'),
(58, 1, 6, '', 1, '2012-09-29 05:02:41', '2013-01-06 10:08:37', '2013-01-12 20:36:46'),
(59, 1, 5, '', 1, '2012-09-29 05:02:58', '2012-11-24 01:39:52', '2012-12-30 16:49:52'),
(60, 1, 7, '', 1, '2012-12-30 21:49:43', '2012-12-30 21:49:43', '2013-01-05 15:32:38'),
(61, 1, 8, '', 1, '2013-01-05 17:56:44', '2013-01-05 18:03:58', '2013-02-02 10:44:48'),
(62, 1, 10, '', 1, '2013-01-12 20:40:30', '2013-02-04 00:08:29', '2013-02-12 21:49:46'),
(63, 1, 9, '', 1, '2013-01-13 12:25:19', '2013-02-03 20:50:04', '2013-02-17 18:58:26'),
(64, 1, 11, '', 1, '2013-02-17 18:55:51', '2013-02-17 18:58:08', '2013-02-24 09:39:55'),
(65, 1, 12, '', 1, '2013-02-17 19:00:22', '2013-02-17 19:06:50', '2013-04-02 11:54:30'),
(66, 1, 31, '', 1, '2013-02-17 19:09:51', '2013-05-31 07:14:22', '2013-06-01 11:42:55'),
(67, 1, 14, '', 1, '2013-02-24 09:41:22', '2013-02-24 13:43:18', '2013-03-01 13:54:01'),
(68, 1, 15, '', 1, '2013-03-01 13:57:42', '2013-03-11 09:28:31', '2013-03-25 15:24:01'),
(69, 1, 16, '', 1, '2013-03-04 12:00:10', '2013-03-15 10:21:25', '2013-03-29 16:06:34'),
(70, 1, 17, '', 1, '2013-03-07 09:29:27', '2013-03-23 12:15:30', '2013-03-29 16:06:44'),
(71, 1, 18, '', 1, '2013-03-13 09:47:44', '2013-03-15 10:19:26', '2013-03-23 12:14:18'),
(72, 1, 19, '', 1, '2013-03-13 17:23:36', '2013-03-13 18:43:38', '2013-03-25 09:50:49'),
(73, 1, 20, '', 1, '2013-03-18 11:00:53', '2013-03-24 10:52:54', '2013-03-25 09:50:55'),
(74, 1, 19, '', 1, '2013-03-25 09:49:47', '2013-04-28 14:11:41', '2013-05-14 09:12:23'),
(75, 1, 22, '', 1, '2013-03-26 11:22:36', '2013-03-26 11:22:36', '2013-03-28 21:11:13'),
(76, 1, 23, '', 1, '2013-03-27 09:14:08', '2013-03-31 17:08:27', '2013-03-31 17:08:42'),
(77, 1, 23, '', 1, '2013-04-06 10:15:14', '2013-04-06 10:15:14', NULL),
(78, 1, 24, '', 1, '2013-04-06 10:20:23', '2013-04-06 10:21:43', NULL),
(79, 1, 25, '', 1, '2013-04-06 10:28:06', '2013-04-06 10:28:06', NULL),
(80, 1, 26, '', 1, '2013-04-06 11:25:25', '2013-04-06 11:25:25', NULL),
(81, 1, 27, '', 1, '2013-04-06 11:53:25', '2013-04-06 11:53:25', NULL),
(82, 1, 28, '', 1, '2013-04-07 11:28:33', '2013-04-07 11:28:33', NULL),
(83, 1, 29, '', 1, '2013-04-07 11:46:45', '2013-04-07 11:46:45', NULL),
(84, 1, 30, '', 1, '2013-04-07 11:51:45', '2013-04-07 11:51:45', NULL),
(85, 1, 32, '', 1, '2013-04-07 11:52:13', '2013-04-07 11:52:13', NULL),
(86, 1, 33, '', 1, '2013-04-09 15:01:37', '2013-04-09 15:01:37', NULL),
(87, 1, 34, '', 1, '2013-04-09 23:41:05', '2013-04-09 23:41:05', NULL),
(88, 1, 35, '', 1, '2013-04-10 20:26:49', '2013-04-10 20:26:49', NULL),
(89, 1, 36, '', 1, '2013-04-13 22:07:33', '2013-04-13 22:07:33', NULL),
(90, 1, 37, '', 1, '2013-04-14 15:48:50', '2013-04-14 15:48:50', NULL),
(91, 1, 38, '', 1, '2013-04-14 15:50:22', '2013-04-14 15:50:22', NULL),
(92, 1, 39, '', 1, '2013-04-14 15:58:41', '2013-04-14 15:58:41', NULL),
(93, 1, 40, '', 1, '2013-04-14 15:59:02', '2013-04-14 15:59:02', NULL),
(94, 1, 41, '', 1, '2013-04-14 16:00:09', '2013-04-14 16:01:01', NULL),
(95, 1, 42, '', 1, '2013-04-14 16:01:25', '2013-04-14 16:01:25', NULL),
(96, 1, 43, '', 1, '2013-04-14 16:01:39', '2013-04-14 16:01:39', NULL),
(97, 1, 44, '', 1, '2013-04-14 16:02:13', '2013-04-14 16:02:13', NULL),
(98, 1, 46, '', 1, '2013-04-14 16:02:53', '2013-04-14 16:02:53', NULL),
(99, 1, 47, '', 1, '2013-04-14 16:03:35', '2013-04-14 16:03:35', NULL),
(100, 1, 47, '', 1, '2013-04-14 16:04:00', '2013-04-14 16:04:00', '2013-04-14 16:04:45'),
(101, 1, 48, '', 1, '2013-04-18 14:14:31', '2013-04-20 13:43:02', '2013-04-22 10:23:45'),
(102, 1, 47, '', 1, '2013-04-21 10:40:19', '2013-04-21 10:40:19', '2013-04-22 10:29:41'),
(103, 1, 49, '', 1, '2013-04-27 09:46:21', '2013-04-28 09:05:36', '2013-04-28 09:08:39'),
(104, 1, 45, '', 1, '2013-05-07 14:34:39', '2013-05-07 15:19:25', '2013-05-14 09:12:19'),
(105, 1, 50, '', 1, '2013-05-17 11:42:57', '2013-05-20 07:46:15', '2013-05-20 07:50:13'),
(106, 1, 51, '', 1, '2013-05-21 05:54:19', '2013-05-21 05:55:41', '2013-05-24 17:23:36'),
(107, 1, 52, '', 1, '2013-05-22 15:52:43', '2013-05-24 09:55:25', '2013-05-24 12:59:25'),
(108, 1, 53, '', 1, '2013-05-24 08:11:25', '2013-05-24 08:14:45', '2013-05-24 09:54:38'),
(109, 1, 52, '', 1, '2013-05-24 17:28:16', '2013-05-24 17:55:17', '2013-05-26 22:11:06'),
(110, 1, 53, '', 1, '2013-05-31 12:01:04', '2013-05-31 12:01:04', '2013-06-07 10:14:47'),
(111, 1, 54, '', 1, '2013-06-07 10:06:14', '2013-06-07 10:06:14', '2013-06-09 12:59:25'),
(112, 1, 55, '', 1, '2013-06-09 12:51:15', '2013-06-09 15:08:54', '2013-06-28 09:31:04'),
(113, 1, 56, '', 1, '2013-06-11 10:29:29', '2013-06-30 11:24:46', '2013-07-01 10:51:39'),
(114, 1, 57, '', 1, '2013-06-19 10:14:04', '2013-06-19 22:54:20', '2013-06-21 11:10:15'),
(115, 1, 58, '', 1, '2013-06-20 20:57:07', '2013-06-25 21:49:02', '2013-06-26 09:26:21'),
(116, 1, 59, '', 1, '2013-06-27 14:52:33', '2013-06-28 20:23:28', '2013-06-30 08:52:42'),
(117, 1, 60, '', 1, '2013-07-01 10:56:36', '2013-07-22 14:24:26', '2013-08-08 10:59:23'),
(118, 1, 61, '', 1, '2013-07-11 10:42:27', '2013-07-11 10:42:32', '2013-07-12 17:42:43'),
(119, 1, 62, '', 1, '2013-07-16 12:16:45', '2013-07-17 10:12:56', '2013-07-18 11:00:20'),
(120, 1, 63, '', 1, '2013-07-31 14:53:29', '2013-08-08 11:00:39', '2013-08-24 20:51:34'),
(121, 1, 64, '', 1, '2013-08-08 10:56:48', '2013-08-08 10:56:48', '2013-08-11 09:52:49'),
(122, 1, 65, '', 1, '2013-08-09 12:39:13', '2013-08-10 21:55:08', '2013-08-11 09:52:32'),
(123, 1, 69, '', 1, '2013-08-11 19:03:49', '2013-08-26 17:37:45', '2013-08-30 17:16:10'),
(124, 1, 67, '', 1, '2013-08-17 18:07:48', '2013-08-18 12:40:33', '2013-08-19 11:41:57'),
(125, 1, 68, '', 1, '2013-08-19 11:56:31', '2013-08-19 11:56:31', '2013-08-20 20:52:07'),
(126, 1, 69, '', 1, '2013-08-21 13:22:35', '2013-08-22 11:32:32', '2013-08-23 08:57:12'),
(127, 1, 70, '', 1, '2013-08-25 10:25:09', '2013-08-25 17:57:27', '2013-08-26 13:45:50'),
(128, 1, 81, '', 1, '2013-08-27 11:47:35', '2014-01-01 12:09:39', NULL),
(129, 1, 71, '', 1, '2013-08-30 21:48:05', '2013-09-24 11:44:06', '2013-10-08 19:24:56'),
(130, 1, 73, '', 1, '2013-09-18 10:20:29', '2013-09-19 11:42:28', '2013-09-21 10:27:53'),
(131, 1, 72, '', 1, '2013-10-07 12:23:58', '2013-10-07 12:23:58', '2013-10-28 19:07:32'),
(132, 1, 74, '', 1, '2013-10-09 11:19:49', '2013-10-09 13:39:11', '2013-10-20 21:35:30'),
(133, 1, 75, '', 1, '2013-10-31 09:45:35', '2013-11-02 14:31:47', '2013-11-03 12:58:17'),
(134, 1, 76, '', 1, '2013-11-03 13:01:28', '2013-11-04 12:23:20', '2013-11-08 08:46:46'),
(135, 1, 77, '', 1, '2013-11-05 22:11:50', '2013-11-06 10:07:02', '2013-11-08 08:45:10'),
(136, 1, 75, '', 1, '2013-11-20 13:12:44', '2013-11-20 15:20:08', '2013-12-02 12:17:30'),
(137, 1, 79, '', 1, '2013-11-21 15:14:43', '2013-11-21 15:15:54', '2013-11-21 15:16:33'),
(138, 1, 80, '', 1, '2013-11-28 11:33:01', '2013-11-29 11:50:15', '2013-12-02 12:12:41'),
(139, 1, 80, '', 1, '2013-12-09 18:56:04', '2013-12-09 18:56:04', '2013-12-17 20:20:11'),
(140, 1, 82, '', 1, '2013-12-31 20:56:19', '2013-12-31 23:32:57', '2014-01-01 12:10:01');

-- --------------------------------------------------------

--
-- Structure de la table `news_category`
--

CREATE TABLE IF NOT EXISTS `news_category` (
  `id` bigint(20) NOT NULL AUTO_INCREMENT,
  `online` tinyint(1) DEFAULT '1',
  PRIMARY KEY (`id`)
) ENGINE=InnoDB  DEFAULT CHARSET=utf8 AUTO_INCREMENT=2 ;

--
-- Contenu de la table `news_category`
--

INSERT INTO `news_category` (`id`, `online`) VALUES
(1, 1);

-- --------------------------------------------------------

--
-- Structure de la table `news_category_language`
--

CREATE TABLE IF NOT EXISTS `news_category_language` (
  `category_id` bigint(20) NOT NULL,
  `language_id` bigint(20) NOT NULL,
  `title` text,
  PRIMARY KEY (`category_id`,`language_id`),
  KEY `fk_newscateglang_category` (`category_id`),
  KEY `fk_newscateglang_lang` (`language_id`)
) ENGINE=InnoDB DEFAULT CHARSET=utf8;

--
-- Contenu de la table `news_category_language`
--

INSERT INTO `news_category_language` (`category_id`, `language_id`, `title`) VALUES
(1, 1, 'Défaut'),
(1, 2, 'ES Défaut'),
(1, 3, 'Default'),
(1, 4, 'DE Défaut');

-- --------------------------------------------------------

--
-- Structure de la table `news_illustration`
--

CREATE TABLE IF NOT EXISTS `news_illustration` (
  `id` bigint(20) NOT NULL AUTO_INCREMENT,
  `news_id` bigint(20) NOT NULL,
  `filename` text NOT NULL,
  `original_filename` text NOT NULL,
  `online` tinyint(4) NOT NULL,
  `position` bigint(20) NOT NULL,
  `date_add` datetime NOT NULL,
  `date_delete` datetime DEFAULT NULL,
  PRIMARY KEY (`id`),
  KEY `fk_newsillustration_news` (`news_id`)
) ENGINE=InnoDB  DEFAULT CHARSET=utf8 AUTO_INCREMENT=185 ;

--
-- Contenu de la table `news_illustration`
--

INSERT INTO `news_illustration` (`id`, `news_id`, `filename`, `original_filename`, `online`, `position`, `date_add`, `date_delete`) VALUES
(1, 58, '50b0bb9845a9a.jpeg', '413843_3870151628423_606535435_o.jpeg', 1, 0, '2012-11-24 01:20:40', '2012-12-30 16:45:33'),
(2, 58, '50ccac347eb9f.jpeg', '69797_1604147659740_2207325_n.jpeg', 1, 0, '2012-12-15 05:58:28', '2012-12-30 16:45:29'),
(3, 58, '50ccac489bbff.png', 'Capture d’écran 2012-05-24 à 20.27.47.png', 1, 0, '2012-12-15 05:58:48', '2012-12-30 16:40:21'),
(4, 58, '50ccac4d4ed53.jpg', 'contact.jpg', 1, 0, '2012-12-15 05:58:53', '2012-12-30 16:45:16'),
(5, 58, '50ccac53cb121.png', 'Capture d’écran 2012-04-22 à 17.37.14.png', 1, 5, '2012-12-15 05:58:59', '2012-12-29 22:09:38'),
(6, 58, '50ccac5ba11dc.png', 'Capture d’écran 2012-05-24 à 19.43.06.png', 1, 0, '2012-12-15 05:59:07', '2012-12-30 16:40:34'),
(7, 58, '50df27eda4484.png', 'Capture d’écran 2012-12-15 à 17.22.34.png', 1, 0, '2012-12-29 18:27:09', '2012-12-30 16:45:22'),
(8, 58, '50df28069b5eb.png', 'Capture d’écran 2012-05-24 à 20.27.47.png', 1, 0, '2012-12-29 18:27:34', '2012-12-30 16:40:28'),
(9, 58, '50e060551c2df.JPG', 'IMG_0398.JPG', 1, 0, '2012-12-30 16:40:05', '2012-12-30 16:45:54'),
(10, 58, '50e0609bd8c42.JPG', 'IMG_0370.JPG', 1, 9, '2012-12-30 16:41:15', NULL),
(11, 60, '50e5ac6c0a22d.jpg', 'P1000816 copie.jpg', 1, 10, '2013-01-03 17:06:04', NULL),
(12, 61, '50e85ca3e2d66.jpg', 'P1000699 copie site web 2.jpg', 1, 11, '2013-01-05 18:02:28', NULL),
(13, 61, '50e85cc54129d.jpg', 'P1000702 copie  site web 2.jpg', 1, 12, '2013-01-05 18:03:01', NULL),
(14, 61, '50e85ceccc4a8.jpg', 'P1000708 copie siteweb2.jpg', 1, 13, '2013-01-05 18:03:40', NULL),
(15, 63, '50f299c0ed2ef.jpg', 'snapshot_00606E939B92_20130113111820  13 janvier 2013.jpg', 1, 0, '2013-01-13 12:25:53', '2013-01-16 21:27:22'),
(16, 63, '50f2ed6c9a269.jpg', '628823_1339092463266.jpg', 1, 0, '2013-01-13 18:22:52', '2013-01-13 18:23:57'),
(17, 62, '50f2ee7b35a6c.jpg', '628823_1347095055955.jpg', 1, 0, '2013-01-13 18:27:23', '2013-02-03 20:55:03'),
(18, 63, '50f3b90bd579f.JPG', 'IMG_0451.JPG', 1, 16, '2013-01-14 08:51:39', NULL),
(19, 63, '50f70cf5838f7.JPG', 'IMG_0458.JPG', 1, 21, '2013-01-16 21:26:29', NULL),
(20, 63, '50f70d210ab8c.JPG', 'IMG_0467.JPG', 1, 23, '2013-01-16 21:27:13', NULL),
(21, 63, '510ebf2cbdaec.jpg', 'P1030427 copie.jpg', 1, 15, '2013-02-03 20:49:00', NULL),
(22, 62, '510ec007664ff.JPG', 'IMG_0530.JPG', 1, 22, '2013-02-03 20:52:39', NULL),
(23, 62, '510ec0f2107ec.jpg', 'P1060077 copie site web.jpg', 1, 0, '2013-02-03 20:56:34', '2013-02-04 00:02:37'),
(24, 62, '510edc9913339.jpg', 'P1060079 copie.jpg', 1, 18, '2013-02-03 22:54:33', NULL),
(25, 62, '510eed682fa23.jpg', 'P1060077 copie siteweb2.jpg', 1, 20, '2013-02-04 00:06:16', NULL),
(26, 64, '51211a00ea407.jpg', 'peyragudes photos.jpg', 1, 25, '2013-02-17 18:57:21', NULL),
(27, 64, '51211a1d9a9da.jpg', '13187_433643433381062_137267536_n.jpg', 1, 24, '2013-02-17 18:57:49', NULL),
(28, 65, '51211b5cdfe07.jpg', 'P1050355 copie.jpg', 1, 26, '2013-02-17 19:03:08', NULL),
(29, 66, '51211d5d9ecab.JPG', 'P1030972.JPG', 1, 0, '2013-02-17 19:11:41', '2013-04-03 22:13:19'),
(30, 67, '5129d27477337.jpg', 'P1030337 copie site web 2.jpg', 1, 27, '2013-02-24 09:42:28', NULL),
(31, 67, '512a0ab7ce4a6.jpg', 'P1040940 copie.jpg', 1, 0, '2013-02-24 13:42:31', '2013-02-24 13:42:38'),
(32, 68, '5130a5decbcc1.jpg', 'peyragudes photos.jpg', 1, 28, '2013-03-01 13:58:06', NULL),
(33, 69, '51347f1518400.jpg', 'peyragudes_piste.jpg', 1, 30, '2013-03-04 12:01:41', NULL),
(34, 70, '513d95391560a.png', 'header.png', 1, 31, '2013-03-11 09:26:33', NULL),
(35, 71, '51403d6260153.JPG', 'P1030808_redimensionner.JPG', 1, 32, '2013-03-13 09:48:34', NULL),
(36, 72, '5140a86546dbf.jpg', '1359713484-affiche-championnat-france-400.jpg', 1, 33, '2013-03-13 17:25:09', NULL),
(37, 71, '5142e72184f87.jpg', 'P1030490 copie.jpg', 1, 34, '2013-03-15 10:17:21', NULL),
(38, 71, '5142e737b08b5.jpg', 'P1030491 copie.jpg', 1, 35, '2013-03-15 10:17:43', NULL),
(39, 71, '5142e75752bdd.JPG', 'IMG_0603.JPG', 1, 36, '2013-03-15 10:18:15', NULL),
(40, 73, '5146e60b038ab.jpg', 'P1030499 copie.jpg', 1, 37, '2013-03-18 11:01:47', NULL),
(41, 73, '5146e626f1fd5.jpg', 'P1030498 copie.jpg', 1, 38, '2013-03-18 11:02:15', NULL),
(42, 74, '51500fd2169ec.jpg', 'peyragudes photos.jpg', 1, 0, '2013-03-25 09:50:26', '2013-04-04 12:17:15'),
(43, 76, '5152aa88533ab.jpg', 'P1010064 copie siteweb 2.jpg', 1, 0, '2013-03-27 09:15:04', '2013-03-29 10:52:44'),
(44, 76, '515564624f2ef.jpg', 'P1030523 copie.jpg', 1, 41, '2013-03-29 10:52:34', NULL),
(45, 76, '5156b8fcf2bf3.jpg', 'P1000017 copie.jpg', 1, 42, '2013-03-30 11:05:49', NULL),
(46, 76, '5156b9d8a6cb4.JPG', 'P1040068.JPG', 1, 44, '2013-03-30 11:09:28', NULL),
(47, 66, '515c8bf65c956.jpg', 'P1000695 - Copie copie.jpg', 1, 0, '2013-04-03 22:07:18', '2013-04-22 10:39:30'),
(48, 66, '515c8c25147c9.jpg', 'P1000702 copie  site web 2.jpg', 1, 0, '2013-04-03 22:08:05', '2013-04-22 10:39:33'),
(49, 66, '515c8c4a173e3.jpg', 'P1000708 copie siteweb2.jpg', 1, 0, '2013-04-03 22:08:42', '2013-04-22 10:39:37'),
(50, 66, '515c8c65a8c97.jpg', 'P1000707 copie.jpg', 1, 0, '2013-04-03 22:09:09', '2013-04-22 10:39:39'),
(51, 66, '515c8c8caaf56.jpg', 'P1000723 copie.jpg', 1, 0, '2013-04-03 22:09:48', '2013-04-22 10:39:23'),
(52, 66, '515c8cd1034e7.jpg', 'P1000761 copie.jpg', 1, 0, '2013-04-03 22:10:57', '2013-04-22 10:39:42'),
(53, 74, '515d531066c5b.jpg', 'images.jpg', 1, 0, '2013-04-04 12:16:48', '2013-04-08 15:22:39'),
(54, 74, '515d534cac09f.jpg', 'images 2.jpg', 1, 0, '2013-04-04 12:17:48', '2013-04-06 10:41:57'),
(55, 74, '515d535b3e88b.jpg', 'images 4.jpg', 1, 0, '2013-04-04 12:18:03', '2013-04-06 10:41:53'),
(56, 74, '515d5369bb531.jpg', 'images 3.jpg', 1, 0, '2013-04-04 12:18:17', '2013-04-06 10:41:47'),
(57, 77, '515fd9b72c338.JPG', 'Peyresourde.JPG', 1, 54, '2013-04-06 10:15:51', NULL),
(58, 78, '515fdaf0153ba.JPG', 'Peyresourde.JPG', 1, 56, '2013-04-06 10:21:04', NULL),
(59, 74, '515fdfbf15057.JPG', 'Peyresourde.JPG', 1, 55, '2013-04-06 10:41:35', NULL),
(60, 74, '51613bd74a8d4.jpg', 'Raquettes-a-neige-dans-le-vallon-de-Loriaz-au-dessus-de-Vallorcine.jpg', 1, 0, '2013-04-07 11:26:47', '2013-04-08 15:22:45'),
(61, 74, '51613c0355e8c.jpg', 'P1030524 copie.jpg', 1, 0, '2013-04-07 11:27:31', '2013-04-08 15:25:15'),
(62, 74, '5162c4e4f1710.jpg', 'P1030349 copie site web 2.jpg', 1, 59, '2013-04-08 15:23:49', NULL),
(63, 74, '5162c528f0a4e.jpg', 'P1030337 copie site web 2.jpg', 1, 60, '2013-04-08 15:24:57', NULL),
(64, 74, '5162c57d25475.jpg', 'P1010063 copie siteweb 2.jpg', 1, 61, '2013-04-08 15:26:21', NULL),
(65, 101, '516fe460e047b.jpg', 'P1030541 copie.jpg', 1, 62, '2013-04-18 14:17:36', NULL),
(66, 102, '5173a6291b184.JPG', 'DSC_0100.JPG', 1, 63, '2013-04-21 10:41:13', NULL),
(67, 66, '5174f7263bda7.jpg', 'P1010533_redimensionner site web.jpg', 1, 0, '2013-04-22 10:39:02', '2013-04-29 09:42:43'),
(68, 66, '5176385b04671.JPG', 'DSC_0100.JPG', 1, 0, '2013-04-23 09:29:31', '2013-04-29 09:42:41'),
(69, 103, '517b826072acc.jpg', 'snapshot_ chalet 27 avril 2013 matin.jpg', 1, 0, '2013-04-27 09:46:40', '2013-04-28 09:05:49'),
(70, 103, '517ba4972727a.jpg', 'P1030546 copie.jpg', 1, 68, '2013-04-27 12:12:39', NULL),
(71, 103, '517ba4b681695.jpg', 'P1030549 copie.jpg', 1, 66, '2013-04-27 12:13:10', NULL),
(72, 66, '517e2464832de.JPG', 'IMG_0192.JPG', 1, 0, '2013-04-29 09:42:28', '2013-05-20 07:55:20'),
(73, 104, '5188ff0bdd471.jpg', 'fetemere.jpg', 1, 69, '2013-05-07 15:18:03', NULL),
(74, 105, '5195fd486d11f.jpg', 'P1030633 copie.jpg', 1, 0, '2013-05-17 11:50:00', '2013-05-19 11:00:34'),
(75, 105, '51989474bc18d.jpg', 'P1030664 copie.jpg', 1, 71, '2013-05-19 10:59:32', NULL),
(76, 66, '5199bac083bf8.jpg', 'P1030638 copie.jpg', 1, 72, '2013-05-20 07:55:12', NULL),
(77, 106, '519af005486a6.jpg', 'bien_etre_centres_thermoludiques_034116img_747x500.jpg', 1, 73, '2013-05-21 05:54:45', NULL),
(78, 107, '519ccdddde64d.JPG', 'IMG_0781.JPG', 1, 74, '2013-05-22 15:53:33', NULL),
(79, 107, '519cce0680f29.jpg', 'P1050517 copie.jpg', 1, 75, '2013-05-22 15:54:14', NULL),
(80, 107, '519cce376bd0f.jpg', 'P1060077 copie siteweb2.jpg', 1, 76, '2013-05-22 15:55:03', NULL),
(81, 108, '519f04bb1293e.jpg', 'P1030688 copie.jpg', 1, 77, '2013-05-24 08:12:11', NULL),
(82, 108, '519f04dcd3b49.jpg', 'P1030689 copie.jpg', 1, 78, '2013-05-24 08:12:44', NULL),
(83, 108, '519f04ff3d3d1.jpg', 'P1030690 copie.jpg', 1, 79, '2013-05-24 08:13:19', NULL),
(84, 109, '519f8737e145d.JPG', 'IMG_0778.JPG', 1, 80, '2013-05-24 17:28:55', NULL),
(85, 109, '519f8804c0150.jpg', 'P1030682 copie.jpg', 1, 81, '2013-05-24 17:32:20', NULL),
(86, 109, '519f883474851.jpg', '2420 copie.jpg', 1, 83, '2013-05-24 17:33:08', NULL),
(87, 109, '519f885c937d9.jpg', 'P1030573 copie.jpg', 1, 82, '2013-05-24 17:33:48', NULL),
(88, 110, '51a87fe6c8b24.jpg', 'Girolles crues.jpg', 1, 84, '2013-05-31 12:48:06', NULL),
(89, 111, '51b194a7ed30c.jpg', 'P1030598 copie.jpg', 1, 85, '2013-06-07 10:07:04', NULL),
(90, 112, '51b45edb21f8b.jpg', 'P1050431 copie siteweb2.jpg', 1, 86, '2013-06-09 12:54:19', NULL),
(91, 113, '51b6e027ee534.jpg', 'P1030838 copie.jpg', 1, 0, '2013-06-11 10:30:31', '2013-06-11 10:37:23'),
(92, 113, '51b6e168e1953.jpg', 'P1030856 copie.jpg', 1, 0, '2013-06-11 10:35:52', '2013-06-11 16:22:35'),
(93, 113, '51b6e1937b9e3.jpg', 'P1030907 copie.jpg', 1, 0, '2013-06-11 10:36:35', '2013-06-13 10:44:59'),
(94, 113, '51b6e1bbb60f6.jpg', 'P1030931 copie.jpg', 1, 0, '2013-06-11 10:37:15', '2013-06-13 10:44:55'),
(95, 113, '51b98681dc28c.jpg', 'P1060077 copie siteweb2.jpg', 1, 91, '2013-06-13 10:44:49', NULL),
(96, 113, '51bdbe800125c.jpg', 'P1030834 copie.jpg', 1, 93, '2013-06-16 15:32:48', NULL),
(97, 113, '51bdbebe2179f.jpg', 'P1030847 copie.jpg', 1, 92, '2013-06-16 15:33:50', NULL),
(98, 114, '51c203e8b893f.jpg', 'P1040015 copie.jpg', 1, 0, '2013-06-19 21:18:00', '2013-06-19 22:50:51'),
(99, 114, '51c34e8dd7b59.JPG', 'IMG_0876.JPG', 1, 94, '2013-06-20 20:48:45', NULL),
(100, 115, '51c350cbbbb43.JPG', 'IMG_0877.JPG', 1, 0, '2013-06-20 20:58:19', '2013-06-21 18:54:27'),
(101, 115, '51c4853821197.jpg', 'P1030597 copie.jpg', 1, 0, '2013-06-21 18:54:16', '2013-06-24 11:23:50'),
(102, 115, '51c8101eb25eb.JPG', 'IMG_0877.JPG', 1, 97, '2013-06-24 11:23:42', NULL),
(103, 116, '51cc367027f62.jpg', 'P1030816 copie.jpg', 1, 98, '2013-06-27 14:56:16', NULL),
(104, 117, '51d144943e36d.jpg', 'P1030819 copie.jpg', 1, 99, '2013-07-01 10:57:56', NULL),
(105, 117, '51d144b285090.JPG', 'chalet.JPG', 1, 0, '2013-07-01 10:58:26', '2013-07-01 10:58:32'),
(106, 117, '51d144d437a27.JPG', 'IMG_0778.JPG', 1, 0, '2013-07-01 10:59:00', '2013-07-18 11:00:34'),
(107, 117, '51daaf0d1c552.jpg', 'P1010329 copie.jpg', 1, 101, '2013-07-08 14:22:37', NULL),
(108, 118, '51de704a92856.jpg', 'P1030597 copie.jpg', 1, 102, '2013-07-11 10:43:54', NULL),
(109, 119, '51e51da99bb65.jpg', 'P1030264_redimensionner copie pour alec 1.jpg', 1, 103, '2013-07-16 12:17:13', NULL),
(110, 119, '51e6902ced59d.JPG', 'IMG_0921.JPG', 1, 104, '2013-07-17 14:38:05', NULL),
(111, 119, '51e6904a91d6c.JPG', 'IMG_0922.JPG', 1, 105, '2013-07-17 14:38:34', NULL),
(112, 119, '51e6906369e62.JPG', 'IMG_0925.JPG', 1, 106, '2013-07-17 14:38:59', NULL),
(113, 119, '51e6907c8b20d.JPG', 'IMG_0934.JPG', 1, 107, '2013-07-17 14:39:24', NULL),
(114, 120, '51f90a59a4e87.jpg', 'images.jpg', 1, 108, '2013-07-31 15:00:09', NULL),
(115, 120, '51f90aa340e91.jpg', 'images luchon fete des fleurs.jpg', 1, 109, '2013-07-31 15:01:23', NULL),
(116, 120, '51f90ab63ee67.jpg', 'index.jpg', 1, 110, '2013-07-31 15:01:42', NULL),
(117, 121, '52035dc19b566.jpg', 'P1040108 copie.jpg', 1, 111, '2013-08-08 10:58:41', NULL),
(118, 122, '5204c6f305042.jpg', 'P1030337 copie site web 2.jpg', 1, 112, '2013-08-09 12:39:47', NULL),
(119, 123, '5207c41be637a.jpg', 'P1030573 copie.jpg', 1, 0, '2013-08-11 19:04:27', '2013-08-19 11:44:23'),
(120, 123, '5207d48fed826.JPG', 'IMG_0831.JPG', 1, 0, '2013-08-11 20:14:40', '2013-08-23 18:22:19'),
(121, 124, '520fa3910dd0b.jpg', 'P1030573 copie.jpg', 1, 0, '2013-08-17 18:23:45', '2013-08-18 12:19:51'),
(122, 124, '52109fb201f2c.jpg', 'P1030337 copie site web 2.jpg', 1, 117, '2013-08-18 12:19:30', NULL),
(123, 123, '5211e9107cc9b.jpg', 'P1020543_redimensionner copie 2.jpg', 1, 0, '2013-08-19 11:44:48', '2013-08-23 18:21:41'),
(124, 125, '5211ec05e3329.jpg', 'P1030662 copie.jpg', 1, 118, '2013-08-19 11:57:26', NULL),
(125, 126, '5214a43d50b6d.jpg', 'P1020543_redimensionner copie 2.jpg', 1, 0, '2013-08-21 13:27:57', '2013-08-21 13:32:55'),
(126, 126, '5214a45fd5021.jpg', 'P1040254 copie site web.jpg', 1, 120, '2013-08-21 13:28:31', NULL),
(127, 126, '5214a5678e120.jpg', 'P1040250 copie site web.jpg', 1, 121, '2013-08-21 13:32:55', NULL),
(128, 126, '5214a58b2ec4c.jpg', 'P1040255 copie site web 2.jpg', 1, 122, '2013-08-21 13:33:31', NULL),
(129, 126, '5214a5a366a62.jpg', 'P1040257 copie site web 2.jpg', 1, 123, '2013-08-21 13:33:55', NULL),
(130, 126, '5214a5e8a4864.jpg', 'P1030819 copie.jpg', 1, 124, '2013-08-21 13:35:04', NULL),
(131, 123, '52178c32b7d1e.jpg', 'P1030573 copie.jpg', 1, 0, '2013-08-23 18:22:10', '2013-08-23 18:23:21'),
(132, 123, '52178c591e3be.JPG', 'IMG_1070.JPG', 1, 0, '2013-08-23 18:22:49', '2013-08-23 18:23:24'),
(133, 123, '52178c7347b9f.JPG', 'IMG_1072.JPG', 1, 0, '2013-08-23 18:23:15', '2013-08-24 20:54:01'),
(134, 123, '5219013b393c2.JPG', 'IMG_0778.JPG', 1, 129, '2013-08-24 20:53:47', NULL),
(135, 127, '5219c1e5a99f2.jpg', 'P1020526 copie.jpg', 1, 131, '2013-08-25 10:35:49', NULL),
(136, 127, '5219c21dd5a4f.jpg', 'P1020525 copie.jpg', 1, 128, '2013-08-25 10:36:45', NULL),
(137, 123, '521b404f0a7c0.jpg', 'P1050504 copie  siteweb 2.jpg', 1, 130, '2013-08-26 13:47:27', NULL),
(138, 128, '521c760acdc3c.jpg', 'IMG_0531 copie siteweb2.jpg', 1, 0, '2013-08-27 11:48:58', '2013-08-30 17:15:25'),
(139, 128, '521c762e7ebd3.jpg', 'P1030426 copie.jpg', 1, 0, '2013-08-27 11:49:34', '2013-10-26 11:41:34'),
(140, 128, '521c77f33bc3e.jpg', 'IMG_0536 copie.jpg', 1, 0, '2013-08-27 11:57:07', '2013-10-26 11:41:43'),
(141, 128, '5220b82ac2c3a.JPG', 'IMG_0530.JPG', 1, 0, '2013-08-30 17:20:10', '2013-10-26 11:41:31'),
(142, 129, '5220f73ed1f54.jpg', 'IMG_1629_redimensionner.jpg', 1, 140, '2013-08-30 21:49:18', NULL),
(143, 129, '5222088c26cf4.jpg', 'bien_etre_centres_thermoludiques_034116img_747x500.jpg', 1, 139, '2013-08-31 17:15:24', NULL),
(144, 129, '522208c8a9d48.jpg', 'vaporarium-luchon-.jpg', 1, 138, '2013-08-31 17:16:24', NULL),
(145, 129, '52220b4b46daa.jpg', 'balnea.jpg', 1, 137, '2013-08-31 17:27:07', NULL),
(146, 129, '52220e8fecb06.JPG', 'IMG_1033.JPG', 1, 141, '2013-08-31 17:41:04', NULL),
(147, 130, '523962b35f4a1.JPG', 'IMG_1084.JPG', 1, 0, '2013-09-18 10:22:11', '2013-09-19 09:15:07'),
(148, 130, '523aa476872ef.jpg', 'P1060077 copie 2.jpg', 1, 145, '2013-09-19 09:15:02', NULL),
(149, 130, '523aa4995604b.JPG', 'IMG_0778.JPG', 1, 144, '2013-09-19 09:15:37', NULL),
(150, 130, '523aa5071e6d0.JPG', 'IMG_0828.JPG', 1, 146, '2013-09-19 09:17:27', NULL),
(151, 130, '523aa634caca2.jpg', 'P1020293 copie.jpg', 1, 143, '2013-09-19 09:22:28', NULL),
(152, 129, '523f01ae803ed.JPG', 'IMG_1086.JPG', 1, 147, '2013-09-22 16:41:50', NULL),
(153, 129, '5241c274792bb.jpg', '201201182157.jpg', 1, 136, '2013-09-24 18:48:52', NULL),
(154, 131, '52528dd6dc1f5.JPG', 'P1020342_redimensionner.JPG', 1, 148, '2013-10-07 12:32:55', NULL),
(155, 132, '5255200410a1d.jpg', 'P1030427 copie.jpg', 1, 150, '2013-10-09 11:21:08', NULL),
(156, 128, '526b8e4750611.jpg', 'IMG_0402 copie site web.jpg', 1, 0, '2013-10-26 11:41:27', '2013-11-08 10:26:58'),
(157, 128, '52714e525ba03.JPG', 'IMG_1290.JPG', 1, 0, '2013-10-30 19:22:10', '2013-11-08 08:46:12'),
(158, 133, '527219236147a.jpg', 'P1030337 copie site web 2.jpg', 1, 0, '2013-10-31 09:47:31', '2013-11-01 00:35:43'),
(159, 133, '527219da6d26f.jpg', 'P1020525 copie.jpg', 1, 154, '2013-10-31 09:50:34', NULL),
(160, 133, '5272e82c1ed62.jpg', 'l''Estive 2.jpg', 1, 0, '2013-11-01 00:30:52', '2013-11-01 22:08:55'),
(161, 133, '5272e97c97096.jpg', 'P1030347 copie  site web 2.jpg', 1, 0, '2013-11-01 00:36:28', '2013-11-01 22:10:36'),
(162, 133, '527418c4068e5.jpg', 'Le Vénasque.jpg', 1, 156, '2013-11-01 22:10:28', NULL),
(163, 134, '52763b4e53570.JPG', 'IMG_1084.JPG', 1, 0, '2013-11-03 13:02:22', '2013-11-04 12:20:07'),
(164, 134, '527782ded6256.JPG', 'IMG_0778.JPG', 1, 0, '2013-11-04 12:19:58', '2013-11-04 13:22:03'),
(165, 134, '5277915a94c72.JPG', 'IMG_0781.JPG', 1, 159, '2013-11-04 13:21:46', NULL),
(166, 134, '527791657171d.JPG', 'IMG_0781.JPG', 1, 0, '2013-11-04 13:21:57', '2013-11-04 13:22:09'),
(167, 135, '52795f9f5f16d.jpg', 'P1020350_redimensionner copie copier.jpg', 1, 160, '2013-11-05 22:14:07', NULL),
(168, 128, '527cae5c48474.jpg', 'P1030427 copie.jpg', 1, 0, '2013-11-08 10:26:52', '2013-11-11 07:51:45'),
(169, 128, '527caf40e5081.jpg', 'P1030524 copie.jpg', 1, 0, '2013-11-08 10:30:40', '2013-12-02 12:15:35'),
(170, 128, '528c61d6f06b9.jpg', 'phpThumb_generated_thumbnailjpg.jpg', 1, 0, '2013-11-20 08:16:39', '2013-12-02 12:17:05'),
(171, 136, '528ca7694e370.jpg', 'peyragudes_piste.jpg', 1, 163, '2013-11-20 13:13:29', NULL),
(172, 137, '528e158d716dc.jpg', 'vacances-au-ski.jpg', 1, 164, '2013-11-21 15:15:41', NULL),
(173, 138, '52971c276ac8c.jpg', 'P1040262 copie.jpg', 1, 0, '2013-11-28 11:34:15', '2013-12-01 13:58:41'),
(174, 138, '529b3277f13a6.jpg', 'P1040314 copie.jpg', 1, 167, '2013-12-01 13:58:32', NULL),
(175, 128, '529c6c1dc39a6.jpg', 'P1040319 copie.jpg', 1, 0, '2013-12-02 12:16:45', '2013-12-11 20:47:49'),
(176, 139, '52a60489c2dde.jpg', 'Suite Le Vénasque - couette à fleurs.jpg', 1, 169, '2013-12-09 18:57:29', NULL),
(177, 139, '52a604bc350bc.jpg', 'P1040217 copie Suite le Vénasque 2 nov 2013.jpg', 1, 168, '2013-12-09 18:58:20', NULL),
(178, 128, '52a8c1554534f.jpg', 'P1040312 copie.jpg', 1, 0, '2013-12-11 20:47:33', '2013-12-12 11:45:25'),
(179, 128, '52a8c2b583920.jpg', 'P1040321 copie.jpg', 1, 0, '2013-12-11 20:53:25', '2013-12-12 11:45:21'),
(180, 128, '52a993bb9bd8a.JPG', 'IMG_0783.JPG', 1, 0, '2013-12-12 11:45:15', '2013-12-12 11:46:48'),
(181, 128, '52a9941268781.JPG', 'IMG_0788.JPG', 1, 0, '2013-12-12 11:46:42', '2013-12-17 20:19:55'),
(182, 128, '52b0a3d2243e0.jpg', 'P1040388 copie.jpg', 1, 0, '2013-12-17 20:19:46', '2013-12-29 21:36:58'),
(183, 128, '52b841ba91404.jpg', 'phpThumb_generated_thumbnailjpg.jpg', 1, 174, '2013-12-23 14:59:22', NULL),
(184, 140, '52c3223cd7948.jpg', 'P1000695 - Copie copie.jpg', 1, 175, '2013-12-31 20:59:56', NULL);

-- --------------------------------------------------------

--
-- Structure de la table `news_language`
--

CREATE TABLE IF NOT EXISTS `news_language` (
  `news_id` bigint(20) NOT NULL,
  `language_id` bigint(20) NOT NULL,
  `title` text,
  `content` text,
  `link` text,
  PRIMARY KEY (`news_id`,`language_id`),
  KEY `fk_newslang_news` (`news_id`),
  KEY `fk_newslang_lang` (`language_id`)
) ENGINE=InnoDB DEFAULT CHARSET=utf8;

--
-- Contenu de la table `news_language`
--

INSERT INTO `news_language` (`news_id`, `language_id`, `title`, `content`, `link`) VALUES
(54, 1, 'Réservation hiver 2013', '<b><font size="&quot;&quot;\\&quot;3\\&quot;&quot;&quot;">État des réservation Février / Mars 2013</font></b><br><br><span style="&quot;&quot;\\&quot;color:&quot;&quot;" rgb(128,="&quot;&quot;&quot;&quot;" 0,="&quot;&quot;&quot;&quot;" 128);\\"="&quot;&quot;&quot;&quot;">Notre Chalet "Etch Soulet"<br>\r\n            </span><span style="&quot;&quot;\\&quot;color:&quot;&quot;" rgb(128,="&quot;&quot;&quot;&quot;" 0,="&quot;&quot;&quot;&quot;" 128);\\"="&quot;&quot;&quot;&quot;"><u>En Février :</u> du lundi 04 au vendredi 08 février 2013 est encore disponible. ( 4 nuitées )<br>\r\n            </span><span style="&quot;&quot;\\&quot;color:&quot;&quot;" rgb(128,="&quot;&quot;&quot;&quot;" 0,="&quot;&quot;&quot;&quot;" 128);\\"="&quot;&quot;&quot;&quot;"><u>En Mars</u>\r\n  : le chalet reste actuellement disponible du samedi 02 mars au samedi \r\n 16 mars ( vacances scolaires zone A et zone C)&nbsp; puis&nbsp; du samedi soir 16\r\n mars au vendredi  29 Mars 2013 matin.(hors vacances scolaires)</span>  <br>', ''),
(54, 2, '', '<br>', ''),
(54, 3, '', '<br>', ''),
(54, 4, '', '<br>', ''),
(55, 1, 'Premières neiges', '												Nous avons eu le bonheur de découvrir que la neige a commencé à faire son apparition dans la nuit du 25 au 26 septembre à partir de 2400m.<br><br>Nous en profitons pour vous rappeler le calendrier d''ouverture<font size="1">**</font> des stations à proximité de votre location<br><br>\r\n<h3><b><font size="3">Peyragudes</font></b></h3>* 24 et 25 novembre 2012<br>* 1 et 2 décembre&nbsp;2012, <br>\r\n* 6 au 9 décembre&nbsp;2012<br>* 15 et 16 décembre 2012 <br>\r\n* 22 décembre 2012 au Lundi&nbsp;1er Avril 2013&nbsp; \r\n<br><br><font size="1"><br>** Sous réserve de bonne conditions d’enneigement.</font><br>', ''),
(55, 2, '', '<br>', ''),
(55, 3, '', '<br>', ''),
(55, 4, '', '<br>', ''),
(56, 1, 'Test', 'Test<br>', ''),
(56, 2, '', '<br>', ''),
(56, 3, '', '<br>', ''),
(56, 4, '', '<br>', ''),
(57, 1, 'Test', '<p><strong>Lorem Ipsum</strong> is simply dummy \r\ntext of the printing and typesetting industry. Lorem Ipsum has been the \r\nindustry''s standard dummy text ever since the 1500s, when an unknown \r\nprinter took a galley of type and scrambled it to make a type specimen \r\nbook. It has survived not only five centuries, but also the leap into \r\nelectronic typesetting, remaining essentially unchanged. It was \r\npopularised in the 1960s with the release of Letraset sheets containing \r\nLorem Ipsum passages, and more recently with desktop publishing software\r\n like Aldus PageMaker including versions of Lorem Ipsum.</p><div class="rc"><p>It\r\n is a long established fact that a reader will be distracted by the \r\nreadable content of a page when looking at its layout. The point of \r\nusing Lorem Ipsum is that it has a more-or-less normal distribution of \r\nletters, as opposed to using ''Content here, content here'', making it \r\nlook like readable English. Many desktop publishing packages and web \r\npage editors now use Lorem Ipsum as their default model text, and a \r\nsearch for ''lorem ipsum'' will uncover many web sites still in their \r\ninfancy. Various versions have evolved over the years, sometimes by \r\naccident, sometimes on purpose (injected humour and the like).</p></div>&nbsp;<div class="lc"><p>Contrary\r\n to popular belief, Lorem Ipsum is not simply random text. It has roots \r\nin a piece of classical Latin literature from 45 BC, making it over 2000\r\n years old. Richard McClintock, a Latin professor at Hampden-Sydney \r\nCollege in Virginia, looked up one of the more obscure Latin words, \r\nconsectetur, from a Lorem Ipsum passage, and going through the cites of \r\nthe word in classical literature, discovered the undoubtable source. \r\nLorem Ipsum comes from sections 1.10.32 and 1.10.33 of "de Finibus \r\nBonorum et Malorum" (The Extremes of Good and Evil) by Cicero, written \r\nin 45 BC. This book is a treatise on the theory of ethics, very popular \r\nduring the Renaissance. The first line of Lorem Ipsum, "Lorem ipsum \r\ndolor sit amet..", comes from a line in section 1.10.32.</p></div>', ''),
(57, 2, '', '<br>', ''),
(57, 3, '', '<br>', ''),
(57, 4, '', '<br>', ''),
(58, 1, 'Au Chalet "Etch Soulet " - Semaine du 09 au 17 Mars 2013 encore disponible !!!', '			\r\n				<table id="chambre" align="left" cellpadding="0" cellspacing="0" height="494" width="669"><tbody><tr>\r\n					<td id="chambre" class="titre" colspan="2" align="center">\r\n						<b>Semaine du 09 au 16 ( ou 17 ) mars 2013</b> <b>Encore disponible</b> !!!<br></td>\r\n				</tr>\r\n				<tr>\r\n					<td style="padding-left : 10px; padding-top : 10px; padding-bottom : 10px;" class="texte">\r\n												<h2 style="text-align: center;"><span style="color: rgb(128, 128, 128);"> </span></h2>\r\n<span style="color: rgb(255, 0, 0);"> </span>\r\n<h2 style="text-align: center;">&nbsp;</h2>\r\n<span style="background-color: rgb(255, 255, 255);"> </span>\r\n<h2 style="text-align: center;"><span style="color: rgb(128, 0, 0);"><u><strong>CHALET&nbsp;: Semaine du Samedi 09 Mars au samedi 16 Mars 2013 encore disponible ( 2950 € la semaine au lieu de 3150 € !) </strong></u></span><strong><br>\r\n</strong></h2>\r\n&nbsp;\r\n&nbsp;\r\n<span style="color: rgb(255, 0, 0);"> </span>\r\n&nbsp;\r\n&nbsp;\r\n<span style="color: rgb(255, 0, 0);">&nbsp;</span>\r\n<p style="text-align: center;"><span style="color: rgb(255, 0, 0);">&nbsp;<strong><br>\r\n</strong><span style="color: rgb(128, 0, 0);"><strong>Académie de Bordeaux - Créteil, Paris, Versailles</strong></span></span>					</p></td></tr></tbody></table>', ''),
(58, 2, '', '<br>', ''),
(58, 3, '', '<br>', ''),
(58, 4, '', '<br>', ''),
(59, 1, 'Ouh bah ça alors !', '<p>The \r\nstandard chunk of Lorem Ipsum used since the 1500s is reproduced below \r\nfor those interested. Sections 1.10.32 and 1.10.33 from "de Finibus \r\nBonorum et Malorum" by Cicero are also reproduced in their exact \r\noriginal form, accompanied by English versions from the 1914 translation\r\n by H. Rackham.The \r\nstandard chunk of Lorem Ipsum used since the 1500s is reproduced below \r\nfor those interested. Sections 1.10.32 and 1.10.33 from "de Finibus \r\nBonorum et Malorum" by Cicero are also reproduced in their exact \r\noriginal form, accompanied by English versions from the 1914 translation\r\n by H. Rackham.</p>', ''),
(59, 2, '', '<br>', ''),
(59, 3, '', '<br>', ''),
(59, 4, '', '<br>', ''),
(60, 1, 'Bonne et Heureuse Année 2013 !', 'Nous vous souhaitons une Bonne et Heureuse Année 2013 !<br>', ''),
(60, 2, '', '<br>', ''),
(60, 3, '', '<br>', ''),
(60, 4, '', '<br>', ''),
(61, 1, 'Grand Beau Soleil sur Luchon', 'Toujours du grand beau temps sur Luchon. Temps idéal pour skier ou randonner tranquille !<br>', ''),
(61, 2, '', '<br>', ''),
(61, 3, '', '<br>', ''),
(61, 4, '', '<br>', ''),
(62, 1, 'Disponibilité chalet - vacances d''hiver  mois de  Mars 2013', '<h4><b>Il nous reste encore une disponibilité de location pour notre appartement ETCH SOULET 2 pour max 14 personnes du 09 Mars au 16 Mars 2013.</b></h4><h4>Tarif de la location : pour 8 personnes : 1200 €; pour 9 personnes: 1350 €; pour 10 personnes: 1500 €; pour 11 personnes: 1650 €; pour 12 personnes: 1800 €; pour 13 personnes: 1950 €; pour 14 personnes: 2100 €, toutes charges comprises (eau, électricité, chauffage central au gaz)</h4><h4><br><b>( Zone C : Académies de Bordeaux, Paris, Créteil, Versailles )<br></b></h4><br>', ''),
(62, 2, '', '<br>', ''),
(62, 3, '', '<br>', ''),
(62, 4, '', '<br>', ''),
(63, 1, 'Luchon toujours sous la neige !!!!', 'Il neige abondamment sur Bagnères de Luchon . Notre chalet etch soulet et notre maison d''hôtes de charme "au delà du temps" sous la neige<br><br>', ''),
(63, 2, '', '<br>', ''),
(63, 3, '', '<br>', ''),
(63, 4, '', '<br>', ''),
(64, 1, 'Grand beau temps cette semaine  ( du 17/02 au 23/02/2013)', '<h4>Ca&nbsp; y est , le beau temps est revenu pour les vacances d''hiver,après les fortes chutes de neige que nous avons connu durant un mois. Inutile de vous dire que l''enneigement est au top et que toutes les conditions sont réunis pour se faire plaisir!<br></h4><h4>Si vous souhaitez faire une petite virée au ski cette semaine, n''hésitez pas à nous contacter ( location minimum deux nuitées) , nous avons encore des disponibilités en chambres d''Hôtes.<br></h4>', ''),
(64, 2, '', '<br>', ''),
(64, 3, '', '<br>', ''),
(64, 4, '', '<br>', ''),
(65, 1, '', 'Les demandes de location printemps - été 2013 ont déjà commencé. N''hésitez pas à nous contacter pour connaître nos disponibilités.<br>', ''),
(65, 2, '', '<br>', ''),
(65, 3, '', '<br>', ''),
(65, 4, '', '<br>', ''),
(66, 1, 'Locations  Eté 2013 Chalet : Tarif promotionnel jusqu''au 31 Mai ! c''est le moment d''en profiter!', '<b>TARIF PROMOTIONNEL pour toute location semaine au mois de Juillet pour le chalet complet : 2100 € au lieu de 2200 €&nbsp; -&nbsp;&nbsp; </b><b><u>offre valable jusqu''au 31 Mai 2013</u></b>, c''est le moment d''en profiter !<br><br>Alors, n''hésitez pas à nous contacter dés à présent afin de réserver la période qui vous convient !<br><br><br><br>', ''),
(66, 2, 'Alquileres Verano de 2013 Chalé completo: ¡ tarifa promocional hasta el 30 de mayo! ¡ Aproveche de allí!', '<span class="transpan"><span style="background-color: rgb(239, 239, 239);" id="tran0"><b>TARIFA PROMOCIONAL</b> para todo alquiler <b>en julio para el chalé completo </b>(max 22 personnas): - el 9 % (2200€-110 € = <b>2000 €</b>)</span><br><br><span id="tran1">Oferta válida hasta el 30 de mayo 2013</span><br><br><span style="background-color: rgb(239, 239, 239);" id="tran2">¡ Entonces, no vacile en ponérsenos en contacto con dados ahora con el fin de reservar el período qué le conviene!</span></span>', ''),
(66, 3, 'Rents Summer, 2013 Chalet: promotinnel rate until May 30th! Take advantage Now!', '<span class="transpan"><span style="background-color: rgb(239, 239, 239);" id="tran0"><b>PROMOTIONAL RATE</b> for any rent <b>in July for the complete chalet</b> (pers 22): - 9% (2200€ - 110 € = <b>2000 €</b>)</span><br><br><u><span id="tran1">Valid offer until May 30th, 2013</span></u><br><br><span style="background-color: rgb(239, 239, 239);" id="tran2">Then, don''t hesitate to contact us now to reserve the period which suits you!</span></span>', ''),
(66, 4, '', '<br>', ''),
(67, 1, 'Disponibilité Chambres d''Hôtes', '<div align="center"><b>Notre Suite "Le Vénasque" est disponible du 24 février au 01 mars 2013</b>. Pour deux ou trois personnes<br><b>Contact au 05 61 89 13 53 ou au&nbsp; 06 18 64 14 29</b><br></div>', ''),
(67, 2, '', '<br>', ''),
(67, 3, '', '<br>', ''),
(67, 4, '', '<br>', ''),
(68, 1, 'Disponibilités Chambres d''Hôtes en Mars', 'Notre Suite <i>Le Vénasque</i> pour deux personnes est disponible à partir du 15 Mars.<br><br>Nos suites <i>Peyresourde</i> et <i>L''Estive</i> sont libres à partir du 17 Mars<br><br><b>N''hésitez pas à prolonger votre saison de ski, en profitant de l''enneigement exceptionnel de cette année !</b><br>', ''),
(68, 2, '', '<br>', ''),
(68, 3, '', '<br>', ''),
(68, 4, '', '<br>', ''),
(69, 1, 'Peyragudes', '<p style="text-align: center;"><b><span style="color: rgb(128, 0, 0);"><strong>BONNE&nbsp;NOUVELLE</strong></span><span style="color: rgb(128, 0, 0);"> !!!</span></b>\r\n</p><p style="text-align: center;"><span style="color: rgb(128, 0, 0);">Compte tenu de l''enneigement cette année,</span><b><span style="color: rgb(128, 0, 0);"><strong> </strong></span><span style="color: rgb(128, 0, 0);"><strong></strong>la station de Peyragudes reste ouverte jusqu''au&nbsp; 07 Avril 2013 !!! </span><span style="color: rgb(128, 0, 0);"><strong><br>\r\n</strong></span></b>\r\n</p><p style="text-align: center;"><span style="color: rgb(255, 0, 0);">Vous\r\n pouvez encore nous réserver&nbsp; une chambres d''Hôtes ou&nbsp; le chalet&nbsp;&nbsp; ( \r\nappartement 8 pers encore dispo weekend du&nbsp; 05 au 07 avril)</span></p><p style="text-align: center;"><br><span style="color: rgb(255, 0, 0);"></span></p><p style="text-align: center;"><span style="color: rgb(255, 0, 0);"><u>Du 18 au 24 Mars - Championnat de France de ski Alpin à Peyragudes !</u></span></p><p style="text-align: center;"><br>Du 18 au 24 mars 2013: Championnats de France de Ski Alpin: La station \r\nde Peyragudes a la plaisir d''accueillir les 100èmes championnats de \r\nFrance de Ski Alpin, de retour dans les Pyrénées après 30 ans d''absence.\r\n Les meilleurs coureurs Français (entre autres: Adrien Théaux, Jean \r\nBaptiste Grange, Alexis Pinturault, Tessa Worley, Marion Rolland, \r\nAnne-Sophie Barthet...) s''affronteront sur les pistes de la station en \r\nSlalom, Géant, Super G et Descente. Spectacle assuré!					</p>', ''),
(69, 2, '', '<br>', ''),
(69, 3, '', '<br>', ''),
(69, 4, '', '<br>', ''),
(70, 1, 'Notre Site Internet change de visage !', '<div align="center"><b>Notre site web change de visage, Bienvenue sur notre nouveau site internet !</b><br><br><b>Retravaillé par notre Webmaster préféré ( notre fils Alexandre ) notre site internet a subi un grand lifting afin d''être toujours plus performant. Prochainement sa traduction en Anglais et en Espagnol viendront compléter la transformation.</b><br></div>', ''),
(70, 2, '', '<br>', ''),
(70, 3, '', '<br>', ''),
(70, 4, '', '<br>', ''),
(71, 1, 'Retour de la neige et du grand beau temps !', '<b>Ce matin, vendredi 15 mars , retour de la neige et du grand beau temps&nbsp; !!!&nbsp; </b><br>', ''),
(71, 2, '', '<br>', ''),
(71, 3, '', '<br>', ''),
(71, 4, '', '<br>', ''),
(72, 1, 'du  18 au 24 Mars 2013 - à Peyragudes - Championnat de France de Ski Alpin', '<div class="zendapp-fiche-visuel">\r\n					<img src="http://www.n-py.com/zendapp/var/media/images/cache/230x316/1359713484-affiche-championnat-france-400.jpg" alt="Championnats de France de Ski Alpin">\r\n			</div>\r\n\r\n	<div class="zendapp-fiche-texte">\r\n		<p>Pour la saison 2012-2013, et pour la première fois depuis plus de \r\n30 ans, la Fédération Française de Ski a attribué l''organisation des \r\n100èmes Championnats de France de Ski à la station de Peyragudes.</p>\r\n<p>Pour cet événement, la station aura l''honneur et le plaisir de \r\nrecevoir toute l''élite du ski français, notamment Adrien Théaux, Jean \r\nBaptiste Grange, Alexis Pinturault chez les hommes, et Tessa Worley, \r\nMarion Rolland, Anne Sophie Barthet chez les femmes.</p>\r\n<p>Les coureurs s''affronteront en Slalom, Géant, Super G et Descente sur\r\n les différentes pistes de la station, et proposerons un spectacle qui \r\ns''annonce grandiose.</p>\r\n<p><a class="bouton" href="http://www.n-py.com/images/stories/contenu/stations/Peyragudes/programme%20public%20100me%20championnat%20de%20france%20de%20ski%20alpin.pdf" target="_blank">VOIR LE PROGRAMME COMPLET DES EPREUVES</a></p>\r\n<h3>Offre tele n''pass No Souci</h3>\r\n<p>Les titulaires de la Télé N''Pass No Souci et de la Télé N''Pass No Souci Etudiants profiteront de <strong>50% de réduction sur le tarif public de la journée ski</strong> (18€ au lieu de 36€) pour assister aux épreuves du championnat de France de ski alpin du 19 au 24 mars 2013.</p>	</div>', ''),
(72, 2, '', '<br>', ''),
(72, 3, '', '<br>', ''),
(72, 4, '', '<br>', ''),
(73, 1, 'Dimanche 24 MARS - Toujours le GRAND BLEU sur LUCHON', 'Dimanche 24 Mars - Grand calme - Météo idéale ce matin avec&nbsp; ciel bleu&nbsp; !<br><br>Et si vous vous faisiez plaisir et venez skier ou vous balader pour quelques jours !!!<br>', ''),
(73, 2, '', '<br>', ''),
(73, 3, '', '<br>', ''),
(73, 4, '', '<br>', ''),
(74, 1, 'Mois d''Avril & de Mai - Préparez vos week-ends !', '<div align="justify">&nbsp;<b>Les beaux jours sont là!</b> <b>Bientôt les weekends de l''Ascension, de la Pentecôte ...<br><br>&nbsp;Choisissez votre Suite: Chambres d''Hôtes de Charme pour deux, trois ou quatre personnes<br><br>Weekend du 24/25/26 Mai : chalet complet encore disponible<br></b>&nbsp;<br><br><br><br></div>', ''),
(74, 2, ' Peyragudes abierta hasta el 07 de abril', 'Esquí en Peyragudes - La estación queda abierta hasta el 07 de abril. No vacile en ponerse en contacto con nosotros si usted desea le reserver un cuarto para una o varias noches para 2 o 3 o 4 personas.<br>', ''),
(74, 3, 'LAST WEEKEND Skiing to Peyragudes until April 07th!', 'The station of Peyragudes will be opened until April 07th. If you wish to reserve a bedroom, it''s still possible.<br>', ''),
(74, 4, '', '<br>', ''),
(75, 1, 'Réservation', '<h4><b>Pour réserver, n''oubliez pas de remplir tous les champs marqué d''une * Merci !</b></h4>', ''),
(75, 2, '', '<br>', ''),
(75, 3, '', '<br>', ''),
(75, 4, '', '<br>', ''),
(76, 1, 'Week end de Pâques du 30 mars au 01 avril ', 'Grand beau sur Luchon !<br>', ''),
(76, 2, '', '<br>', ''),
(76, 3, 'Easter week end from 30 March to 01 April', '<b style="font-family: Verdana, Arial, sans-serif; font-size: 12px; font-style: normal; font-variant: normal; line-height: 12px;">Come on ! Come recharge your batteries !</b><div style="font-family: Verdana, Arial, sans-serif; font-size: 12px; font-style: normal; font-variant: normal; line-height: 12px;"><br></div><div style="font-family: Verdana, Arial, sans-serif; font-size: 12px; font-style: normal; font-variant: normal; line-height: 12px;"><b>Our two suites "Peyresourde" and "L''Estive" are still available.</b></div><div style="font-family: Verdana, Arial, sans-serif; font-size: 12px; font-style: normal; font-variant: normal; line-height: 12px;"><b><br></b></div><div style="font-family: Verdana, Arial, sans-serif; font-size: 12px; font-style: normal; font-variant: normal; line-height: 12px;"><b>Last-minute reservation :&nbsp;</b><b style="font-family: Verdana, Arial, sans-serif; font-size: 12px; font-style: normal; font-variant: normal; line-height: 12px;">+0033&nbsp;</b><b style="font-family: Verdana, Arial, sans-serif; font-size: 12px; font-style: normal; font-variant: normal; line-height: 12px;">(0)</b><b>561 891 353 or&nbsp;</b><b style="font-family: Verdana, Arial, sans-serif; font-size: 12px; font-style: normal; font-variant: normal; line-height: 12px;">+0033&nbsp;(0)618 641 429</b></div>', ''),
(76, 4, '', '<br>', ''),
(100, 1, 'rthrthtr', 'rthrt', ''),
(100, 2, '', '<br>', ''),
(100, 3, '', '<br>', ''),
(100, 4, '', '<br>', ''),
(101, 1, 'Toujours du grand beau temps à Luchon !', 'Aujourd''hui samedi 20 avril, le beau temps est de nouveau présent à Bagnères de Luchon après l''épisode neigeux d''hier.<br><br>N''hésitez pas à nous contacter, nous avons encore des disponibilités en chambres d''Hôtes ( Peyresourde et Le Vénasque) pour ce weekend.<br>', ''),
(101, 2, '', '<br>', ''),
(101, 3, '', '<br>', ''),
(101, 4, '', '<br>', ''),
(102, 1, 'Weekend du 03 au 05 Mai 2013 ou Pont du 01 mai au 05 mai !', '<b>Venez vous ressourcer à Luchon! Notre chalet est actuellement disponible pour le weekend du 03 au 05 Mai 2013. </b><br><br><b>Pont du 01 Mai: Possibilité de louer à partir du mercredi 01 Mai&nbsp; jusqu''au dimanche 05 mai. </b><br>', ''),
(102, 2, '', '<br>', ''),
(102, 3, '', '<br>', ''),
(102, 4, '', '<br>', ''),
(103, 1, '28 avril - A défaut de soleil, nous avons aujourd''hui de la Neige ! ', 'A défaut de soleil sur les Pyrénées, nous avons ce matin de la neige au Chalet. Nos locataires vont pouvoir s''adonner au plaisir de la luge !<br><br><br><br>', ''),
(103, 2, ' el 28 de abril - no sol pero nueve !', '<br>', ''),
(103, 3, 'Today april 28 th , the snow woke us !', 'After a quite weather at the beginning of the week, we wake up this morning with the snow ! Nice views<br><br>', ''),
(103, 4, '', '<br>', ''),
(104, 1, 'Cadeau Chambres d''Hôtes ou Chalet - offrez un séjour à votre Mamam', 'La fête des Mères c''est le 26 mai prochain...<br>Offrez un séjour de charme à votre maman !<br>Parce que chaque maman est unique !', ''),
(104, 2, '', '<br>', ''),
(104, 3, '', '<br>', ''),
(104, 4, '', '<br>', ''),
(105, 1, 'Météo du Jour 20 mai 2013', 'ce matin, temps couvert<br>', ''),
(105, 2, '', '<br>', ''),
(105, 3, '', '<br>', ''),
(105, 4, '', '<br>', ''),
(106, 1, 'Fête des Mères - encore des disponibilités en chambres d''Hôtes pour le weekend prochain', '<span class="userContent" data-ft="{&quot;tn&quot;:&quot;K&quot;}"><b>Centre Luchon Forme et bien être</b>: <b>FETE \r\nDES MERES</b> : OFFRE EXCEPTIONNELLE, le Rendez-vous Plaisir à 37€ au lieu \r\nde 44€ (hammam, piscine, application de boue, bain hydromassant) dans la\r\n limite des places disponibles.</span>', ''),
(106, 2, '', '<br>', ''),
(106, 3, '', '<br>', ''),
(106, 4, '', '<br>', ''),
(107, 1, 'Attention Dernières Minutes!!!! Spécial Fête des Mères:weekend du 24 au 26 Mai. Notre exclusivité ! Appartement pour deux ou quatre personnes avec JACUZZI PRIVE !!!', '<b>En couple ou en famille, dans un grand chalet à la montagne!</b><br><br>Dans notre Chalet, l''appartement avec jacuzzi étant disponible le<b> weekend du 24 au 26 Mai prochain pour la fête des Mères</b>, nous vous proposons sa location pour un couple avec ou sans enfants. ( trois enfants maximum, dormant dans une même chambre).<br><br><b>Prestation:</b><br>- location dans l''appartement de&nbsp; la cuisine, une ou deux chambres, une salle de bain, un wc indépendant, le salon avec cheminée, la salle de relaxation avec grand jacuzzi. Le deuxième étage sera fermée à la location.<br>- Les ingrédients pour le petits déjeuners ( lait, thé, café,chocolat, pain de campagne, pain brioché, jus de fruits, fruits, gâteaux maisons, etc...)<br>- Champagne avec supplément<br><br><b>Tarif pour le weekend: </b><br>- Pour deux personnes: 300 euros<br>- Personne supplémentaire: + 25 euros ( maximum trois enfants) <br>- supplément bouteille de champagne: + 20 euros<br><br><b>Condition de location: <br>- </b>acompte de réservation (100 €) par Paypal et à la signature du contrat de location, règlement du solde de la location en espèces à votre arrivée sur présentation de notre facture.<br>- Chèque de caution de garantie de 1600 euros (chèque non encaissé et rendu à votre départ si aucun dégât n''a été constaté.<br><br><b>Réservation avant vendredi 24 mai et avant 10 heures sur ce site web ( pour réserver) ou par Tel: 05 61 89 13 53</b><br><i>Pas sérieux s''abstenir</i><br><br><b>Frédérique &amp; François Roy</b><br>', ''),
(107, 2, '', '<br>', ''),
(107, 3, '', '<br>', ''),
(107, 4, '', '<br>', ''),
(108, 1, 'Météo du Jour : 24 Mai 2013 - 8 heures', 'La météo et les journalistes nous racontent n''importe quoi !!! Voici des photos prisent ce matin à Luchon. où est la neige et les conditions catastrophiques annoncées !!!!<br>1ère photocotè Vénasque ( Sud); 2ème photo cotè ouest; 3ème photo coté nord-est<br>', ''),
(108, 2, '', '<br>', ''),
(108, 3, '', '<br>', ''),
(108, 4, '', '<br>', ''),
(109, 1, 'Escapade entre Filles ! Vous êtes plutôt Chalet ou plutôt Maison d''Hôtes ?', '<b>&nbsp;Weekend entre Filles !!!&nbsp; </b>Vous êtes plutôt Chalet, soirée&nbsp; coin du feu et jacuzzi ou vous êtes plutôt Chambres d''Hôtes, balnéo et petits déjeuners cocooning ?<br><br>', ''),
(109, 2, '', '<br>', ''),
(109, 3, '', '<br>', ''),
(109, 4, '', '<br>', ''),
(110, 1, 'Derniers jours de pluie  !', 'Profitez bien de vos derniers jours de pluie, car le beau temps est annoncé dès la semaine prochaine. Peut être en prime les premières girolles !!! :-)<br>', ''),
(110, 2, '', '<br>', ''),
(110, 3, '', '<br>', ''),
(110, 4, '', '<br>', ''),
(111, 1, 'Petit à petit le beau temps revient', 'Petit à petit le beau temps revient à Luchon , avec des journées bien ensoleillées .Un petit orange vient souvent en fin d''après midi... pour arroser les fleurs !<br>', ''),
(111, 2, '', '<br>', ''),
(111, 3, '', '<br>', ''),
(111, 4, '', '<br>', ''),
(112, 1, 'Disponibilité Location Chalet mois de Juin', 'Les weekends du 14/15/16 juin et du 21/22/23 juin sont encore disponibles à la location.<br>Prévison météo weekend du 14 au 16 juin: Beau temps T° de 15° le matin&nbsp; à 23° l''après midi.<br>', ''),
(112, 2, '', '<br>', ''),
(112, 3, '', '<br>', ''),
(112, 4, '', '<br>', ''),
(113, 1, 'Location Chalet ! Offre promotionnelle jusqu''au 30 Juin inclus !', '<u>Profitez de notre</u><b><u> Offre Promotionnelle </u></b><u>valable jusqu''au 30 Juin inclus</u>: <br><b><br></b>Tarif location semaine pour le chalet complet : <b>la semaine à 2000 € au lieu de 2200 €.<br><br>ATTENTION : DERNIER JOUR DE LA PROMOTION. DEMAIN IL SERA TROP TARD !<br><br><br><br><br><br></b><br><br>', ''),
(113, 2, '¡ La Montaña es muy bién, también en verano!', 'Todavía tenemos muchas disponibilidades para este verano. Al Chalé o en cuartos de Huéspedes, venga saque provecho de la calidad de nuestros alquileres.<br>Hasta pronto<br>', ''),
(113, 3, 'The Mountain, it is so good also in summer!', '<b>This summer the week of rent for the chalet is 2000 euro instead of 2200 euro . Take advantage of it!</b><br>', ''),
(113, 4, '', '<br>', ''),
(114, 1, 'Retour à la normale', 'Notre village a subi une&nbsp;inondation&nbsp;dans la journée de mardi suite à un glissement de terrain ayant fait sortir "La pique", petit rivière locale, de son lit accompagné d''heures de pluie.<div><br></div><div>Nous avons eu la chance de n''avoir que notre cave d''inondée et aucun autre dégât.Les chambres, le jardin, la piscine, rien&nbsp; n''a ete abimé!<br></div><div><br></div><div>Par solidarité avec notre voisinage qui a subi de bien plus lourdes pertes, et que nous sommes décidé à aider pendant les 2 prochains jours, nous ne pourrons malheureusement pas vous accueillir avant vendredi 21.<br>Connaissant des difficultés avec internet, n''hésitez pas à nous contacter par téléphone pour vos réservations. En ce qui concerne le chalet, aucun soucis à signaler<br></div><div><br></div><div>Nous vous remercions par avance de votre compréhension.</div>', ''),
(114, 2, '', '<br>', ''),
(114, 3, 'Back to normal', '<div><span style="font-family: Verdana, Arial, sans-serif; font-size: 12px; font-style: normal; font-variant: normal; line-height: 12px;">Our village suffered this tuesday of a terrible river flood resulting of a landsliding which burst "La pique"''s banks.</span></div><span style="font-family: Verdana, Arial, sans-serif; font-size: 12px; font-style: normal; font-variant: normal; line-height: 12px;"><div><br></div><div>Luckily, only our basement has been flooded.</div><div><br></div><div>In the name of solidarity with our neighbors, who suffered more than us and lost a lot, we will help them the two next days. Unfortunately and for those reasons, we won''t be able to welcome you at our guest house until friday 21.</div><div><br></div><div>Thank you for your comprehension.</div></span>', ''),
(114, 4, '', '<br>', ''),
(115, 1, 'RETOUR A LA NORMALE A ST MAMET et à BAGNERES DE LUCHON ', '<b>NOUS SOMMES MAINTENANT EN MESURE DE VOUS RECEVOIR DANS NOS CHAMBRES D''HÔTES A ST MAMET.<br><br>Le chalet à Portet de Luchon est lui aussi opérationnel car il n''avait&nbsp; subit aucun dégât.</b><br><br><b>LA VIE REPREND ET NOUS SOUHAITONS VOUS REVOIR&nbsp; PROFITER DE CETTE BELLE REGION DES PYRENEES.</b><br><br><b>De nombreuses randonnées (sécurisées) sont possibles dés maintenant.</b><br><br><b>ALORS N''HESITEZ PAS A VENIR !</b><br><br><br>', ''),
(115, 2, '', '<br>', ''),
(115, 3, '', '<br>', ''),
(115, 4, '', '<br>', ''),
(116, 1, 'Disponibilité weekend du 28 au 30 juin Chambres d''Hôtes', 'Notre Suite L''Estive (2 à 4 pers)&nbsp; est encore disponible ce weekend. Grand Beau Temps annoncé :-)<br>', ''),
(116, 2, '', '<br>', ''),
(116, 3, '', '<br>', ''),
(116, 4, '', '<br>', ''),
(117, 1, 'Venir se ressourcer à Bagnères de Luchon cet été', 'N''hésitez pas à venir profiter de notre belle région&nbsp; et de la fraicheur des nuits à la montagne...<br><br>c''est avec grand plaisir que nous pouvons vous accueillir soit en chambres d''Hôtes à St Mamet, soit en gestion libre dans notre chalet à Portet de Luchon. Nous avons encore quelques disponibilités.<br>Ce soir et demain ( 22 &amp; 23 juillet) , notre Suite L''Estive de deux à quatre personnes est disponible<br>', ''),
(117, 2, '', '<br>', ''),
(117, 3, 'Come to Bagnères de Luchon this summer', '<span class="transpan"><span style="background-color: rgb(239, 239, 239);" id="tran2">Temperature\r\n of the swimming pool in 28 ° at the moment! <br>Don''t hesitate to come to \r\ntake advantage of our beautiful region this summer. <br>Our two houses \r\nhaving undergone no damage, it is with great pleasure that we can \r\nwelcome you either in B &amp; B to St Mamet, or in free management in\r\n our chalet in Portet de Luchon.</span></span>', ''),
(117, 4, '', '<br>', ''),
(118, 1, 'des disponibilités pour le weekend prochain ', 'Deux de nos Suites sont encore disponibles pour ce weekend, n''hésitez pas à nous contacter pour réserver<br>', ''),
(118, 2, '', '<br>', ''),
(118, 3, 'Availabilities for next weekend !', 'Two of our Suites are still available for this weekend, don''t&nbsp; hesitate to contact us to reserve<br>', ''),
(118, 4, '', '<br>', ''),
(119, 1, 'Disponibilités du 16 au 21 juillet ', 'Nos chambres sont actuellement disponibles du 16 au 21 juillet 2013<br><br>Fête des Fleurs à Luchon weekend du 23 au 25 août: réservez dés à présent votre séjour chez nous !<br>', ''),
(119, 2, 'Disponibilidades del 16 al 21 de julio', 'Nuestros cuartos están actualmente disponibles del 16 al 21 de julio 2013<br>', ''),
(119, 3, 'Availability from 16 till 21 July', 'Our bedrooms are at present available from 16 till 21 July 2013<br>', ''),
(119, 4, '', '<br>', ''),
(120, 1, 'Fête des Fleurs - Luchon - du 23 au 25 Août', '<b> la Fête des Fleurs de Luchon&nbsp; ( du 23 au 25 Août 2013 ) </b><br><br><br><b>Notre Suite L''Estive de deux à quatre personnes ( une ou deux chambres) est disponible du 17 au 21 août puis&nbsp; après le 25 août.<br><br>Notre Suite Le Vénasque ( deux voir trois personnes) est disponible du 17 au 19 août ( 2 nuitées)&nbsp; puis à partir du 23 août 2013</b><br>', ''),
(120, 2, '', '<span class="transpan"><b><span style="background-color: rgb(239, 239, 239);" id="tran0">Nuestro\r\n Cuarto L'' Estive para dos o cuatro personas (un o dos \r\ncuartos) está disponible a partir del 17 de agosto de 2013</span><br><br><span id="tran1">Nuestro Cuarto Le Vénasque (dos ver a tres personas) está disponible a parir del 22 de agosto de 2013</span><br><br><span id="tran2">Dados ahora, no vacile en reservar su cámara para la Fiesta de las Flores (del 23 al 25 de agosto)</span></b><br><br><span style="background-color: rgb(239, 239, 239);" id="tran3">Alquiler dos noches pasadas mínimo</span></span>', ''),
(120, 3, '', '<span class="transpan"><span style="background-color: rgb(239, 239, 239);" id="tran0">Our Suite L'' Estive from two to four persons ( one or two bedrooms is available from August 17th, 2013</span><br><br><span id="tran1">Our Suite Le Vénasque (two or three persons) is available from August 22nd, 2013</span><br><br><span style="background-color: rgb(239, 239, 239);" id="tran2">Don''t hesitate to reserve your bedroom for the Luchon Flower''s party (from 23 till 25 August)</span><br><br><span style="background-color: rgb(239, 239, 239);" id="tran3">Rent two overnight stays minimum</span></span>', ''),
(120, 4, '', '<br>', ''),
(121, 1, 'Luchon, pour se ressourcer !', 'Venez profiter de quelques jours de repos pour repartir du bon pied .<br>', ''),
(121, 2, '', '<br>', ''),
(121, 3, '', '<br>', ''),
(121, 4, '', '<br>', ''),
(122, 1, 'Disponibilité suite à un désistement de notre Suite Vénasque pour deux', '<b>Suite à un désistement, Notre Suite Le Vénasque ( avec petite cuisine d''appoint) pour deux ou trois personnes est disponible du 15 août au 19 août 2013.</b><br><b>Si vous souhaitez prolonger votre séjour , notre Suite L''Estive est également disponible du 19 au 21 août </b><br><b>N''hésitez pas à nous contacter rapidement.</b><br>', ''),
(122, 2, 'Disponibilidad en respuesta a un desestimiento de nuestra habitación Le Vénasque para dos', '<span class="transpan"><span style="background-color: rgb(239, 239, 239);" id="tran0">En\r\n respuesta a un desestimiento, Nuestra habitación Le Vénasque (con \r\npequeña cocina de complemento) para dos o tres personas está disponible \r\ndel 11 de agosto al 19 de agosto de 2013.</span><br><span style="background-color: rgb(239, 239, 239);" id="tran1">Si usted desea prolongar su estancia, nuestra cuarto L'' Estive está también disponible del 19 al 21 de agosto</span></span>', ''),
(122, 3, 'Availability further to a withdrawal of our Suite le Vénasque for two', '<span class="transpan"><span style="background-color: rgb(239, 239, 239);" id="tran0">Further\r\n to a withdrawal, Our Suite Le Vénasque (with a small kitchen) for two or three persons is available \r\nfrom August 11th till August 19th, 2013.</span><br><span style="background-color: rgb(239, 239, 239);" id="tran1">If you wish to extend your stay, our Suite Estive is also available from 19 till 21 August</span></span>', ''),
(122, 4, '', '<br>', ''),
(123, 1, 'Disponibilité Chalet mois d''août', '<h4><b>&nbsp;Notre chalet est&nbsp; disponible à partir du 24 août 2013. Location semaine ou à partir de trois nuitées en gestion libre pour 2 - 4 - 6 - 8 personnes et plus !&nbsp; Pour réserver, n''hésitez pas à nous contacter au 06 18 64 14 29 ou par notre formulaire de réservation **********</b></h4><p><b>Début septembre - disponibilité en chambres d''hôtes. Consulter notre calendrier de Disponibilités.</b><br></p>', ''),
(123, 2, 'disponibilidad  Agosto', '<b>Nuestro chalé está disponible a partir del 24 de agosto</b><br>', ''),
(123, 3, 'Avaibility - our Chalet -  August', 'Our chalet is available between August 24th<br>', ''),
(123, 4, '', '<br>', ''),
(124, 1, 'Disponibilité chambre d''hôtes 2 personnes ce soir dimanche 18 août  pour 1 nuitée', '<b>Suite à un désistement notre Suite le Vénasque est disponible pour la nuit du 18 au 19 août ( ce soir): 82 euro la nuitée, petits déjeuners compris.</b><div><b>Contactez nous rapidement au 06 18 64 14 29</b><br></div>', ''),
(124, 2, 'Tenemos un cuarto de libre para dos personas, para esta tarde (18 de agosto)', 'Tenemos un cuarto de libre para dos personas, para esta tarde (18 de agosto) 82 euro, con desayunos<br>', ''),
(124, 3, 'availity for this night B&B for 2 people', 'We have one availibility for to night ( 18 th) rate: 82 euro , breakfasts included', ''),
(124, 4, '', '<br>', ''),
(125, 1, 'Possibilité de louer notre Chalet à partir du samedi 24 août 2013 - ', 'Etudions toute les demandes sérieuses. Location en gestion libre à partir de deux nuitées.<br>', ''),
(125, 2, '', '<br>', ''),
(125, 3, '', '<br>', ''),
(125, 4, '', '<br>', ''),
(126, 1, 'Désistement de dernière minute !', 'Suite à un désistement, notre Suite Familiale Peyresourde ( 2 - 3 ou 4 personnes) (39 m²)&nbsp; est disponible ce soir 22 août et demain 23 août&nbsp; (2 nuitées) . N''hésitez pas à nous contacter au 06 18 64 14 29 ou au 05 61 89 13 53.-----------------<br><br>Possibilité de logement à partir du 24 août dans notre chalet , à Portet de Luchon.<br>', ''),
(126, 2, 'Desestimiento !!!!', 'En respuesta a un desestimiento, nuestra Habitación Peyresourde ( 2- 4 personas) está disponible del 21 al 24 de agosto (3 noches pasadas ). No vacile en ponerse en contacto con nosotros al 00 33 6 18 64 14 29<br>', ''),
(126, 3, 'Withdrawal - Availibility !!!!!', 'Further to a withdrawal, our Suite&nbsp; Peyresourde ( 2 - 4 people) is available from 21 till 24 August ( 3 overnight stays). Do not hesitate to contact us to 00 33 6 18 64 14 29<br>', ''),
(126, 4, '', '<br>', ''),
(127, 1, 'Disponibilité Chalet pour la Toussaint 19/10 au 03/11/2013 - Offre Promo', '<h3><b>Venez profiter des Pyrénées - Vacances de la Toussaint: , du 19/10 au 03/11/2013 ------------ Notre chalet est actuellement disponible .Tarif location une semaine chalet complet: 1700 euros (22 personnes)</b></h3>', ''),
(127, 2, '', '<br>', ''),
(127, 3, '', '<br>', ''),
(127, 4, '', '<br>', ''),
(128, 1, 'Vacances scolaires Février/Mars 2014, réservez sans plus attendre notre chalet etch soulet 1 & 2 ou nos chambres d''hôtes', '<h4><strong>Vacances scolaires d&#39;hiver de F&eacute;vrier/Mars 2014 : CHALET <strong>ENCORE DISPONIBLE semaines du 15/02/2014 au 22/02/2014 (zone C) et du 08/03/2014 au 16/03/2014</strong>&nbsp; <strong>(Zone A) 2950 &euro; la semaine</strong></strong></h4>\r\nCHAMBRES D&#39;HOTES: nombreuses disponibilit&eacute;s nous consulter<br />\r\n<br />\r\nHappy new Year !!!\r\n<p>&nbsp;</p>\r\n\r\n<p>&nbsp;</p>\r\n\r\n<h4>&nbsp;</h4>\r\n\r\n<p>&nbsp;</p>\r\n', ''),
(128, 2, 'Esquí - Nieve y Sol -  nuestro chalè con su jacuzi - Febrero y marzo 2014', '<h4>Del 15 de febrero al 15 marzo de 2014 : &euro; 2950 por semana de alquiler, todo el chal&egrave; (m&aacute;ximo 22 personas)<br />\r\n&nbsp;</h4>\r\n', ''),
(128, 3, 'Sky - Sow - and Sun - and our great chalet with the jacuzzi of course !', '<h4><strong>Our chalet is still available from&nbsp; february 11th to mars 20th</strong></h4>\r\n\r\n<h4><strong>The rate for one week&#39;s rental is 2950 euro</strong></h4>\r\n', ''),
(128, 4, '', '', ''),
(129, 1, 'Séjour en Septembre ou Octobre : disponibilités  en Chambres d'' Hôtes ou dans notre Chalet', '<b>N''hésitez pas à consulter notre calendrier des disponibilités et venez profitez de notre arrière saison estivale pour prendre du bon temps et vous ressourcer à <a target="_blank" title="" href="http://www.balnea.fr/">Balnéa</a> ou à <a target="_blank" title="" href="http://http://www.luchon-bien-etre.fr/">Luchon Forme et Bien être</a> § </b>----- <b>§</b><br>Possibilité actuellement de location du chalet pour un couple seulement (appartement avec jacuzzi - 2 nuitées minimum 140 € la nuitée) linge de couchage - linge de toilette fournis ( possibilité fourniture pour petits déjeuners avec supplément) Nous prévenir à l''avance, merci&nbsp; <br><br><b>---- Piscine de nouveau&nbsp; ouverte (26°) en chambres d''Hôtes !!!<br></b><br>', ''),
(129, 2, '', '<br>', ''),
(129, 3, '', '<br>', ''),
(129, 4, '', '<br>', ''),
(130, 1, 'Mois de septembre - Octobre  SPECIAL BRAME DU CERF !', '* Notre Offre Spéciale "Brame du Cerf" - location SEMAINE (7 nuitées) notre appartement Etch Soulet 2 avec jacuzzi inclus (jusqu''à 14 personnes)&nbsp; 1150 euros ou&nbsp; sans&nbsp; jacuzzi 1050 €------ jour d''arrivée flexible&nbsp; --------- A partir de samedi 21 septembre grand beau temps annoncé avec des températures estivales<br>&nbsp;<br>', ''),
(130, 2, 'Més de septiembre - octubre', '<span class="transpan"><span style="background-color: rgb(239, 239, 239);" id="tran0">*\r\n Nuestra Oferta especial " Brama del Ciervo " - ALQUILER SEMANA (7 \r\nnoches pasadas) nuestro apartamento Etch \r\nSoulet 2 con jacuzzi (hasta 14 personas) solamente 1150 euros o sin el \r\njacuzzi 1050 euro------día al punto flexible---------A partir del \r\nsábado, 21 de septiembre el tiempo grande bello anunciado con \r\ntemperaturas estivales</span><br><span style="background-color: rgb(239, 239, 239);" id="tran1"> * Alquiler posible para dos o quatros personas</span></span>', ''),
(130, 3, 'For september & October - discount !', '<span class="transpan"><span style="background-color: rgb(239, 239, 239);" id="tran0">\r\n Our Special offer " Squall of the Deer " - RENT WEEK ( 7 overnight \r\nstays) our apartment Etch Soulet 2 with Jacuzzi (up to 14 persons) only \r\n1150 euros or without the Jacuzzi 1050 €------in the daytime of flexible\r\n arrival---------From Saturday, September 21st big good weather \r\nannounced with summer(summery) temperatures</span><br><span style="background-color: rgb(239, 239, 239);" id="tran1"> * Possible rent for one or two couples</span></span>', ''),
(130, 4, '', '<br>', ''),
(131, 1, 'Promo sur location chalet, weekend du 11/12/13 octobre ', 'location weekend du 11,12,13 octobre 2013 tarif promotionnel: 600 € pour l''appartement etch soulet 2 et 890 € pour le chalet complet. Demande de réservation sur le site.<br>', ''),
(131, 2, '', '<br>', ''),
(131, 3, '', '<br>', ''),
(131, 4, '', '<br>', ''),
(132, 1, 'Chalet: Offre Spéciale  - séjour début février hors vacances scolaires 2500 € les 7 nuitées', 'Notre chalet complet - Offre Spéciale période comprise entre le lundi 03 février 2014 et le samedi 15 février 2014 - location 7 nuitées : 2500 euros. (offre limitée dans le temps, ne tardez pas !!!!)<br>', ''),
(132, 2, '', '<br>', ''),
(132, 3, '', '<br>', ''),
(132, 4, '', '<br>', ''),
(133, 1, 'Suite Le Vénasque disponible ce weekend du 31 octobre au 03 novembre', 'Weekend de la Toussaint: soleil, belles couleurs automnales, petit feu dans la cheminée au petit déjeuner ! notre Suite Le Vénasque est encore disponible<br>', ''),
(133, 2, '', '<br>', ''),
(133, 3, 'this weekend', '<span id="result_box" class="" lang="en"><span class="hps">Weekend</span> <span class="hps">of All Saints:</span> <span class="hps">sun,</span> <span class="hps">beautiful fall colors</span><span>, a small</span> <span class="hps">fire in the fireplace</span> <span class="hps">for breakfast!</span> <span class="hps">The</span> <span class="hps">Vénasque</span><span class="hps"></span> <span class="hps">Suite</span> <span class="hps">is still available</span></span>', ''),
(133, 4, '', '<br>', ''),
(134, 1, 'Weekend du 08/09/10/11 novembre 2013:  Pont du 11 novembre:beau temps annoncé et jacuzzi assuré !', '<b>Pont du 11 novembre!!!&nbsp; location du chalet entier ( les 2 appartements):&nbsp; <u>la nuitée du dimanche soir est offerte</u> ---&gt; 950 € le weekend&nbsp; du vendredi au lundi</b> <b>fin d''après midi.</b><br>................fermeture du centre de balnéothérapie de&nbsp; Balnéa le 12 novembre !!!!<br>', ''),
(134, 2, '', '<br>', ''),
(134, 3, '', '<br>', ''),
(134, 4, '', '<br>', ''),
(135, 1, 'LE WEEKEND du pont du 11 Novembre en AMOUREUX: LE chalet pour vous !', '<span class="userContent">WEEKEND en AMOUREUX: Etch Soulet 2 rien que pour vous  deux !<br> Le weekend prochain, si vous souhaitez un petit weekend en amoureux au chalet, rien que pour vous deux . C''est possible !!!<br> en réservant dés à présent ou avant le jeudi 07 novembre 2013 20 heures.<br> <br>\r\n Prestation:  ( avec petits déjeuners , non servi, inclus). Le Jacuzzi \r\npour vous deux, une chambre avec lit double 160 x 200, le salon avec \r\ncheminée (bois offert), une salle de bain, la cuisine équipée.<br> Fourniture pour le petit déjeuner( p<span class="text_exposed_show">ain, brioche, thé, café,lait ou chocolat, jus de fruits, fruits, yaourt et gâteau maison)<br> Linge de maison, linge de toilette, savon, shampoing.<br> ménage pris en charge.<br> Tarif de la prestation: 150 € la nuitée ( location 2 nuitées minimum)<br> caution de garantie  demandée non encaissée ( chèque de 1600 € rendue à votre départ si aucun dégât n''a été constaté)<br> Réservation: <a href="http://www.facebook.com/l.php?u=http%3A%2F%2Ffr.gite-luchon.com%2Fcontact&amp;h=qAQFlKUW0&amp;enc=AZMs5d8F98WFxNOBJEkaEzNMCPHTapwN6dI__QKqGxCzPYxZO32s0rXIb05y25Sqo9WgY9Q0JRTpIOMy1zyYN7vGPmtEysNwAGAKOr8BH-ombOJl5AFCE7m6aivTHB08twdTVXkQ647SMZVatE5kp1wL&amp;s=1" rel="nofollow nofollow" target="_blank">http://fr.gite-luchon.com/contact</a> ou au 05 61 89 13 53<br> A bientôt !</span></span>', ''),
(135, 2, '', '<br>', ''),
(135, 3, '', '<br>', ''),
(135, 4, '', '<br>', ''),
(136, 1, 'Ouverture de Peyragudes le 30 Novembre - Chalet disponible', '<span>Bonjour à tous! Il est retombé entre 20 et 25 cm de neige cette \r\nnuit à Peyragudes, d''autres chutes sont annoncées pour les jours à venir et tout est \r\nen fonctionnement pour préparer les pistes! Actuellement il y a 60cm de \r\nneige au pied des pistes et 90cm en haut du domaine! Ouverture prévue le\r\n 30 novembre et le 1er décembre. A très bientôt sur les pistes!<br>Notre chalet est disponible les 3 premiers weekends de décembre ( tarif fin 2013:&nbsp; 900 € le weekend)<br></span>', ''),
(136, 2, '', '<br>', ''),
(136, 3, '', '<br>', ''),
(136, 4, '', '<br>', ''),
(137, 1, 'en direct : webcam de peyragudes - il neige !', '<a target="_blank" title="" href="http://http://pv.viewsurf.com/?id=59">webcam station de peyragudes actuellement</a><br>', ''),
(137, 2, '', '<br>', ''),
(137, 3, '', '<br>', ''),
(137, 4, '', '<br>', ''),
(138, 1, 'Ce weekend du 29 nov au 01 décembre Neige et Grand Bleu au programme !', '<h4>Ce weekend, les stations de Peyragudes et de Superbagnères pour le ski alpin et la station de Nistos pour le ski de fond ouvrent leurs&nbsp; pistes. Il fait un grand beau temps et il y a déjà une épaisse couche de neige.&nbsp;</h4><h4>Ce weekend, Possibilité de louer appartement etch soulet 2 avec jacuzzi pour deux avec petits déjeuners inclus 150 € la nuitée. Nous contacter au 06 18 64 14 29<br></h4><h4>Ce weekend s''annonce extra! Pourquoi ne pas en profiter et venir passer une ou deux nuits, chez nous, on vous attend !</h4>', ''),
(138, 2, '', '<br>', ''),
(138, 3, '', '<br>', ''),
(138, 4, '', '<br>', ''),
(139, 1, 'Weekend prochain du 13 au 15 décembre 2013', '<h4 align="right">Pourquoi ne pas s''offrir un petit weekend en chambres d''hôtes ? nos Suites&nbsp; <i><b>Le Vénasque ou Peyresourde</b></i> sont actuellement disponibles, alors n''hésitez pas !</h4>', ''),
(139, 2, '', '<br>', ''),
(139, 3, '', '<br>', ''),
(139, 4, '', '<br>', ''),
(140, 1, 'Happy new Year !!!!', '<strong><em>Nous vous souhaitons une tr&eacute;s belle Ann&eacute;e 2014 et une myriade de bons moments chez nous, au chalet ou en chambres d&#39;H&ocirc;tes !!!</em></strong>', ''),
(140, 2, '', '', ''),
(140, 3, '', '', ''),
(140, 4, '', '', '');

-- --------------------------------------------------------

--
-- Structure de la table `product`
--

CREATE TABLE IF NOT EXISTS `product` (
  `id` bigint(20) NOT NULL AUTO_INCREMENT,
  `product_category_id` bigint(20) NOT NULL,
  `url` text NOT NULL,
  `availability` text NOT NULL,
  `position` int(11) NOT NULL,
  `online` tinyint(1) NOT NULL DEFAULT '1',
  PRIMARY KEY (`id`),
  KEY `fk_product_productcategory` (`product_category_id`)
) ENGINE=InnoDB  DEFAULT CHARSET=utf8 AUTO_INCREMENT=19 ;

--
-- Contenu de la table `product`
--

INSERT INTO `product` (`id`, `product_category_id`, `url`, `availability`, `position`, `online`) VALUES
(6, 1, 'peyresourde', '<!-- Debut Calendrier Location-Vacances-No1.com -->\r\n<a href="http://location-vacances-no1.com/" id="ls_linkPartlvno1"  name="ls_linkPartlvno1"><img name="ls_imgPartlvno1Activ" id="ls_imgPartlvno1Activ" src="http://location-vacances-no1.com/images/espaceur.gif" alt="Location vacances No1 Gite maison villa mobil home camps colonie chateau camping hotel chambre d''hote" style="border:none;" border=0 valign=absmiddle></a>\r\n<script src="http://location-vacances-no1.com/jscalclients/43532.js" type="text/javascript"></script>\r\n<!-- Fin Calendrier Location-Vacances-No1.com -->\r\n', 1, 1),
(7, 1, 'venasque', '<!-- Debut Calendrier Location-Vacances-No1.com -->\r\n<a href="http://location-vacances-no1.com/" id="ls_linkPartlvno1"  name="ls_linkPartlvno1"><img name="ls_imgPartlvno1Activ" id="ls_imgPartlvno1Activ" src="http://location-vacances-no1.com/images/espaceur.gif" alt="Location vacances No1 Gite maison villa mobil home camps colonie chateau camping hotel chambre d''hote" style="border:none;" border=0 valign=absmiddle></a>\r\n<script src="http://location-vacances-no1.com/jscalclients/51577.js" type="text/javascript"></script>\r\n<!-- Fin Calendrier Location-Vacances-No1.com -->\r\n', 2, 1),
(8, 1, 'estive', '<!-- Debut Calendrier Location-Vacances-No1.com -->\r\n<a href="http://location-vacances-no1.com/" id="ls_linkPartlvno1"  name="ls_linkPartlvno1"><img name="ls_imgPartlvno1Activ" id="ls_imgPartlvno1Activ" src="http://location-vacances-no1.com/images/espaceur.gif" alt="Location vacances No1 Gite maison villa mobil home camps colonie chateau camping hotel chambre d''hote" style="border:none;" border=0 valign=absmiddle></a>\r\n<script src="http://location-vacances-no1.com/jscalclients/101658.js" type="text/javascript"></script>\r\n<!-- Fin Calendrier Location-Vacances-No1.com -->\r\n', 3, 1),
(9, 2, 'etch-soulet-1', '<!-- Debut Calendrier Location-Vacances-No1.com -->\r\n<a href="http://location-vacances-no1.com/" id="ls_linkPartlvno1"  name="ls_linkPartlvno1"><img name="ls_imgPartlvno1Activ" id="ls_imgPartlvno1Activ" src="http://location-vacances-no1.com/images/espaceur.gif" alt="Location vacances No1 Gite maison villa mobil home camps colonie chateau camping hotel chambre d''hote" style="border:none;" border=0 valign=absmiddle></a>\r\n<script src="http://location-vacances-no1.com/jscalclients/73166.js" type="text/javascript"></script>\r\n<!-- Fin Calendrier Location-Vacances-No1.com -->\r\n', 1, 1),
(10, 2, 'etch-soulet-2', '<!-- Debut Calendrier Location-Vacances-No1.com -->\r\n<a href="http://location-vacances-no1.com/" id="ls_linkPartlvno1"  name="ls_linkPartlvno1"><img name="ls_imgPartlvno1Activ" id="ls_imgPartlvno1Activ" src="http://location-vacances-no1.com/images/espaceur.gif" alt="Location vacances No1 Gite maison villa mobil home camps colonie chateau camping hotel chambre d''hote" style="border:none;" border=0 valign=absmiddle></a>\r\n<script src="http://location-vacances-no1.com/jscalclients/73169.js" type="text/javascript"></script>\r\n<!-- Fin Calendrier Location-Vacances-No1.com -->\r\n', 2, 1),
(17, 2, 'etch-soulet', 'Nous consulter', 4, 1);

-- --------------------------------------------------------

--
-- Structure de la table `product_category`
--

CREATE TABLE IF NOT EXISTS `product_category` (
  `id` bigint(20) NOT NULL AUTO_INCREMENT,
  `route` varchar(255) NOT NULL,
  `label` text,
  `address` text NOT NULL,
  `location` text,
  `pin_color` varchar(20) NOT NULL,
  `pricing_type` int(11) NOT NULL,
  PRIMARY KEY (`id`)
) ENGINE=InnoDB  DEFAULT CHARSET=utf8 AUTO_INCREMENT=3 ;

--
-- Contenu de la table `product_category`
--

INSERT INTO `product_category` (`id`, `route`, `label`, `address`, `location`, `pin_color`, `pricing_type`) VALUES
(1, 'guesthouse', 'Au delà du temps', '28, avenue de Gascogne\r\n31 110 SAINT MAMET\r\nFRANCE', '42.782654,0.601339', 'purple', 1),
(2, 'chalet', 'Etch Soulet', '', '42.812443,0.484208', 'red', 2);

-- --------------------------------------------------------

--
-- Structure de la table `product_category_goldbook`
--

CREATE TABLE IF NOT EXISTS `product_category_goldbook` (
  `id` bigint(20) NOT NULL AUTO_INCREMENT,
  `product_category_id` bigint(20) NOT NULL,
  `content` text NOT NULL,
  `validated` tinyint(1) DEFAULT '0',
  `date_begining` datetime DEFAULT NULL,
  `date_ending` datetime DEFAULT NULL,
  `date_add` datetime NOT NULL,
  `date_update` datetime DEFAULT NULL,
  `date_delete` datetime DEFAULT NULL,
  PRIMARY KEY (`id`),
  KEY `fk_pcg_product` (`product_category_id`)
) ENGINE=InnoDB  DEFAULT CHARSET=utf8 AUTO_INCREMENT=5 ;

--
-- Contenu de la table `product_category_goldbook`
--

INSERT INTO `product_category_goldbook` (`id`, `product_category_id`, `content`, `validated`, `date_begining`, `date_ending`, `date_add`, `date_update`, `date_delete`) VALUES
(3, 1, 'Accueil chaleureux, nous avons &eacute;t&eacute; merveilleusement accueillis. Le petit d&eacute;jeuner est exceptionnellement bon et le choix important. Les lits sont confortable, et l''on dort comme des b&eacute;b&eacute;s. On en oublierait presque que nous venons pour skier et donc nous lever t&ocirc;t. Nous ne regrettons rien et sommes tr&egrave;s press&eacute;s de revenir. Merci Fr&eacute;d&eacute;rique et Fran&ccedil;ois et &agrave; tr&egrave;s bient&ocirc;t !', 0, NULL, NULL, '2013-03-23 10:47:34', NULL, NULL),
(4, 1, 'Bonjour,\r\nJe tenais &agrave; nouveau &agrave; vous remercier pour votre accueil et votre gentillesse. Nous avons &eacute;t&eacute; enchant&eacute;s de trouver un h&eacute;bergement de cette qualit&eacute;. Nous avons  mon mari et moi l''habitude de nous d&eacute;placer, votre chambre d''h&ocirc;te est un r&eacute;el coup de coeur. J''ai donn&eacute; votre d&eacute;pliant &agrave; mes coll&egrave;gues et ne manquerais pas de vous recommander aupr&egrave;s de nos amis.\r\nNous reviendrons vous voir, c''est certain.\r\n \r\nCordialement\r\n\r\n', 0, '2013-05-04 00:00:00', '2013-07-04 00:00:00', '2013-04-08 12:22:03', NULL, NULL);

-- --------------------------------------------------------

--
-- Structure de la table `product_category_language`
--

CREATE TABLE IF NOT EXISTS `product_category_language` (
  `category_id` bigint(20) NOT NULL,
  `language_id` bigint(20) NOT NULL,
  `type` text NOT NULL,
  `title` text,
  `content` text,
  PRIMARY KEY (`language_id`,`category_id`),
  KEY `fk_category_productcategorytrad` (`category_id`),
  KEY `fk_language_productcategorytrad` (`language_id`)
) ENGINE=InnoDB DEFAULT CHARSET=utf8;

--
-- Contenu de la table `product_category_language`
--

INSERT INTO `product_category_language` (`category_id`, `language_id`, `type`, `title`, `content`) VALUES
(1, 1, ' notre Maison d''Hôtes de Charme au coeur des Pyrénées', 'Au delà du Temps,', '<div><strong>Bienvenue chez nous !</strong><br />\r\n<br />\r\nNotre <strong>maison d&#39;h&ocirc;tes de charme</strong> - <strong>Au del&agrave; Du Temps -</strong> &agrave; Saint Mamet, petit village touchant <strong>Bagn&egrave;res de Luchon</strong>, est un lieu calme, plein d&#39;humanit&eacute; et de g&eacute;n&eacute;rosit&eacute;, face &agrave; la montagne.<br />\r\n<br />\r\nElle est situ&eacute;e &agrave; 500 m du centre thermal et de L&#39;<strong>espace Forme et Bien &Ecirc;tre</strong> de Bagn&egrave;res de Luchon (son Vaporarium est un hammam naturel creus&eacute; dans la roche, unique en Europe).<br />\r\n<br />\r\nTrois Suites spacieuses, dont deux d&#39;entre elles ont une<strong> petite cuisine d&#39;appoint</strong>.<br />\r\n<br />\r\nEn &eacute;t&eacute; (de Juin &agrave; Septembre) nous mettons &agrave; votre disposition notre <strong>piscine</strong> ext&eacute;rieure chauff&eacute;e (4 x 6 m) de 14h30 &agrave; 20h30, &agrave; partager avec nos autres locataires.<br />\r\n<br />\r\nEn p&eacute;riode de vacances scolaires, la dur&eacute;e minimum de location est de deux nuit&eacute;es.<br />\r\n&nbsp;</div>\r\n\r\n<div><em>D&eacute;sol&eacute;s, mais les animaux ne sont pas accept&eacute;s</em> <em>dans nos locations.</em></div>\r\n<br />\r\n<strong>Visitez nos trois Suites :</strong>'),
(2, 1, '', 'Etch Soulet - Notre Chalet de montagne avec jacuzzi au coeur des Pyrénées', '<br><div align="center"><div><br><h4><b><b>Etch Soulet 1 et 2</b></b> <br></h4><h4 align="left">- Jusqu''à <b>280 m²</b></h4><h4 align="left">- Jusqu''à <b>22 personnes</b> <br></h4><h4 align="left">- Avec <b>grand jacuzzi</b></h4><h4 align="left">- Proche des stations de ski de <b>Peyragudes</b> et <b>Luchon Superbagnères</b></h4></div></div><p align="left"><br></p><p align="center"><br></p><h4 align="center"><a target="_blank" title="Disponibilités" href="http://fr.gite-luchon.com/availabilities"><b>Consulter les disponibilités*</b></a></h4><p><!--[if gte mso 9]><xml>\r\n <w:WordDocument>\r\n  <w:View>Normal</w:View>\r\n  <w:Zoom>0</w:Zoom>\r\n  <w:TrackMoves/>\r\n  <w:TrackFormatting/>\r\n  <w:HyphenationZone>21</w:HyphenationZone>\r\n  <w:PunctuationKerning/>\r\n  <w:ValidateAgainstSchemas/>\r\n  <w:SaveIfXMLInvalid>false</w:SaveIfXMLInvalid>\r\n  <w:IgnoreMixedContent>false</w:IgnoreMixedContent>\r\n  <w:AlwaysShowPlaceholderText>false</w:AlwaysShowPlaceholderText>\r\n  <w:DoNotPromoteQF/>\r\n  <w:LidThemeOther>FR</w:LidThemeOther>\r\n  <w:LidThemeAsian>X-NONE</w:LidThemeAsian>\r\n  <w:LidThemeComplexScript>X-NONE</w:LidThemeComplexScript>\r\n  <w:Compatibility>\r\n   <w:BreakWrappedTables/>\r\n   <w:SnapToGridInCell/>\r\n   <w:WrapTextWithPunct/>\r\n   <w:UseAsianBreakRules/>\r\n   <w:DontGrowAutofit/>\r\n   <w:SplitPgBreakAndParaMark/>\r\n   <w:DontVertAlignCellWithSp/>\r\n   <w:DontBreakConstrainedForcedTables/>\r\n   <w:DontVertAlignInTxbx/>\r\n   <w:Word11KerningPairs/>\r\n   <w:CachedColBalance/>\r\n  </w:Compatibility>\r\n  <w:BrowserLevel>MicrosoftInternetExplorer4</w:BrowserLevel>\r\n  <m:mathPr>\r\n   <m:mathFont m:val="Cambria Math"/>\r\n   <m:brkBin m:val="before"/>\r\n   <m:brkBinSub m:val="&#45;-"/>\r\n   <m:smallFrac m:val="off"/>\r\n   <m:dispDef/>\r\n   <m:lMargin m:val="0"/>\r\n   <m:rMargin m:val="0"/>\r\n   <m:defJc m:val="centerGroup"/>\r\n   <m:wrapIndent m:val="1440"/>\r\n   <m:intLim m:val="subSup"/>\r\n   <m:naryLim m:val="undOvr"/>\r\n  </m:mathPr></w:WordDocument>\r\n</xml><![endif]--></p><p><!--[if gte mso 9]><xml>\r\n <w:LatentStyles DefLockedState="false" DefUnhideWhenUsed="true"\r\n  DefSemiHidden="true" DefQFormat="false" DefPriority="99"\r\n  LatentStyleCount="267">\r\n  <w:LsdException Locked="false" Priority="0" SemiHidden="false"\r\n   UnhideWhenUsed="false" QFormat="true" Name="Normal"/>\r\n  <w:LsdException Locked="false" Priority="9" SemiHidden="false"\r\n   UnhideWhenUsed="false" QFormat="true" Name="heading 1"/>\r\n  <w:LsdException Locked="false" Priority="9" QFormat="true" Name="heading 2"/>\r\n  <w:LsdException Locked="false" Priority="9" QFormat="true" Name="heading 3"/>\r\n  <w:LsdException Locked="false" Priority="9" QFormat="true" Name="heading 4"/>\r\n  <w:LsdException Locked="false" Priority="9" QFormat="true" Name="heading 5"/>\r\n  <w:LsdException Locked="false" Priority="9" QFormat="true" Name="heading 6"/>\r\n  <w:LsdException Locked="false" Priority="9" QFormat="true" Name="heading 7"/>\r\n  <w:LsdException Locked="false" Priority="9" QFormat="true" Name="heading 8"/>\r\n  <w:LsdException Locked="false" Priority="9" QFormat="true" Name="heading 9"/>\r\n  <w:LsdException Locked="false" Priority="39" Name="toc 1"/>\r\n  <w:LsdException Locked="false" Priority="39" Name="toc 2"/>\r\n  <w:LsdException Locked="false" Priority="39" Name="toc 3"/>\r\n  <w:LsdException Locked="false" Priority="39" Name="toc 4"/>\r\n  <w:LsdException Locked="false" Priority="39" Name="toc 5"/>\r\n  <w:LsdException Locked="false" Priority="39" Name="toc 6"/>\r\n  <w:LsdException Locked="false" Priority="39" Name="toc 7"/>\r\n  <w:LsdException Locked="false" Priority="39" Name="toc 8"/>\r\n  <w:LsdException Locked="false" Priority="39" Name="toc 9"/>\r\n  <w:LsdException Locked="false" Priority="35" QFormat="true" Name="caption"/>\r\n  <w:LsdException Locked="false" Priority="10" SemiHidden="false"\r\n   UnhideWhenUsed="false" QFormat="true" Name="Title"/>\r\n  <w:LsdException Locked="false" Priority="1" Name="Default Paragraph Font"/>\r\n  <w:LsdException Locked="false" Priority="11" SemiHidden="false"\r\n   UnhideWhenUsed="false" QFormat="true" Name="Subtitle"/>\r\n  <w:LsdException Locked="false" Priority="22" SemiHidden="false"\r\n   UnhideWhenUsed="false" QFormat="true" Name="Strong"/>\r\n  <w:LsdException Locked="false" Priority="20" SemiHidden="false"\r\n   UnhideWhenUsed="false" QFormat="true" Name="Emphasis"/>\r\n  <w:LsdException Locked="false" Priority="59" SemiHidden="false"\r\n   UnhideWhenUsed="false" Name="Table Grid"/>\r\n  <w:LsdException Locked="false" UnhideWhenUsed="false" Name="Placeholder Text"/>\r\n  <w:LsdException Locked="false" Priority="1" SemiHidden="false"\r\n   UnhideWhenUsed="false" QFormat="true" Name="No Spacing"/>\r\n  <w:LsdException Locked="false" Priority="60" SemiHidden="false"\r\n   UnhideWhenUsed="false" Name="Light Shading"/>\r\n  <w:LsdException Locked="false" Priority="61" SemiHidden="false"\r\n   UnhideWhenUsed="false" Name="Light List"/>\r\n  <w:LsdException Locked="false" Priority="62" SemiHidden="false"\r\n   UnhideWhenUsed="false" Name="Light Grid"/>\r\n  <w:LsdException Locked="false" Priority="63" SemiHidden="false"\r\n   UnhideWhenUsed="false" Name="Medium Shading 1"/>\r\n  <w:LsdException Locked="false" Priority="64" SemiHidden="false"\r\n   UnhideWhenUsed="false" Name="Medium Shading 2"/>\r\n  <w:LsdException Locked="false" Priority="65" SemiHidden="false"\r\n   UnhideWhenUsed="false" Name="Medium List 1"/>\r\n  <w:LsdException Locked="false" Priority="66" SemiHidden="false"\r\n   UnhideWhenUsed="false" Name="Medium List 2"/>\r\n  <w:LsdException Locked="false" Priority="67" SemiHidden="false"\r\n   UnhideWhenUsed="false" Name="Medium Grid 1"/>\r\n  <w:LsdException Locked="false" Priority="68" SemiHidden="false"\r\n   UnhideWhenUsed="false" Name="Medium Grid 2"/>\r\n  <w:LsdException Locked="false" Priority="69" SemiHidden="false"\r\n   UnhideWhenUsed="false" Name="Medium Grid 3"/>\r\n  <w:LsdException Locked="false" Priority="70" SemiHidden="false"\r\n   UnhideWhenUsed="false" Name="Dark List"/>\r\n  <w:LsdException Locked="false" Priority="71" SemiHidden="false"\r\n   UnhideWhenUsed="false" Name="Colorful Shading"/>\r\n  <w:LsdException Locked="false" Priority="72" SemiHidden="false"\r\n   UnhideWhenUsed="false" Name="Colorful List"/>\r\n  <w:LsdException Locked="false" Priority="73" SemiHidden="false"\r\n   UnhideWhenUsed="false" Name="Colorful Grid"/>\r\n  <w:LsdException Locked="false" Priority="60" SemiHidden="false"\r\n   UnhideWhenUsed="false" Name="Light Shading Accent 1"/>\r\n  <w:LsdException Locked="false" Priority="61" SemiHidden="false"\r\n   UnhideWhenUsed="false" Name="Light List Accent 1"/>\r\n  <w:LsdException Locked="false" Priority="62" SemiHidden="false"\r\n   UnhideWhenUsed="false" Name="Light Grid Accent 1"/>\r\n  <w:LsdException Locked="false" Priority="63" SemiHidden="false"\r\n   UnhideWhenUsed="false" Name="Medium Shading 1 Accent 1"/>\r\n  <w:LsdException Locked="false" Priority="64" SemiHidden="false"\r\n   UnhideWhenUsed="false" Name="Medium Shading 2 Accent 1"/>\r\n  <w:LsdException Locked="false" Priority="65" SemiHidden="false"\r\n   UnhideWhenUsed="false" Name="Medium List 1 Accent 1"/>\r\n  <w:LsdException Locked="false" UnhideWhenUsed="false" Name="Revision"/>\r\n  <w:LsdException Locked="false" Priority="34" SemiHidden="false"\r\n   UnhideWhenUsed="false" QFormat="true" Name="List Paragraph"/>\r\n  <w:LsdException Locked="false" Priority="29" SemiHidden="false"\r\n   UnhideWhenUsed="false" QFormat="true" Name="Quote"/>\r\n  <w:LsdException Locked="false" Priority="30" SemiHidden="false"\r\n   UnhideWhenUsed="false" QFormat="true" Name="Intense Quote"/>\r\n  <w:LsdException Locked="false" Priority="66" SemiHidden="false"\r\n   UnhideWhenUsed="false" Name="Medium List 2 Accent 1"/>\r\n  <w:LsdException Locked="false" Priority="67" SemiHidden="false"\r\n   UnhideWhenUsed="false" Name="Medium Grid 1 Accent 1"/>\r\n  <w:LsdException Locked="false" Priority="68" SemiHidden="false"\r\n   UnhideWhenUsed="false" Name="Medium Grid 2 Accent 1"/>\r\n  <w:LsdException Locked="false" Priority="69" SemiHidden="false"\r\n   UnhideWhenUsed="false" Name="Medium Grid 3 Accent 1"/>\r\n  <w:LsdException Locked="false" Priority="70" SemiHidden="false"\r\n   UnhideWhenUsed="false" Name="Dark List Accent 1"/>\r\n  <w:LsdException Locked="false" Priority="71" SemiHidden="false"\r\n   UnhideWhenUsed="false" Name="Colorful Shading Accent 1"/>\r\n  <w:LsdException Locked="false" Priority="72" SemiHidden="false"\r\n   UnhideWhenUsed="false" Name="Colorful List Accent 1"/>\r\n  <w:LsdException Locked="false" Priority="73" SemiHidden="false"\r\n   UnhideWhenUsed="false" Name="Colorful Grid Accent 1"/>\r\n  <w:LsdException Locked="false" Priority="60" SemiHidden="false"\r\n   UnhideWhenUsed="false" Name="Light Shading Accent 2"/>\r\n  <w:LsdException Locked="false" Priority="61" SemiHidden="false"\r\n   UnhideWhenUsed="false" Name="Light List Accent 2"/>\r\n  <w:LsdException Locked="false" Priority="62" SemiHidden="false"\r\n   UnhideWhenUsed="false" Name="Light Grid Accent 2"/>\r\n  <w:LsdException Locked="false" Priority="63" SemiHidden="false"\r\n   UnhideWhenUsed="false" Name="Medium Shading 1 Accent 2"/>\r\n  <w:LsdException Locked="false" Priority="64" SemiHidden="false"\r\n   UnhideWhenUsed="false" Name="Medium Shading 2 Accent 2"/>\r\n  <w:LsdException Locked="false" Priority="65" SemiHidden="false"\r\n   UnhideWhenUsed="false" Name="Medium List 1 Accent 2"/>\r\n  <w:LsdException Locked="false" Priority="66" SemiHidden="false"\r\n   UnhideWhenUsed="false" Name="Medium List 2 Accent 2"/>\r\n  <w:LsdException Locked="false" Priority="67" SemiHidden="false"\r\n   UnhideWhenUsed="false" Name="Medium Grid 1 Accent 2"/>\r\n  <w:LsdException Locked="false" Priority="68" SemiHidden="false"\r\n   UnhideWhenUsed="false" Name="Medium Grid 2 Accent 2"/>\r\n  <w:LsdException Locked="false" Priority="69" SemiHidden="false"\r\n   UnhideWhenUsed="false" Name="Medium Grid 3 Accent 2"/>\r\n  <w:LsdException Locked="false" Priority="70" SemiHidden="false"\r\n   UnhideWhenUsed="false" Name="Dark List Accent 2"/>\r\n  <w:LsdException Locked="false" Priority="71" SemiHidden="false"\r\n   UnhideWhenUsed="false" Name="Colorful Shading Accent 2"/>\r\n  <w:LsdException Locked="false" Priority="72" SemiHidden="false"\r\n   UnhideWhenUsed="false" Name="Colorful List Accent 2"/>\r\n  <w:LsdException Locked="false" Priority="73" SemiHidden="false"\r\n   UnhideWhenUsed="false" Name="Colorful Grid Accent 2"/>\r\n  <w:LsdException Locked="false" Priority="60" SemiHidden="false"\r\n   UnhideWhenUsed="false" Name="Light Shading Accent 3"/>\r\n  <w:LsdException Locked="false" Priority="61" SemiHidden="false"\r\n   UnhideWhenUsed="false" Name="Light List Accent 3"/>\r\n  <w:LsdException Locked="false" Priority="62" SemiHidden="false"\r\n   UnhideWhenUsed="false" Name="Light Grid Accent 3"/>\r\n  <w:LsdException Locked="false" Priority="63" SemiHidden="false"\r\n   UnhideWhenUsed="false" Name="Medium Shading 1 Accent 3"/>\r\n  <w:LsdException Locked="false" Priority="64" SemiHidden="false"\r\n   UnhideWhenUsed="false" Name="Medium Shading 2 Accent 3"/>\r\n  <w:LsdException Locked="false" Priority="65" SemiHidden="false"\r\n   UnhideWhenUsed="false" Name="Medium List 1 Accent 3"/>\r\n  <w:LsdException Locked="false" Priority="66" SemiHidden="false"\r\n   UnhideWhenUsed="false" Name="Medium List 2 Accent 3"/>\r\n  <w:LsdException Locked="false" Priority="67" SemiHidden="false"\r\n   UnhideWhenUsed="false" Name="Medium Grid 1 Accent 3"/>\r\n  <w:LsdException Locked="false" Priority="68" SemiHidden="false"\r\n   UnhideWhenUsed="false" Name="Medium Grid 2 Accent 3"/>\r\n  <w:LsdException Locked="false" Priority="69" SemiHidden="false"\r\n   UnhideWhenUsed="false" Name="Medium Grid 3 Accent 3"/>\r\n  <w:LsdException Locked="false" Priority="70" SemiHidden="false"\r\n   UnhideWhenUsed="false" Name="Dark List Accent 3"/>\r\n  <w:LsdException Locked="false" Priority="71" SemiHidden="false"\r\n   UnhideWhenUsed="false" Name="Colorful Shading Accent 3"/>\r\n  <w:LsdException Locked="false" Priority="72" SemiHidden="false"\r\n   UnhideWhenUsed="false" Name="Colorful List Accent 3"/>\r\n  <w:LsdException Locked="false" Priority="73" SemiHidden="false"\r\n   UnhideWhenUsed="false" Name="Colorful Grid Accent 3"/>\r\n  <w:LsdException Locked="false" Priority="60" SemiHidden="false"\r\n   UnhideWhenUsed="false" Name="Light Shading Accent 4"/>\r\n  <w:LsdException Locked="false" Priority="61" SemiHidden="false"\r\n   UnhideWhenUsed="false" Name="Light List Accent 4"/>\r\n  <w:LsdException Locked="false" Priority="62" SemiHidden="false"\r\n   UnhideWhenUsed="false" Name="Light Grid Accent 4"/>\r\n  <w:LsdException Locked="false" Priority="63" SemiHidden="false"\r\n   UnhideWhenUsed="false" Name="Medium Shading 1 Accent 4"/>\r\n  <w:LsdException Locked="false" Priority="64" SemiHidden="false"\r\n   UnhideWhenUsed="false" Name="Medium Shading 2 Accent 4"/>\r\n  <w:LsdException Locked="false" Priority="65" SemiHidden="false"\r\n   UnhideWhenUsed="false" Name="Medium List 1 Accent 4"/>\r\n  <w:LsdException Locked="false" Priority="66" SemiHidden="false"\r\n   UnhideWhenUsed="false" Name="Medium List 2 Accent 4"/>\r\n  <w:LsdException Locked="false" Priority="67" SemiHidden="false"\r\n   UnhideWhenUsed="false" Name="Medium Grid 1 Accent 4"/>\r\n  <w:LsdException Locked="false" Priority="68" SemiHidden="false"\r\n   UnhideWhenUsed="false" Name="Medium Grid 2 Accent 4"/>\r\n  <w:LsdException Locked="false" Priority="69" SemiHidden="false"\r\n   UnhideWhenUsed="false" Name="Medium Grid 3 Accent 4"/>\r\n  <w:LsdException Locked="false" Priority="70" SemiHidden="false"\r\n   UnhideWhenUsed="false" Name="Dark List Accent 4"/>\r\n  <w:LsdException Locked="false" Priority="71" SemiHidden="false"\r\n   UnhideWhenUsed="false" Name="Colorful Shading Accent 4"/>\r\n  <w:LsdException Locked="false" Priority="72" SemiHidden="false"\r\n   UnhideWhenUsed="false" Name="Colorful List Accent 4"/>\r\n  <w:LsdException Locked="false" Priority="73" SemiHidden="false"\r\n   UnhideWhenUsed="false" Name="Colorful Grid Accent 4"/>\r\n  <w:LsdException Locked="false" Priority="60" SemiHidden="false"\r\n   UnhideWhenUsed="false" Name="Light Shading Accent 5"/>\r\n  <w:LsdException Locked="false" Priority="61" SemiHidden="false"\r\n   UnhideWhenUsed="false" Name="Light List Accent 5"/>\r\n  <w:LsdException Locked="false" Priority="62" SemiHidden="false"\r\n   UnhideWhenUsed="false" Name="Light Grid Accent 5"/>\r\n  <w:LsdException Locked="false" Priority="63" SemiHidden="false"\r\n   UnhideWhenUsed="false" Name="Medium Shading 1 Accent 5"/>\r\n  <w:LsdException Locked="false" Priority="64" SemiHidden="false"\r\n   UnhideWhenUsed="false" Name="Medium Shading 2 Accent 5"/>\r\n  <w:LsdException Locked="false" Priority="65" SemiHidden="false"\r\n   UnhideWhenUsed="false" Name="Medium List 1 Accent 5"/>\r\n  <w:LsdException Locked="false" Priority="66" SemiHidden="false"\r\n   UnhideWhenUsed="false" Name="Medium List 2 Accent 5"/>\r\n  <w:LsdException Locked="false" Priority="67" SemiHidden="false"\r\n   UnhideWhenUsed="false" Name="Medium Grid 1 Accent 5"/>\r\n  <w:LsdException Locked="false" Priority="68" SemiHidden="false"\r\n   UnhideWhenUsed="false" Name="Medium Grid 2 Accent 5"/>\r\n  <w:LsdException Locked="false" Priority="69" SemiHidden="false"\r\n   UnhideWhenUsed="false" Name="Medium Grid 3 Accent 5"/>\r\n  <w:LsdException Locked="false" Priority="70" SemiHidden="false"\r\n   UnhideWhenUsed="false" Name="Dark List Accent 5"/>\r\n  <w:LsdException Locked="false" Priority="71" SemiHidden="false"\r\n   UnhideWhenUsed="false" Name="Colorful Shading Accent 5"/>\r\n  <w:LsdException Locked="false" Priority="72" SemiHidden="false"\r\n   UnhideWhenUsed="false" Name="Colorful List Accent 5"/>\r\n  <w:LsdException Locked="false" Priority="73" SemiHidden="false"\r\n   UnhideWhenUsed="false" Name="Colorful Grid Accent 5"/>\r\n  <w:LsdException Locked="false" Priority="60" SemiHidden="false"\r\n   UnhideWhenUsed="false" Name="Light Shading Accent 6"/>\r\n  <w:LsdException Locked="false" Priority="61" SemiHidden="false"\r\n   UnhideWhenUsed="false" Name="Light List Accent 6"/>\r\n  <w:LsdException Locked="false" Priority="62" SemiHidden="false"\r\n   UnhideWhenUsed="false" Name="Light Grid Accent 6"/>\r\n  <w:LsdException Locked="false" Priority="63" SemiHidden="false"\r\n   UnhideWhenUsed="false" Name="Medium Shading 1 Accent 6"/>\r\n  <w:LsdException Locked="false" Priority="64" SemiHidden="false"\r\n   UnhideWhenUsed="false" Name="Medium Shading 2 Accent 6"/>\r\n  <w:LsdException Locked="false" Priority="65" SemiHidden="false"\r\n   UnhideWhenUsed="false" Name="Medium List 1 Accent 6"/>\r\n  <w:LsdException Locked="false" Priority="66" SemiHidden="false"\r\n   UnhideWhenUsed="false" Name="Medium List 2 Accent 6"/>\r\n  <w:LsdException Locked="false" Priority="67" SemiHidden="false"\r\n   UnhideWhenUsed="false" Name="Medium Grid 1 Accent 6"/>\r\n  <w:LsdException Locked="false" Priority="68" SemiHidden="false"\r\n   UnhideWhenUsed="false" Name="Medium Grid 2 Accent 6"/>\r\n  <w:LsdException Locked="false" Priority="69" SemiHidden="false"\r\n   UnhideWhenUsed="false" Name="Medium Grid 3 Accent 6"/>\r\n  <w:LsdException Locked="false" Priority="70" SemiHidden="false"\r\n   UnhideWhenUsed="false" Name="Dark List Accent 6"/>\r\n  <w:LsdException Locked="false" Priority="71" SemiHidden="false"\r\n   UnhideWhenUsed="false" Name="Colorful Shading Accent 6"/>\r\n  <w:LsdException Locked="false" Priority="72" SemiHidden="false"\r\n   UnhideWhenUsed="false" Name="Colorful List Accent 6"/>\r\n  <w:LsdException Locked="false" Priority="73" SemiHidden="false"\r\n   UnhideWhenUsed="false" Name="Colorful Grid Accent 6"/>\r\n  <w:LsdException Locked="false" Priority="19" SemiHidden="false"\r\n   UnhideWhenUsed="false" QFormat="true" Name="Subtle Emphasis"/>\r\n  <w:LsdException Locked="false" Priority="21" SemiHidden="false"\r\n   UnhideWhenUsed="false" QFormat="true" Name="Intense Emphasis"/>\r\n  <w:LsdException Locked="false" Priority="31" SemiHidden="false"\r\n   UnhideWhenUsed="false" QFormat="true" Name="Subtle Reference"/>\r\n  <w:LsdException Locked="false" Priority="32" SemiHidden="false"\r\n   UnhideWhenUsed="false" QFormat="true" Name="Intense Reference"/>\r\n  <w:LsdException Locked="false" Priority="33" SemiHidden="false"\r\n   UnhideWhenUsed="false" QFormat="true" Name="Book Title"/>\r\n  <w:LsdException Locked="false" Priority="37" Name="Bibliography"/>\r\n  <w:LsdException Locked="false" Priority="39" QFormat="true" Name="TOC Heading"/>\r\n </w:LatentStyles>\r\n</xml><![endif]--><!--[if gte mso 10]>\r\n<style>\r\n /* Style Definitions */\r\n table.MsoNormalTable\r\n	{mso-style-name:"Tableau Normal";\r\n	mso-tstyle-rowband-size:0;\r\n	mso-tstyle-colband-size:0;\r\n	mso-style-noshow:yes;\r\n	mso-style-priority:99;\r\n	mso-style-qformat:yes;\r\n	mso-style-parent:"";\r\n	mso-padding-alt:0cm 5.4pt 0cm 5.4pt;\r\n	mso-para-margin-top:0cm;\r\n	mso-para-margin-right:0cm;\r\n	mso-para-margin-bottom:10.0pt;\r\n	mso-para-margin-left:0cm;\r\n	line-height:115%;\r\n	mso-pagination:widow-orphan;\r\n	font-size:11.0pt;\r\n	font-family:"Calibri","sans-serif";\r\n	mso-ascii-font-family:Calibri;\r\n	mso-ascii-theme-font:minor-latin;\r\n	mso-fareast-font-family:"Times New Roman";\r\n	mso-fareast-theme-font:minor-fareast;\r\n	mso-hansi-font-family:Calibri;\r\n	mso-hansi-theme-font:minor-latin;}\r\n</style>\r\n<![endif]-->\r\n\r\n</p><p class="MsoNormal" style="mso-margin-top-alt:auto;mso-margin-bottom-alt:auto;\r\nline-height:normal"><i><span style="font-size:12.0pt;font-family:&quot;Times New Roman&quot;,&quot;serif&quot;;\r\nmso-fareast-font-family:&quot;Times New Roman&quot;;mso-fareast-language:FR">* </span></i><i>Désolés, mais les animaux ne sont pas acceptés</i> <i>dans nos locations.</i><span style="font-size:12.0pt;font-family:&quot;Times New Roman&quot;,&quot;serif&quot;;mso-fareast-font-family:\r\n&quot;Times New Roman&quot;;mso-fareast-language:FR"></span></p>\r\n\r\n<p></p><h4>\r\n</h4>'),
(1, 2, 'Casa de Huéspedes de Encanto a Saint Mamet en el corazón de los Pirineos Franceses', 'Au delà du temps', '<div id="trtext" style="display:block">Usted desea permanecer algunos d&iacute;as en cuartos de hu&eacute;spedes en nuestra regi&oacute;n, a Bagn&egrave;res de Luchon, al coraz&oacute;n de los Pirineos Franceses ?<br />\r\n<br />\r\nNuestra casa de hu&eacute;spedes de encanto Au Del&agrave; Du Temps a Saint Mamet, peque&ntilde;o pueblo que toca a Bagn&egrave;res de Luchon, es un lugar tranquilo, lleno de humanidad y de generosidad, frente a la monta&ntilde;a.<br />\r\n<br />\r\nEst&aacute; situada a 500 m Termas y El Espacio Forma y Bien Ser de Bagn&egrave;res de Luchon (su Vaporarium es un ba&ntilde;o turco natural y &uacute;nico en Europa).<br />\r\n<br />\r\nEn un ambiente confortable y relajante, venga para encontrar el tiempo de recarg&aacute;rsele, de vivir simplemente...<br />\r\n<br />\r\n&iexcl; Tres S&eacute;quitos(Apartamentos) entre los que est&aacute;n dos con una peque&ntilde;a cocina de complemento!<br />\r\n<br />\r\nLos desayunos copiosos y refinados son servidos en forma de aparador(buffet) entre las 8 horas 30 y las 10 horas.<br />\r\n<br />\r\nEn el per&iacute;odo estival (de junio a septiembre) disposici&oacute;n de nuestra piscina exterior calentada (4 x 6 m) de las 14h 30 a las 20h 30, que hay que compartir con nuestros otros inquilinos.<br />\r\n<br />\r\nDesolados, pero los animales no son aceptados en nuestros alquileres.<br />\r\n&nbsp;\r\n<h4>Visite nuestros tres Apartamentos:</h4>\r\n\r\n<h4>&nbsp;</h4>\r\n</div>\r\n\r\n<div class="sayBox">&nbsp;</div>\r\n'),
(2, 2, 'Nuestro Chalé de Montaña con jacuzzi a Portet de Luchon', 'Etch Soulet', '<div align="center"><div id="trtext" style="display:block"><span id="tran0">Chalé "Etch Soulet</span>"<span style="background-color: white;" id="tran1">en el corazón de los Pirineos frenceses</span><b><br><br></b><span id="tran2">Próxima estaciones de esquí de Peyragudes y de Superbagnères</span> - Luchon<br><b><br><span id="result_box" class="" lang="es"><span class="hps">TASA</span> <span class="hps">de un Semana</span> <span class="hps">de</span> <span class="hps">Febrero / Marzo</span> <span class="hps">2014</span>:&nbsp;<span class="hps"> 2990 €</span> <span class="hps">chale</span> <span class="hps">completo</span> <span class="hps">(máximo</span> <span class="hps">22</span> <span class="hps">personas)</span></span></b><br><br><span style="background-color: white;" id="tran3">Posado\r\n a 1265 m de altitud, el sur lleno con vista sobre las montañas, al pie \r\ndel Cuello de Peyresourde, nuestro chalé (280 m²) es uno de los lugares\r\n privilegiados de Luchon, donde usted podrá venir para recargarse en familia o entre amigos en un ambiente montañés pleno de\r\n encanto.</span><br><br><span id="tran4">En el rez de calzada, el apartamento Etch Soulet 1 (100 m ²) puede acoger hasta 8 personas.</span><br><br><span style="background-color: white;" id="tran5">Al\r\n piso, el apartamento Etch soulet 2 (180 m ²) puede acoger, sobre dos \r\nniveles, hasta 14 personas y es equipado de un jacuzzi (interior) para \r\nsiete personas.</span><br><br><span style="background-color: white;" id="tran6">Estos dos apartamentos pueden comunicar entre ellos, si usted lo desea, por una caja de la escalera interior.<br><br><br></span><div align="left"><span style="background-color: white;" id="tran6"></span><b> los animales no son aceptados en nuestros alquileres.</b><br><br><h4>Visite ambos apartamentos del chalé:</h4><span style="background-color: white;" id="tran6"></span></div></div><div class="sayBox">\r\n		        <span class="number-bullet number-bullet-2" title="Directions de traduction"></span> </div><span class="transpan"></span></div><a rel="nofollow" href="http://www.homelidays.es/bagneres-de-luchon/chalet-637869es1.htm" target="_blank"> Casa de montaña (madera Piedra) en Bagneres-de-luchon</a>,'),
(1, 3, 'Charming B & B in Saint Mamet in the heart of the Pyrénées', '"Au Delà du Temps"', 'Do you wish to stay a few days in a nice guest house in Bagn&egrave;res de Luchon, in the heart of the French Pyr&eacute;n&eacute;es ?<br />\r\n<br />\r\nOur charming B &amp; B &quot;Au Del&agrave; Du Temps&quot; is a calm place, full of humanity and generosity in&nbsp; the mountains. We are located in St Mamet , a small village adjacent to Bagn&egrave;res de Luchon.<br />\r\n<br />\r\nThe house is&nbsp; situated&nbsp; five hundred meters from Luchon&#39;s thermal baths and just a five minute walk from the town centre.<br />\r\n<br />\r\nIn a confortable and cosy setting, our accomodation gives you the opportunity to relax and unwind...<br />\r\n<br />\r\nWe have Three Suites for you to choose from. Two of them&nbsp; have a small kitchen so that your stay is cheaper !<br />\r\n<br />\r\nBreakfast, copius and sophisticated, is served as a buffet from 8h30 to 10 h a-m.<br />\r\n<br />\r\nin the summer (<em>june to september</em>) our private , heated swimming pool is available for your use from 2.30 pm to 8.30 pm<br />\r\n<br />\r\nDuring summer holidays, there is a two minimum stay.<br />\r\n<br />\r\nArrival between 4 pm to 7 pm - departure between 9 am to 11 am.<br />\r\n<br />\r\nWe are sorry but we don&#39;t accept&nbsp; pets.<br />\r\n&nbsp;\r\n<h4>&nbsp;visit the Suites:</h4>\r\n<br />\r\n<br />\r\n&nbsp;\r\n<h4>&nbsp;</h4>\r\n'),
(2, 3, 'Our mountain chalet with a Jacuzzi !', '"Etch Soulet"', '<h3 align="center"><b>-Etch Soulet -&nbsp; at the Heart of the French Pyrénées !</b></h3><p><br></p><p align="center"><b>near the ski stations of Peyragudes and Superbagnères</b></p><p align="center"><b><span id="result_box" class="" lang="en"><span class="hps">RATE</span> <span class="hps">rental</span> <span class="hps">week of February</span> <span class="hps">/</span> <span class="hps">March 2014</span><span>:</span> <span class="hps">€ 2950</span> <span class="hps">full</span> <span class="hps atn">chalet (</span><span class="">max 22</span> <span class="hps">people)</span></span></b></p><p align="center">At a&nbsp; height of 1265 m, near the Peyresourde Col, our chalet is one of thefinest places in the&nbsp; Luchon area, where you can come with family, with goods friends to a cosy muntain atmosphere, full of charm</p><p align="center">On the ground floor, is the Apartment Etch Soulet 1 for 8 persons.</p><p>Above is the Apartment Etch Soulet 2, spilt across two lewels and accomodating up to 14 people. Inside is a relaxing room with a&nbsp; jacuzzi for seven persons.<br></p><p align="left"> These two apartments are linked by an internal staircase. If required, the chalet can be let as one property accomodating up to 22 people.</p><p align="left">Sorry, but pets are not accepted in our property.<br></p><h4 align="left"><b>Visit the Two Apartments of our chalet</b></h4><a rel="nofollow" href="http://www.homelidays.co.uk/bagneres-de-luchon/chalet-637869en1.htm" target="_blank"> Holiday rental in Bagneres-de-luchon in Chalet</a>,'),
(1, 4, '', 'Au delà du temps', 'Lorem ipsum'),
(2, 4, '', 'Etch Soulet', 'Lorem ipsum');

-- --------------------------------------------------------

--
-- Structure de la table `product_illustration`
--

CREATE TABLE IF NOT EXISTS `product_illustration` (
  `id` bigint(20) NOT NULL AUTO_INCREMENT,
  `product_id` bigint(20) NOT NULL,
  `filename` text NOT NULL,
  `original_filename` text NOT NULL,
  `online` tinyint(4) NOT NULL DEFAULT '1',
  `position` bigint(20) NOT NULL,
  `date_add` datetime NOT NULL,
  `date_update` datetime NOT NULL,
  `date_delete` datetime DEFAULT NULL,
  PRIMARY KEY (`id`),
  KEY `fk_productillu_product` (`product_id`)
) ENGINE=InnoDB  DEFAULT CHARSET=utf8 AUTO_INCREMENT=99 ;

--
-- Contenu de la table `product_illustration`
--

INSERT INTO `product_illustration` (`id`, `product_id`, `filename`, `original_filename`, `online`, `position`, `date_add`, `date_update`, `date_delete`) VALUES
(7, 6, '50df6d4a6d8b0.jpg', 'maison.jpg', 0, 0, '2012-12-29 23:23:06', '0000-00-00 00:00:00', '2012-12-29 23:32:45'),
(8, 6, '50df6d8300377.jpg', 'maison.jpg', 0, 0, '2012-12-29 23:24:03', '0000-00-00 00:00:00', '2012-12-29 23:29:11'),
(9, 6, '50df6ee3e9033.jpg', '488067_4397036480215_841331251_n.jpg', 1, 0, '2012-12-29 23:29:55', '0000-00-00 00:00:00', '2013-01-12 19:04:55'),
(10, 6, '50df6f7855cf3.jpg', 'autumn_road-wallpaper-1920x1200.jpg', 1, 0, '2012-12-29 23:32:24', '0000-00-00 00:00:00', '2013-01-12 19:04:24'),
(11, 6, '50df6f96da6fe.jpg', 'maison.jpg', 1, 0, '2012-12-29 23:32:54', '0000-00-00 00:00:00', '2013-01-12 19:04:30'),
(12, 6, '50e024565858f.jpg', 'maison.jpg', 0, 0, '2012-12-30 12:24:06', '0000-00-00 00:00:00', '2013-01-12 19:04:14'),
(13, 7, '50f061834d15a.jpg', 'P1030336 copie booking.jpg', 1, 10, '2013-01-11 20:01:23', '0000-00-00 00:00:00', NULL),
(14, 7, '50f063e854969.jpg', 'P1010113 copie site web 2.jpg', 1, 12, '2013-01-11 20:11:36', '0000-00-00 00:00:00', NULL),
(15, 7, '50f0640ad8eff.jpg', 'P1010116 copie siteweb 2.jpg', 1, 13, '2013-01-11 20:12:10', '0000-00-00 00:00:00', NULL),
(16, 7, '50f06429dadd5.jpg', 'P1010117 copie site web 2.jpg', 1, 14, '2013-01-11 20:12:41', '0000-00-00 00:00:00', NULL),
(17, 7, '50f0644d6fd86.jpg', 'P1010119 copie site web 2.jpg', 1, 15, '2013-01-11 20:13:17', '0000-00-00 00:00:00', NULL),
(18, 6, '50f1a58f96b88.JPG', 'Peyresourde.JPG', 1, 17, '2013-01-12 19:03:59', '0000-00-00 00:00:00', NULL),
(19, 6, '50f1a7ce8a861.JPG', 'P1020529_redimensionner.JPG', 1, 0, '2013-01-12 19:13:34', '0000-00-00 00:00:00', '2013-01-17 20:16:08'),
(20, 6, '50f1a7ef90bb0.jpg', 'P1020802_redimensionner copie site web 2.jpg', 1, 0, '2013-01-12 19:14:07', '0000-00-00 00:00:00', '2013-01-12 19:21:40'),
(21, 6, '50f1a95e6c455.jpg', 'P1030341 copie  siteweb2.jpg', 1, 20, '2013-01-12 19:20:14', '0000-00-00 00:00:00', NULL),
(22, 6, '50f1a98487b51.jpg', 'P1040250 copie site web 2.jpg', 1, 19, '2013-01-12 19:20:52', '0000-00-00 00:00:00', NULL),
(23, 6, '50f1a9ab5fd9e.jpg', 'P1040255 copie site web 2.jpg', 1, 21, '2013-01-12 19:21:31', '0000-00-00 00:00:00', NULL),
(24, 6, '50f1a9d454e27.jpg', 'P1040257 copie site web 2.jpg', 1, 22, '2013-01-12 19:22:12', '0000-00-00 00:00:00', NULL),
(25, 6, '50f1ab5b9803c.jpg', 'P1020629 copie site web2.jpg', 1, 0, '2013-01-12 19:28:43', '0000-00-00 00:00:00', '2013-01-12 19:28:54'),
(26, 6, '50f1ab978ad00.jpg', 'P1020791_redimensionner copie siteweb 2.jpg', 1, 23, '2013-01-12 19:29:43', '0000-00-00 00:00:00', NULL),
(27, 6, '50f1abcf7c5dd.jpg', 'P1020631 copie siteweb 2.jpg', 1, 0, '2013-01-12 19:30:39', '0000-00-00 00:00:00', '2013-01-17 20:13:59'),
(28, 8, '50f1ae954cf7f.jpg', 'P1030349 copie site web 2.jpg', 1, 25, '2013-01-12 19:42:29', '0000-00-00 00:00:00', NULL),
(29, 8, '50f1aec04b86a.jpg', 'P1030346 copie booking copie  site web 2.jpg', 1, 26, '2013-01-12 19:43:12', '0000-00-00 00:00:00', NULL),
(30, 8, '50f1aee9236f8.jpg', 'P1040837 copie  site web 2.jpg', 1, 27, '2013-01-12 19:43:53', '0000-00-00 00:00:00', NULL),
(31, 8, '50f1af15c949e.jpg', 'P1030344 copie site web 2.jpg', 1, 0, '2013-01-12 19:44:37', '0000-00-00 00:00:00', '2013-01-12 19:45:26'),
(32, 8, '50f1af3d8b582.jpg', 'P1030350 copie site web 2.jpg', 1, 29, '2013-01-12 19:45:17', '0000-00-00 00:00:00', NULL),
(33, 8, '50f1af5f179c5.jpg', 'P1030344 copie site web 2.jpg', 1, 30, '2013-01-12 19:45:51', '0000-00-00 00:00:00', NULL),
(34, 8, '50f1b014b036d.jpg', 'P1010064 copie siteweb 2.jpg', 1, 32, '2013-01-12 19:48:52', '0000-00-00 00:00:00', NULL),
(35, 9, '50f713f0085f0.jpg', 'P1020657 copie  siteweb 2.jpg', 1, 33, '2013-01-16 21:56:16', '0000-00-00 00:00:00', NULL),
(36, 9, '50f7147375221.jpg', 'P1050497 copie siteweb 2.jpg', 1, 34, '2013-01-16 21:58:27', '0000-00-00 00:00:00', NULL),
(37, 9, '50f7148f2787c.jpg', 'P1050483 copie  siteweb 2.jpg', 1, 35, '2013-01-16 21:58:55', '0000-00-00 00:00:00', NULL),
(38, 9, '50f714b888501.jpg', 'P1050504 copie  siteweb 2.jpg', 1, 36, '2013-01-16 21:59:36', '0000-00-00 00:00:00', NULL),
(39, 9, '50f714e06a87e.jpg', 'P1050500 copie siteweb 2.jpg', 1, 38, '2013-01-16 22:00:16', '0000-00-00 00:00:00', NULL),
(40, 9, '50f7155531b14.jpg', 'P1050491 copie.jpg', 1, 39, '2013-01-16 22:02:13', '0000-00-00 00:00:00', NULL),
(41, 9, '50f715a870a80.JPG', 'IMG_0084.JPG', 1, 40, '2013-01-16 22:03:36', '0000-00-00 00:00:00', NULL),
(42, 9, '50f715da7d260.JPG', 'IMG_0090.JPG', 1, 41, '2013-01-16 22:04:26', '0000-00-00 00:00:00', NULL),
(43, 6, '50f84de028b48.jpg', 'P1040257 copie site web 2.jpg', 1, 0, '2013-01-17 20:15:44', '0000-00-00 00:00:00', '2013-01-17 20:17:05'),
(44, 9, '51096d8d82f10.jpg', 'P1030427 copie.jpg', 1, 42, '2013-01-30 19:59:25', '0000-00-00 00:00:00', NULL),
(45, 9, '51096dd33fabd.jpg', 'IMG_0508 copie.jpg', 1, 43, '2013-01-30 20:00:35', '0000-00-00 00:00:00', NULL),
(46, 9, '510ef38754e70.JPG', 'P1020754_redimensionner.JPG', 1, 31, '2013-02-04 00:32:23', '0000-00-00 00:00:00', NULL),
(47, 9, '510ef47467e0e.jpg', 'P1020099_redimensionner copie siteweb 2.jpg', 1, 37, '2013-02-04 00:36:20', '0000-00-00 00:00:00', NULL),
(48, 7, '5110142f1596a.jpg', 'P1030326_redimensionner copie booking.com.jpg', 1, 0, '2013-02-04 21:03:59', '0000-00-00 00:00:00', '2013-02-04 21:04:19'),
(49, 7, '511014cf75831.JPG', 'P1030325_redimensionner.JPG', 1, 44, '2013-02-04 21:06:39', '0000-00-00 00:00:00', NULL),
(50, 7, '511015116e78a.jpg', 'escalier maison d''hôtes.jpg', 1, 48, '2013-02-04 21:07:45', '0000-00-00 00:00:00', NULL),
(51, 10, '51111a09ae0e2.jpg', 'IMG_0531 copie siteweb2.jpg', 1, 45, '2013-02-05 15:41:13', '0000-00-00 00:00:00', NULL),
(52, 10, '51111a61be193.jpg', 'P1050527 copie siteweb 2.jpg', 1, 47, '2013-02-05 15:42:41', '0000-00-00 00:00:00', NULL),
(53, 10, '51111a9740926.jpg', 'P1050523 copie siteweb2.jpg', 1, 0, '2013-02-05 15:43:35', '0000-00-00 00:00:00', '2013-05-17 22:13:20'),
(54, 10, '51111abd0546a.JPG', 'P1010969_redimensionner.JPG', 1, 46, '2013-02-05 15:44:13', '0000-00-00 00:00:00', NULL),
(55, 10, '51111ae9b5a5d.JPG', 'P1020664_redimensionner.JPG', 1, 49, '2013-02-05 15:44:57', '0000-00-00 00:00:00', NULL),
(56, 10, '51111b292a1bd.JPG', 'P1000907_redimensionner.JPG', 1, 0, '2013-02-05 15:46:01', '0000-00-00 00:00:00', '2013-05-16 15:00:13'),
(57, 10, '51111b9c89fe6.jpg', 'P1050520 copie  siteweb 2.jpg', 1, 53, '2013-02-05 15:47:56', '0000-00-00 00:00:00', NULL),
(58, 10, '511121925d482.jpg', 'P1050517 copie  siteweb 2.jpg', 1, 55, '2013-02-05 16:13:22', '0000-00-00 00:00:00', NULL),
(59, 10, '51112421b7d90.JPG', 'P1010814_redimensionner.JPG', 1, 0, '2013-02-05 16:24:17', '0000-00-00 00:00:00', '2013-05-16 15:01:31'),
(60, 10, '511127835fed6.JPG', 'P1010430_redimensionner.JPG', 1, 62, '2013-02-05 16:38:43', '0000-00-00 00:00:00', NULL),
(61, 10, '511127af1a5a6.JPG', 'P1010424_redimensionner.JPG', 1, 63, '2013-02-05 16:39:27', '0000-00-00 00:00:00', NULL),
(62, 10, '511127dc43e64.JPG', 'P1010828_redimensionner.JPG', 1, 65, '2013-02-05 16:40:12', '0000-00-00 00:00:00', NULL),
(63, 10, '511128639e185.JPG', 'P1010687_redimensionner.JPG', 1, 66, '2013-02-05 16:42:27', '0000-00-00 00:00:00', NULL),
(64, 10, '511128bbc7e11.jpg', 'P1060077 copie siteweb2.jpg', 1, 60, '2013-02-05 16:43:55', '0000-00-00 00:00:00', NULL),
(65, 10, '511128e564294.jpg', 'P1060078 copie siteweb2.jpg', 1, 58, '2013-02-05 16:44:37', '0000-00-00 00:00:00', NULL),
(66, 10, '5111296fa5f7b.jpg', 'P1060081 copie siteweb2.jpg', 1, 61, '2013-02-05 16:46:55', '0000-00-00 00:00:00', NULL),
(67, 10, '5194d81bedf2c.JPG', 'IMG_0780.JPG', 1, 50, '2013-05-16 14:59:08', '0000-00-00 00:00:00', NULL),
(68, 10, '5194d8891808b.JPG', 'IMG_0827.JPG', 1, 57, '2013-05-16 15:00:57', '0000-00-00 00:00:00', NULL),
(69, 10, '5194d8e169b50.JPG', 'IMG_0792.JPG', 1, 0, '2013-05-16 15:02:25', '0000-00-00 00:00:00', '2013-05-16 15:06:04'),
(70, 10, '51968f8fe8fc4.jpg', 'P1030650 copie.jpg', 1, 54, '2013-05-17 22:14:07', '0000-00-00 00:00:00', NULL),
(71, 10, '51969022493bf.jpg', 'P1030646 copie.jpg', 1, 67, '2013-05-17 22:16:34', '0000-00-00 00:00:00', NULL),
(72, 7, '52760440277d8.jpg', 'P1040217 copie Suite le Vénasque 2 nov 2013.jpg', 1, 59, '2013-11-03 09:07:28', '0000-00-00 00:00:00', NULL),
(73, 7, '527604895d51f.jpg', 'Suite Le Vénasque éclairage naturel.jpg', 1, 68, '2013-11-03 09:08:41', '0000-00-00 00:00:00', NULL),
(74, 7, '527604b783e7e.jpg', 'P1040230 copie Salle d''eau Le Vénasque.jpg', 1, 69, '2013-11-03 09:09:27', '0000-00-00 00:00:00', NULL),
(75, 7, '527605238ad2b.jpg', 'P1040220 copie Suite Le Vénasque  détail déco  miroir.jpg', 1, 70, '2013-11-03 09:11:15', '0000-00-00 00:00:00', NULL),
(76, 7, '527605734a4a1.jpg', 'P1040224 copie Suite Le Vénasque détail tableau C Calvez.jpg', 1, 71, '2013-11-03 09:12:35', '0000-00-00 00:00:00', NULL),
(77, 10, '52766f4ac52fb.jpg', 'P1050246 copie.jpg', 1, 72, '2013-11-03 16:44:10', '0000-00-00 00:00:00', NULL),
(78, 17, '52c041af6b9e3.jpg', 'autumn_road-wallpaper-1920x1200.jpg', 1, 0, '2013-12-29 16:37:19', '0000-00-00 00:00:00', '2013-12-29 16:41:05'),
(79, 17, '52c042ad64a7c.jpg', 'identity.jpg', 1, 0, '2013-12-29 16:41:33', '0000-00-00 00:00:00', '2013-12-29 16:42:00'),
(80, 17, '52c043b799fa2.jpg', 'P1040310 copie.jpg', 1, 73, '2013-12-29 16:45:59', '0000-00-00 00:00:00', NULL),
(81, 17, '52c043e5e29f3.jpg', 'P1040318 copie.jpg', 1, 75, '2013-12-29 16:46:46', '0000-00-00 00:00:00', NULL),
(82, 17, '52c0441f39f1b.jpg', 'P1040321 copie.jpg', 1, 74, '2013-12-29 16:47:43', '0000-00-00 00:00:00', NULL),
(83, 17, '52c04458320f4.jpg', 'P1040333 copie.jpg', 1, 0, '2013-12-29 16:48:40', '0000-00-00 00:00:00', '2013-12-29 16:49:35'),
(84, 17, '52c04484ba02b.jpg', 'P1040334 copie.jpg', 1, 78, '2013-12-29 16:49:24', '0000-00-00 00:00:00', NULL),
(85, 17, '52c044ba0a6bf.jpg', 'P1040338 copie.jpg', 1, 80, '2013-12-29 16:50:18', '0000-00-00 00:00:00', NULL),
(86, 17, '52c044e1e1e36.jpg', 'P1040337 copie.jpg', 1, 79, '2013-12-29 16:50:57', '0000-00-00 00:00:00', NULL),
(87, 17, '52c045137378e.jpg', 'P1040344 copie.jpg', 1, 81, '2013-12-29 16:51:47', '0000-00-00 00:00:00', NULL),
(88, 17, '52c045733cc3e.jpg', 'P1040348 copie.jpg', 1, 82, '2013-12-29 16:53:23', '0000-00-00 00:00:00', NULL),
(89, 17, '52c045ac8794b.jpg', 'P1040357 copie.jpg', 1, 83, '2013-12-29 16:54:20', '0000-00-00 00:00:00', NULL),
(90, 17, '52c0466f793bb.jpg', 'P1040358 copie.jpg', 1, 84, '2013-12-29 16:57:35', '0000-00-00 00:00:00', NULL),
(91, 17, '52c046ad27c3c.jpg', 'P1040364 copie.jpg', 1, 85, '2013-12-29 16:58:37', '0000-00-00 00:00:00', NULL),
(92, 17, '52c0499eeed0f.jpg', 'P1040387 copie.jpg', 1, 87, '2013-12-29 17:11:11', '0000-00-00 00:00:00', NULL),
(93, 17, '52c049df0581b.jpg', 'P1040399 copie.jpg', 1, 86, '2013-12-29 17:12:15', '0000-00-00 00:00:00', NULL),
(94, 17, '52c04a0de43ef.JPG', 'IMG_0781.JPG', 1, 88, '2013-12-29 17:13:01', '0000-00-00 00:00:00', NULL),
(95, 17, '52c04ab8c2fcc.jpg', 'P1040393 copie.jpg', 1, 89, '2013-12-29 17:15:52', '0000-00-00 00:00:00', NULL),
(96, 17, '52c04aef595c2.jpg', 'P1030427 copie.jpg', 1, 77, '2013-12-29 17:16:47', '0000-00-00 00:00:00', NULL),
(97, 6, '52c073541f85e.jpg', 'P1030338 copie booking.com 600 x 600.jpg', 1, 90, '2013-12-29 20:09:08', '0000-00-00 00:00:00', NULL),
(98, 6, '52c073f922568.jpg', 'P1010328 copie.jpg', 1, 91, '2013-12-29 20:11:53', '0000-00-00 00:00:00', NULL);

-- --------------------------------------------------------

--
-- Structure de la table `product_language`
--

CREATE TABLE IF NOT EXISTS `product_language` (
  `product_id` bigint(20) NOT NULL,
  `language_id` bigint(20) NOT NULL,
  `title` text NOT NULL,
  `introduction` text NOT NULL,
  `content` text NOT NULL,
  PRIMARY KEY (`product_id`,`language_id`),
  KEY `fk_productlang_product` (`product_id`),
  KEY `fk_productlang_language` (`language_id`)
) ENGINE=InnoDB DEFAULT CHARSET=utf8;

--
-- Contenu de la table `product_language`
--

INSERT INTO `product_language` (`product_id`, `language_id`, `title`, `introduction`, `content`) VALUES
(6, 1, 'Suite Peyresourde', '<div><strong>Peyresourde</strong> est une <strong>suite familiale</strong> d&#39;environ 39 m&sup2; pouvant accueillir deux &agrave; quatre personnes -enfants et/ou b&eacute;b&eacute; inclus-<br />\r\n&nbsp;\r\n<div>C&#39;est un logement ind&eacute;pendant, de plain pied, qui se trouve dans notre jardin, &agrave; proximit&eacute; de notre maison.<br />\r\n<br />\r\nNous privil&eacute;gions cette suite pour les familles avec enfant et/ou b&eacute;b&eacute;.<br />\r\n<br />\r\nCette suite est &eacute;quip&eacute;e d&#39;<strong>une petite cuisine d&#39;appoint,</strong> ce qui vous permet d&#39;augmenter la dur&eacute;e de votre s&eacute;jour en limitant vos frais de restauration.</div>\r\n</div>\r\nHeure d&#39;arriv&eacute;e comprise entre 16 heures et 19 heures<br />\r\nHeure de d&eacute;part avant 11 heures<br />\r\n<br />\r\nPour vos cures thermales: au mois de Mai, de Juin, de Septembre ou d&#39; Octobre, uniquement, n&#39;h&eacute;sitez pas &agrave; nous contacter par e-mail ou par t&eacute;l&eacute;phone, pour en savoir plus sur nos disponibilit&eacute;s et sur le tarif de la location.<br />\r\n<br />\r\n<br />\r\n<strong>Tarif 2014 nuit&eacute;e</strong> (tva 10%), <strong>petits d&eacute;jeuners inclus</strong>: 92 &euro; pour 2 ; 114 &euro; pour 3; 124 &euro; pour 4. <u><strong>Remise de 4 &euro; sur le tarif, &agrave; partir de deux nuit&eacute;es lou&eacute;es. </strong></u><br />\r\n<br />\r\nMerci de noter qu&#39;en p&eacute;riode de vacances scolaires, &eacute;t&eacute; comme hiver,&nbsp; la dur&eacute;e minimum de location de cette suite est de deux nuit&eacute;es.<br />\r\n&nbsp;', '<h4>Couchages :</h4>\r\n\r\n<ul>\r\n	<li>Une chambre parentale avec un grand lit double&nbsp; de 180 x 200cm Grand confort h&ocirc;tellerie <em> (Simmons) </em></li>\r\n	<li>Une seconde chambre avec un&nbsp; lit superpos&eacute; pour adultes ou enfants 2 x 90 x 200cm <em> (Ik&eacute;a) </em></li>\r\n</ul>\r\n&Eacute;quipement :<strong> </strong>Une salle de s&eacute;jour avec petite cuisine d&#39;appoint :\r\n\r\n<ul>\r\n	<li>un &eacute;vier</li>\r\n	<li>un four micro-ondes</li>\r\n	<li>deux plaques &eacute;lectriques</li>\r\n	<li>un r&eacute;frig&eacute;rateur</li>\r\n	<li>des ustensiles de cuisine ( po&ecirc;les, casseroles, etc...)</li>\r\n	<li>des couverts pour quatre personnes.</li>\r\n	<li>une table, des chaises, une banquette pour le coin repas, une armoire avec &agrave; l&#39;int&eacute;rieur vos couverts pour quatre personnes.</li>\r\n</ul>\r\n<br />\r\nUne salle d&#39;eau<strong> </strong>avec douche, lavabo, s&egrave;che serviette &eacute;lectrique, s&egrave;che cheveux.<br />\r\n<br />\r\nToilette ind&eacute;pendante.<br />\r\n<br />\r\n<br />\r\n<strong>Le linge de couchage, de maison ainsi que&nbsp; les serviettes de bain sont fournis.</strong><br />\r\n<br />\r\n<br />\r\n<strong>La Piscine : </strong> En &eacute;t&eacute;<strong>,</strong> notre piscine ext&eacute;rieure chauff&eacute;e (Piscinelle 6m x 4m semi-enterr&eacute;e, 1.30 m de profondeur) est &agrave; votre disposition de 14h30 &agrave; 20h30 (les enfants devront &ecirc;tre sous la surveillance et l&#39;enti&egrave;re responsabilit&eacute; de leurs parents qui s&#39;y engagent), &agrave; partager avec nos autres locataires.<br />\r\n<br />\r\n<br />\r\nLocal &agrave; skis : En hiver<strong>,</strong> nous mettons &agrave; votre disposition un local, pour entreposer vos skis et une pi&egrave;ce chauff&eacute;e pour entreposer vos v&ecirc;tements de skis.<br />\r\n<br />\r\n&nbsp;\r\n<h4>Conditions &amp; Observations :</h4>\r\nLes petits d&eacute;jeuners sont servis entre 8h30 et10 heures sous forme de buffet avec au choix : du lait, du th&eacute;, du caf&eacute;,du chocolat.<br />\r\n<br />\r\nCes boissons sont accompagn&eacute;s de croissants, de pain, de pain brioch&eacute;, de confitures, de yaourts, de g&acirc;teaux maison, de fruits de saison, de jus de fruits.<br />\r\n<br />\r\n<br />\r\n<strong>Nos Conditions de location:</strong><br />\r\n<br />\r\nNous demandons un acompte de r&eacute;servation &agrave; la signature du contrat de location &eacute;quivalent &agrave; un&nbsp; minimum d&#39;une nuit&eacute;e ou &agrave; 30% du prix du s&eacute;jour dans le cas de plusieurs nuit&eacute;es lou&eacute;es, par ch&egrave;que ou virement bancaire.<br />\r\nR&egrave;glement du solde de la location, par ch&egrave;que ou virement bancaire, 30 jours avant votre arriv&eacute;e.<br />\r\nPour les r&eacute;servations de derni&egrave;re minute, seul un r&egrave;glement par virement bancaire, par Paypal (sous certaines conditions) ou en esp&egrave;ces sera accept&eacute;.<br />\r\n<br />\r\n<strong>Les animaux ne sont pas accept&eacute;s</strong> <strong>dans nos locations.</strong><br />\r\n<br />\r\n&nbsp;'),
(6, 2, 'Peyresourde', '<div id="trtext" style="display:block">Peyresourde es una appartementios familiar de aproximadamente 39 m &sup2; pudiendo recibir de dos a cuatro personas - ni&ntilde;os yo beb&eacute; incluido<br />\r\n<br />\r\nEs una vivienda independiente, de llano pie, que se encuentra en nuestro jard&iacute;n, cerca de nuestra casa.<br />\r\n<br />\r\nPrivilegiamos esta continuaci&oacute;n para las familias con ni&ntilde;o yo beb&eacute;.<br />\r\n<br />\r\nEsta Cuarto es equipada de una peque&ntilde;a cocina de complemento lo que le permite aumentar la duraci&oacute;n de su estancia limitando su gastos de restauraci&oacute;n.<br />\r\n<br />\r\nHora de llegada comprendida entre las 16 horas y 19 horas<br />\r\nHora de salida antes de las 11 horas<br />\r\n<br />\r\nImpuesto de estancia: 0,40 euros por noche pasada por una persona a partir de 13 a&ntilde;os (a reserva de modificaci&oacute;n por voto del ayuntamiento)<br />\r\n<br />\r\n<strong>Gracias por anotar que en el per&iacute;odo de vacaciones escolares franceses, verano como invierno m&iacute;nimo, la duraci&oacute;n de alquiler es de dos noches pasadas.</strong><br />\r\n&nbsp;</div>\r\n\r\n<div class="sayBox">&nbsp;</div>\r\n', '<strong>Lechos:</strong><br />\r\n<br />\r\nUn cuarto paterno con una gran cama doble de 180 x 200cm Gran comodidad hosteler&iacute;a (Simmons)<br />\r\nUn segundo cuarto con la cama sobrepuesta para adultos o ni&ntilde;os 2 x 90 x 200cm (Ik&eacute;a)<br />\r\n<br />\r\n<strong>Equipo:</strong><br />\r\n<br />\r\nUn cuarto de estar con peque&ntilde;a cocina de complemento:<br />\r\n<br />\r\nUn fregadero<br />\r\n<br />\r\nUn horno microondas, dos placas el&eacute;ctricas, un frigor&iacute;fico, los utensilios de cocina (estufas(sartenes), cacerolas, etc) cubiertos para cuatro personas.<br />\r\n<br />\r\nUna mesa, sillas, una banqueta para el comedor, un armario en el interior con sus cubiertos para cuatro personas.<br />\r\n<br />\r\n&iexcl; Esta cocina que es privada de cu&eacute;vano aspirante, preguntamos a nuestro amable a clientela no hacer raspador, de fondue en la vivienda, a causa de los olores! Gracias de antemano para su comprensi&oacute;n.<br />\r\n<br />\r\nUn aseo con ducha, lavabo, seca toallas el&eacute;ctrico, secador de pelo.<br />\r\n<br />\r\n<br />\r\n<strong>La ropa blanca de lecho, de casa as&iacute; como las toallas son surtidas.</strong><br />\r\n<br />\r\nLa Piscina: en verano, nuestra piscina exterior calentada (Piscinelle 6m x 4m semienterrada, 1.30 m de profundidad) es a su disposici&oacute;n de las 14h 30 a las 20h 30 (los ni&ntilde;os deber&aacute;n estar bajo la vigilancia y entera responsabilidad de sus parientes que se comprometen a eso), que hay que compartir con nuestros otros inquilinos.<br />\r\n<br />\r\nLocal a esqu&iacute;s: en invierno, ponemos a su disposici&oacute;n un local, para almacenar sus esqu&iacute;s y una pieza calentada para almacenar sus trajes de esqu&iacute;s.<br />\r\n<br />\r\n<strong>Condiciones y Observaciones:</strong><br />\r\n<br />\r\nLos desayunos son servidos entre las 8h 30 et10h: en forma de buffet con a la elecci&oacute;n: leche, t&eacute;, caf&eacute;, chocolate.<br />\r\n<br />\r\nEstas bebidas son acompa&ntilde;adas por medias lunas(cruas&aacute;n), por pan tostado, por pan de brioche, por mermeladas, por yogures, por pasteles casa, de frutas de temporada, de zumo de frutas.<br />\r\n<br />\r\n<strong>Nuestras Condiciones de alquiler:</strong><br />\r\n<br />\r\nPedimos un anticipo de reserva a la firma del contrato de arrendamiento equivalente a un m&iacute;nimo de una noche pasada o al 30 % del precio de la estancia en el caso de varias noches pasadas alquiladas, por transferencia bancaria.<br />\r\nPago del saldo del alquiler, por transferencia bancaria, 30 d&iacute;as antes de su llegada.<br />\r\nPara las reservas de &uacute;ltimo minuto, s&oacute;lo un pago por transferencia bancaria bancario, por Paypal (bajo ciertas condiciones)o en met&aacute;lico ser&aacute; aceptado.<br />\r\n<br />\r\nLos animales no son aceptados en nuestros alquileres.'),
(6, 3, 'Peyresourde Suite', '<div class="sayBox">\r\n<div class="sayBox"><strong>Peyresourde</strong> is a family Suite about 39 m &sup2; being able to receive from two to four persons (children and/or inclusive baby)</div>\r\n\r\n<div class="sayBox">&nbsp;</div>\r\n\r\n<div class="sayBox">It is an independent accommodation, on the ground floor, that is in our garden, near our house.</div>\r\n\r\n<div class="sayBox">&nbsp;</div>\r\n\r\n<div class="sayBox">We favor this Suite for a family with child and/or baby.</div>\r\n\r\n<div class="sayBox">&nbsp;</div>\r\n\r\n<div class="sayBox">This Suite is equipped with a small kitchen of supplement what allows you to increase the duration of your stay by limiting your expenses of catering!</div>\r\n\r\n<div class="sayBox">&nbsp;</div>\r\n\r\n<div class="sayBox">Thank you for noting that in period of French school holidays, summer and winter alike, the minimal duration of rent is two overnight stays.</div>\r\n\r\n<div class="sayBox">&nbsp;</div>\r\n\r\n<div class="sayBox"><strong>Rate for <u>one night stay</u>, inclusive breakfasts: 90 &euro; for 2; 110&euro; for 3; 120 &euro; for 4.<br />\r\n<br />\r\nRate for<u> two nights stay or more</u>, inclusive breakfast: 86 &euro; for 2; 106 &euro; for 3;116 &euro; for 4</strong><br />\r\n<br />\r\nArrival time included between 4 pm and 7 pm - Departure time before 11 am</div>\r\n\r\n<div class="sayBox">&nbsp;</div>\r\n\r\n<div class="sayBox">Tourist tax: 0,40 &euro; by overnight stay / a person from 13 years</div>\r\n\r\n<div>&nbsp;</div>\r\n</div>\r\n', '<div id="trtext" style="display:block">\r\n<h3><u><strong>Sleepings around:</strong></u></h3>\r\n<br />\r\nA parental bedroom with <strong>a king size bed </strong>of 180 x 200cm<br />\r\nA second bedroom for children or adults with <strong>a bunk bed</strong>&nbsp; 2 x 90 x 200cm ( Ik&eacute;a)<br />\r\n<br />\r\n<u><strong>Equipment:</strong></u><br />\r\n<br />\r\nA living room with a small kitchen<br />\r\n<br />\r\nA kitchen sink<br />\r\n<br />\r\nAn oven microwaves, two stick electric, a refrigerator, flatware for four persons.<br />\r\n<br />\r\nA table, chairs, a seat(sofa) for the dining area, a cupboard with inside your flatware for four persons.<br />\r\n<br />\r\nThis kitchen lacking extractor fan, we ask in&nbsp; for clientele not to make raclette, fondue in the Suite, because of the smells! Thank you in advance for your understanding<br />\r\n<br />\r\nA shower-room with shower, washbasin, electric towel dryer, hairdryer.<br />\r\n<br />\r\nIndependent water closet.<br />\r\n<br />\r\nThe linen of sleeping around, house as well as the bath towels are supplied.<br />\r\n<br />\r\n<u><strong>The Swimming pool:</strong></u> in summer, our outside warmed swimming pool (Piscinelle 6m x 4m half-buried, 1.30 m of depth) is at your disposal from 2:30 pm till 8:30 pm (the children will have to be under the surveillance and the full responsibility of their parents who commit to it), to share with our other tenants.<br />\r\n<br />\r\n<u><strong>Conditions and Observations:</strong></u><br />\r\n<br />\r\n<strong>Breakfasts </strong> are served from 8:30 am till 10 am: Buffet with in the choice:&nbsp; milk, tea,&nbsp; coffee, chocolate.<br />\r\n<br />\r\nThese drinks are accompanied with croissants, with toast, with brioche bread, with jams, with yoghurts, with house cakes, fruits of the season, fruit juice.<br />\r\n<br />\r\n<u><strong>Our Conditions of rent:</strong></u><br />\r\n<br />\r\nWe ask you&nbsp; a Deposit for reservation the signature of the rental agreement equivalent to a minimum of an overnight stay or 30 % of the price(prize) of your stay by&nbsp; bank transfer.<br />\r\nPayment of the balance of the rent, by bank transfer, 30 days before your arrival.<br />\r\nFor the last-minute reservations, only a payment by bank transfer, by Paypal (under certain conditions) or in cash will be accepted<br />\r\n<br />\r\n<u><strong>Pets</strong> are not accepted in our rents.</u></div>\r\n\r\n<div class="sayBox">&nbsp;</div>\r\n'),
(6, 4, 'Peyresourde', 'Lorem ipsum', 'Lorem ipsum'),
(7, 1, 'Suite Le Vénasque', '<div><strong>Le V&eacute;nasque </strong>est une Suite d&#39;environ 35 m&sup2; pouvant recevoir deux personnes.<br />\r\n<br />\r\nSitu&eacute;e au premier &eacute;tage de notre maison, avec une entr&eacute;e ind&eacute;pendante, cette suite est compos&eacute;e d&#39;une chambre, d&#39;une salle d&#39;eau et d&#39;une salle de s&eacute;jour &eacute;quip&eacute;e d&#39;une <strong>petite cuisine d&#39;appoint</strong>, ce qui vous permet d&#39;augmenter la dur&eacute;e de votre s&eacute;jour chez nous en limitant vos frais de restauration !<br />\r\n&nbsp;</div>\r\nHeure d&#39;arriv&eacute;e comprise entre 16 heures et 19 heures<br />\r\nHeure de d&eacute;part avant 11 heures<br />\r\n<br />\r\nPour vos cures thermales:mois de Mai, Juin, Septembre et Octobre uniquement.<br />\r\nN&#39;h&eacute;sitez pas &agrave; nous contacter par e-mail ou par t&eacute;l&eacute;phone, pour en savoir plus sur nos disponibilit&eacute;s concernant cette suite.<br />\r\n<br />\r\n<br />\r\n<strong>Tarif 2014 nuit&eacute;e</strong> (tva 10%),<strong> petits d&eacute;jeuners inclus</strong>: 84 &euro; pour un couple ; 99 &euro; pour un couple et un enfant (calme).<strong>Remise de 4 &euro; sur ce tarif &agrave; partir de deux nuit&eacute;es lou&eacute;es. </strong><br />\r\n<br />\r\n<u>Merci de noter qu&#39;en p&eacute;riode de vacances scolaires, la dur&eacute;e minimum de location de nos Suites est de deux nuit&eacute;es</u><br />\r\n<br />\r\n<br />\r\n<strong><em>D&eacute;sol&eacute;s, les animaux ne sont pas accept&eacute;s dans nos locations.</em></strong><br />\r\n<br />\r\n&nbsp;', '<h4>Couchages :</h4>\r\n\r\n<ul>\r\n	<li>Une chambre<strong>&nbsp;</strong> avec un grand lit double&nbsp; de 180 x 200 cm Grand confort h&ocirc;tellerie <em> (Simmons)- Vue sur notre jardin et les Montagnes - une commode trois tiroirs , une t&eacute;l&eacute;vision &eacute;cran plat 80 cm &eacute;quip&eacute;e de la TNT, lecteur de dvds.</em></li>\r\n	<li><em>Une salle d&#39;eau avec douche , lavabo et wc, s&egrave;che-serviette &eacute;lectrique, s&egrave;che cheveux. savon et shampoing sont offerts.</em></li>\r\n	<li>Une salle de s&eacute;jour:<strong> </strong>un&nbsp; canap&eacute; lit de 90 x 190 , une table de berger avec deux chaises, une armoire m&eacute;tallique avec des cintres.<em> </em></li>\r\n</ul>\r\n&nbsp;\r\n\r\n<h4>&Eacute;quipement de la salle de s&eacute;jour</h4>\r\nUne salle de s&eacute;jour avec petite cuisine d&#39;appoint :\r\n\r\n<ul>\r\n	<li>un &eacute;vier</li>\r\n</ul>\r\n\r\n<ul>\r\n	<li>un four &agrave; micro-ondes</li>\r\n	<li>deux plaques &eacute;lectriques</li>\r\n	<li>un r&eacute;frig&eacute;rateur</li>\r\n	<li>des ustensiles de cuisine ( po&ecirc;les, casseroles, etc...)</li>\r\n	<li>des couverts pour trois personnes.</li>\r\n</ul>\r\n\r\n<ul>\r\n	<li>une table de berger, des chaises pour le coin repas.</li>\r\n</ul>\r\n<br />\r\n<strong>Cette cuisine &eacute;tant d&eacute;pourvue de hotte aspirante , nous vous demandons de ne pas entreprendre de cuisine mal odorante dans le logement ! Merci de votre compr&eacute;hension. </strong><br />\r\n<br />\r\n<strong>.......................................................................................................................................................................................................................</strong><br />\r\n<br />\r\n<strong>Le linge de couchage, de maison et les serviettes de bain sont fournis.</strong><br />\r\n<br />\r\n<br />\r\nPiscine : En &eacute;t&eacute;, notre piscine ext&eacute;rieure chauff&eacute;e(Piscinelle 6m x 4m semi-enterr&eacute;e, 1.30 m de profondeur) est &agrave; votre disposition de 14h30 &agrave; 20h30<strong> </strong>(les enfants devront &ecirc;tre sous la surveillance et la responsabilit&eacute; de leurs parents), &agrave; partager avec nos autres locataires.<br />\r\n<br />\r\n<br />\r\nLocal &agrave; skis : En hiver, nous mettons &agrave; votre disposition un local, pour entreposer vos skis ainsi qu&#39;une pi&egrave;ce chauff&eacute;e o&ugrave; vous pourrez entreposer vos v&ecirc;tements et chaussures de skis<br />\r\n<br />\r\n&nbsp;\r\n<h4>Conditions &amp; Observations :</h4>\r\nLes petits d&eacute;jeuners sont servis entre 8h 30 et 10 h, sous forme de buffet avec au choix: du lait, du th&eacute;, du caf&eacute;,du chocolat.<br />\r\n<br />\r\nCes boissons sont accompagn&eacute;s de croissants, de pain , de pain brioch&eacute;, de confitures, de yaourts, de g&acirc;teaux maison, de fruits de saison, de jus de fruits, de fromage et jambon de pays.<br />\r\n<br />\r\n&nbsp;\r\n<h4>Conditions de location:</h4>\r\nNous vous demandons<strong> </strong>un acompte de r&eacute;servation &agrave; la signature du contrat de location &eacute;quivalent &agrave; un minimum d&#39;une nuit&eacute;e ou de 30% du prix de votre s&eacute;jour pour les locations de plusieurs nuit&eacute;es, par ch&egrave;que ou virement bancaire.<br />\r\nR&egrave;glement du solde de la location, par ch&egrave;que ou virement bancaire, 30 jours avant votre arriv&eacute;e.<br />\r\nPour les r&eacute;servations de derni&egrave;re minute, seul un r&egrave;glement par virement bancaire, &eacute;ventuellement par <em>Paypal</em> (sous certaines conditions) ou en esp&egrave;ces sera accept&eacute;<br />\r\n<br />\r\n<strong>Les animaux ne sont pas accept&eacute;s dans nos locations.</strong><br />\r\n&nbsp;'),
(7, 2, 'Venasque', 'V&eacute;nasque es una cuarto de aproximadamente 35 m &sup2; pudiendo recibir de dos a tres personas (<em>un pareja y un ni&ntilde;o</em>).<br />\r\n<br />\r\n&iexcl; Situada en el primer piso de nuestra casa, con una entrada independiente, esta Cuarto es equipada de una peque&ntilde;a cocina de complemento, aquel qu&eacute; le permite aumentar la duraci&oacute;n de su estancia en nuestra casa limitando su gastos de restauraci&oacute;n!<br />\r\n<br />\r\nHora de llegada comprendida entre las 16 horas y 19 horas<br />\r\nHora de salida antes de las 11 horas<br />\r\n<br />\r\n<br />\r\nImpuesto de estancia: 0,40 euros por noche pasada y por una persona a partir de 13 a&ntilde;os (a reserva de modificaci&oacute;n por voto del ayuntamiento)<br />\r\n<br />\r\n<strong>Gracias por anotar que en el per&iacute;odo de vacaciones escolares franceses, verano como invierno m&iacute;nimo, la duraci&oacute;n de alquiler es de dos noches pasadas.</strong>', '<br />\r\n<strong>Lechos:</strong><br />\r\n<br />\r\nUn cuarto(c&aacute;mara) con una gran cama doble de 180 x 200cm Gran comodidad hosteler&iacute;a (Simmons) - Vista sobre nuestro jard&iacute;n y las Monta&ntilde;as<br />\r\n<br />\r\nUn cuarto de estar: la cama de 90 x 190<br />\r\n<br />\r\n<strong>Equipo:</strong><br />\r\n<br />\r\nUn cuarto de estar con peque&ntilde;a cocina de complemento<strong>. </strong>Un fregadero, un horno microondas, dos placas el&eacute;ctricas, un frigor&iacute;fico de los utensilios de cocina (estufas sartenes), cacerolas, etc) cubiertos para tres personas.<br />\r\n<br />\r\nUna mesa de pastor, sillas para el comedor.<br />\r\n<br />\r\n&iexcl; Esta cocina que es privada de cu&eacute;vano aspirante, preguntamos a nuestro amable a clientela no hacer raspador en la vivienda! Gracias por su comprensi&oacute;n.<br />\r\n<br />\r\nUn aseo con ducha, lavabo, seca toallas el&eacute;ctrico, secador de pelo y aseo (traje).<br />\r\n<br />\r\n<strong>La ropa blanca de lecho, de casa as&iacute; como las toallas son surtidas.</strong><br />\r\n<br />\r\n<strong>La Piscina:</strong> en verano, nuestra piscina exterior calentada (Piscinelle 6m x 4m semienterrada, 1.30 m de profundidad) es a su disposici&oacute;n de las 14h 30 a las 20h 30 (los ni&ntilde;os deber&aacute;n estar bajo la vigilancia y entera responsabilidad de sus parientes que se comprometen a eso), que hay que compartir con nuestros otros inquilinos.<br />\r\n<br />\r\nLocal a esqu&iacute;s: en invierno, ponemos a su disposici&oacute;n un local, para almacenar sus esqu&iacute;s y una pieza calentada para almacenar sus trajes de esqu&iacute;s.<br />\r\n<br />\r\n<strong>Condiciones y Observaciones:</strong><br />\r\n<br />\r\nLos desayunos son servidos entre las 8h 30 et10h: en forma de buffet con a la elecci&oacute;n: leche, t&eacute;, caf&eacute;, chocolate.<br />\r\n<br />\r\nEstas bebidas son acompa&ntilde;adas por medias lunas(cruas&aacute;n), por pan tostado, por pan de brioche, por mermeladas, por yogures, por pasteles casa, de frutas de temporada, de zumo de frutas.<br />\r\n<br />\r\n<strong>Nuestras Condiciones de alquiler:</strong><br />\r\n<br />\r\nPedimos un anticipo de reserva a la firma del contrato de arrendamiento equivalente a un m&iacute;nimo de una noche pasada o al 30 % del precio de la estancia en el caso de varias noches pasadas alquiladas, por transferencia bancaria.<br />\r\nPago del saldo del alquiler, por transferencia bancaria, 30 d&iacute;as antes de su llegada.<br />\r\nPara las reservas de &uacute;ltimo minuto, s&oacute;lo un pago por transferencia bancaria bancario, por Paypal (bajo ciertas condiciones)o en met&aacute;lico ser&aacute; aceptado.<br />\r\n<br />\r\nLos animales no son aceptados en nuestros alquileres.'),
(7, 3, 'Le Venasque Suite', '<strong>&quot;Le V&eacute;nasque&quot;</strong> is a Suite about 35 m &sup2; being able to receive from two to three persons (a couple and a child between 6 to 13 years old).<br />\r\n<br />\r\nSituated on the first floor on our house, with an independent entrance, this Suite is equiped with a small kitchen, what allows you to increase the duration of your stay at our home by limiting your expenses of restoration(catering)!<br />\r\n<br />\r\nThank you for noting that in period of French school holidays, summer and winter alike, the minimal duration of rent is two overnight stays.<br />\r\n<br />\r\n<br />\r\nRate for one night stay, inclusive breakfasts: 82 &euro; for 2; 97&euro; for 3. Rate for two nights stay or more: discount - 4 &euro; .(ex: 78 &euro; for two)<br />\r\n<br />\r\nArrival time included between 4 pm and 7 pm<br />\r\nDeparture time before 11 am<br />\r\n<br />\r\nTourist tax: 0,40 &euro; by overnight stay /a person from 13 years', '<div id="trtext" style="display:block"><strong>Sleepings around:</strong><br />\r\n<br />\r\nA Bedroom with a King size bed&nbsp; 180 x 200cm&nbsp; - View on our zen garden and the mountains<br />\r\n<br />\r\nA living room with a bed of 90 x 190<br />\r\n<br />\r\n<strong>Equipment:</strong><br />\r\n<br />\r\nA Living room with small kitchen<br />\r\n<br />\r\nA kitchen sink<br />\r\n<br />\r\nA microwave oven two electric plates a refrigerator of kitchenware (stoves(frying pans), pans, etc.) flatware for two persons.<br />\r\n<br />\r\nA table of shepherd, chairs for the dining area.<br />\r\n<br />\r\nThis kitchen lacking extractor fan, we ask&nbsp; for clientele not to make raclette in the&nbsp; Suite! Thank you for your understanding.<br />\r\n<br />\r\nA Shower-room with shower, washbasin, electric towel dryer, hairdryer and wc.<br />\r\n<br />\r\nThe linen of sleeping around, house as well as the bath towels are supplied.<br />\r\n<br />\r\n<u><strong>The Swimming pool:</strong></u> in summer, our outside warmed swimming pool (Piscinelle 6m x 4m half-buried, 1.30 m of depth) is at your disposal from 2:30 pm till 8:30 pm (the children will have to be under the surveillance and the full responsibility of their parents who commit to it), to share with our other tenants.<br />\r\n<br />\r\n<u><strong>Conditions and Observations:</strong></u><br />\r\n<br />\r\n<strong>Breakfasts </strong> are served from 8:30 am till 10 am: Buffet with in the choice:&nbsp; milk, tea,&nbsp; coffee, chocolate.<br />\r\n<br />\r\nThese drinks are accompanied with croissants, with toast, with brioche bread, with jams, with yoghurts, with house cakes, fruits of the season, fruit juice.<br />\r\n<br />\r\n<u><strong>Our Conditions of rent:</strong></u><br />\r\n<br />\r\nWe ask you&nbsp; a Deposit for reservation the signature of the rental agreement equivalent to a minimum of an overnight stay or 30 % of the price(prize) of your stay by&nbsp; bank transfer.<br />\r\nPayment of the balance of the rent, by bank transfer, 30 days before your arrival.<br />\r\nFor the last-minute reservations, only a payment by bank transfer, by Paypal (under certain conditions) or in cash will be accepted<br />\r\n<br />\r\nPets are not accepted in our rents.</div>\r\n\r\n<div class="sayBox">&nbsp;</div>\r\n'),
(7, 4, 'Venasque', 'Lorem ipsum', 'Lorem ipsum'),
(8, 1, 'Suite L''Estive', 'Notre Suite <strong>L&#39;Estive</strong> de 41 m&sup2;, au deuxi&egrave;me &eacute;tage de notre maison, avec entr&eacute;e ind&eacute;pendante, est compos&eacute;e de deux chambres d&#39;environ 16 m&sup2; chacune et d&#39;une salle de bain avec baignoire, lavabos et toilette. Vues sur les montagnes<br />\r\n<br />\r\nPouvant recevoir <strong>jusqu&#39;&agrave; 4 personnes</strong>, cette suite ne disposant pas de petite cuisine d&#39;appoint, est<br />\r\ndestin&eacute;e au court s&eacute;jour, pour des personnes d&eacute;sirant aller d&icirc;ner au restaurant.<br />\r\n<br />\r\n<br />\r\n<strong>Tarif 2014 nuit&eacute;e</strong> (tva 10%), <strong>petits d&eacute;jeuners inclus</strong>: 84 &euro; pour 2 personnes; 99 &euro; pour 3 personnes; 114 &euro; pour 4 personnes.<strong><strong>Remise de 4 &euro; </strong>sur ce tarif &agrave; partir de deux nuit&eacute;es lou&eacute;es.</strong><br />\r\n<br />\r\n<br />\r\n&nbsp;', 'Pour une location pour deux personnes:<br />\r\nUne chambre&nbsp; avec un lit double&nbsp; 160 x 200cm Grand confort h&ocirc;tellerie <em> (Simmons) </em>, deux commodes, une t&eacute;l&eacute;vision et un d&eacute;codeur Tnt, deux fauteuils. <em>Vue sur les montagnes</em>.<br />\r\n<br />\r\npour une location pour trois ou quatre personnes:<br />\r\nUne deuxi&egrave;me chambre<strong> </strong>avec deux lits simples 90 x 200 ou un lit double 180 x 200 en fonction de votre choix ( merci de nous le pr&eacute;ciser dans votre demande de r&eacute;servation) , une armoire avec &eacute;tag&egrave;res, deux fauteuils. T&eacute;l&eacute;vision avec d&eacute;codeur Tnt.<br />\r\n&nbsp;\r\n<h4>&Eacute;quipement :<strong> </strong></h4>\r\nUne Salle de bain<strong> </strong>avec baignoire, deux lavabos et&nbsp; toilette<strong>. </strong><br />\r\n<br />\r\ns&egrave;che serviette &eacute;lectrique - s&egrave;che cheveux.<br />\r\n<br />\r\n<br />\r\n<strong>Le linge de couchage et les serviettes de toilette sont fournis.</strong><br />\r\n<br />\r\n<br />\r\n<strong>Piscine </strong>: En &eacute;t&eacute;, notre piscine ext&eacute;rieure chauff&eacute;e (Piscinelle 6m x 4m semi-enterr&eacute;e, 1.30 m de profondeur) est &agrave; votre disposition de 14h30 &agrave; 20h30 (les enfants devront &ecirc;tre sous la surveillance et la responsabilit&eacute; de leurs parents), &agrave; partager avec nos autres locataires.<br />\r\n<br />\r\n<br />\r\n<strong>Local &agrave; skis : </strong>En hiver, nous mettons &agrave; votre disposition un local, pour entreposer vos skis ainsi qu&#39;une pi&egrave;ce chauff&eacute;e pour entreposer vos v&ecirc;tements et chaussures de skis.<br />\r\n<br />\r\n&nbsp;\r\n<h4>Conditions &amp; Observations :<strong> </strong></h4>\r\nLes petits d&eacute;jeuners sont servis entre 8h30 et 10h, sous forme de buffet avec au choix du lait, du th&eacute;, du caf&eacute;,du chocolat.<br />\r\n<br />\r\nCes boissons sont accompagn&eacute;s de croissants, de pain grill&eacute;, de pain brioch&eacute;, de confitures, de yaourts, de g&acirc;teaux maison, de fruits de saison, de jus de fruits.<br />\r\n<br />\r\n<br />\r\n<strong>Conditions de location:</strong><br />\r\n<br />\r\nNous vous demandons un acompte de r&eacute;servation &agrave; la signature du contrat de location &eacute;quivalent &agrave; un&nbsp; minimum d&#39;une nuit&eacute;e ou &agrave; 30% du prix de votre s&eacute;jour pour les locations de plusieurs nuit&eacute;es, par ch&egrave;que ou virement bancaire.<br />\r\nR&egrave;glement du solde de la location, par ch&egrave;que ou virement bancaire, 30 jours avant votre arriv&eacute;e pour confirmer votre venue.<br />\r\nPour les r&eacute;servations de derni&egrave;re minute, seul un r&egrave;glement par virement bancaire, par Paypal (sous certaines conditions)&nbsp; ou en esp&egrave;ces sera accept&eacute;.<br />\r\n<br />\r\n<u><strong>Les Animaux ne sont pas accept&eacute;s dans nos locations.</strong></u><br />\r\n<br />\r\n&nbsp;'),
(8, 2, 'Estive', 'Nuestra Cuarto Estive de 41 m &sup2;, al segundo piso de nuestra casa, con entrada independiente, es constada por dos camaros de aproximadamente 16 m &sup2; cada una y de una sala de ba&ntilde;o con ba&ntilde;era, lavabos y aseo(traje). Vistas sobre las monta&ntilde;as<br />\r\n<br />\r\nPudiendo recibir hasta 4 personas, esta Cuarto est&aacute; m&aacute;s bien destinada a la estancia corta para personas que desean cenar en el restaurante.<br />\r\n<br />\r\n<strong>En el per&iacute;odo de vacaciones escolares franceses, verano como invierno m&iacute;nimo, la duraci&oacute;n de alquiler es normalmente de dos noches pasadas, salvo para completar nuestra planificaci&oacute;n.</strong>', 'Para un alquiler para uno o dos personas:<br />\r\nUn c&agrave;mara con la cama 160 doble x 200cm , dos c&oacute;modas, televisi&oacute;n y un decodificador Tnt, dos butacas. Vista sobre las monta&ntilde;as.<br />\r\n<br />\r\nPara un alquiler para tres o cuatro personas:<br />\r\nEl segundo c&aacute;mara con dos camas simples 90 x 200 o la cama dobla 180 x 200 con arreglo a su elecci&oacute;n (gracias por precis&aacute;rnoslo en su demanda de reserva), un armario con estanter&iacute;as, dos butacas. Televisi&oacute;n con decodificador Tnt.<br />\r\n<br />\r\nEquipo:<br />\r\nUna Sala de ba&ntilde;o con ba&ntilde;era, dos lavabos y aseo(traje).<br />\r\n<br />\r\nSeca toallas el&eacute;ctrico - secador de pelo.<br />\r\n<br />\r\n<strong>La ropa blanca de lecho, de casa as&iacute; como las toallas son surtidas.</strong><br />\r\n<br />\r\nLa Piscina: en verano, nuestra piscina exterior calentada (Piscinelle 6m x 4m semienterrada, 1.30 m de profundidad) es a su disposici&oacute;n de las 14h 30 a las 20h 30 (los ni&ntilde;os deber&aacute;n estar bajo la vigilancia y entera responsabilidad de sus parientes que se comprometen a eso), que hay que compartir con nuestros otros inquilinos.<br />\r\n<br />\r\nLocal a esqu&iacute;s: en invierno, ponemos a su disposici&oacute;n un local, para almacenar sus esqu&iacute;s y una pieza calentada para almacenar sus trajes de esqu&iacute;s.<br />\r\n<br />\r\n<strong>Condiciones y Observaciones:</strong><br />\r\n<br />\r\nLos desayunos son servidos entre las 8h 30 et10h: en forma de buffet con a la elecci&oacute;n: leche, t&eacute;, caf&eacute;, chocolate.<br />\r\n<br />\r\nEstas bebidas son acompa&ntilde;adas por medias lunas(cruas&aacute;n), por pan tostado, por pan de brioche, por mermeladas, por yogures, por pasteles casa, de frutas de temporada, de zumo de frutas.<br />\r\n<br />\r\n<strong>Nuestras Condiciones de alquiler:</strong><br />\r\n<br />\r\nPedimos un anticipo de reserva a la firma del contrato de arrendamiento equivalente a un m&iacute;nimo de una noche pasada o al 30 % del precio de la estancia en el caso de varias noches pasadas alquiladas, por transferencia bancaria.<br />\r\nPago del saldo del alquiler, por transferencia bancaria, 30 d&iacute;as antes de su llegada.<br />\r\nPara las reservas de &uacute;ltimo minuto, s&oacute;lo un pago por transferencia bancaria bancario, por Paypal (bajo ciertas condiciones)o en met&aacute;lico ser&aacute; aceptado.<br />\r\n<br />\r\nLos animales no son aceptados en nuestros alquileres.'),
(8, 3, 'Family Suite L''Estive', 'Our Suite<strong> L&#39; Estive&nbsp;</strong> of 41 m &sup2;, on the second floor our house, with independent entrance, consists of about two bedrooms 16 m &sup2; each and of a bathroom with bathtub, washbasins and wc. Views on the mountains<br />\r\n<br />\r\nAs which could receive up to 4 persons, this Suite is rather intended for the short stay for persons wishing to have dinner to the restaurant.<br />\r\n<br />\r\nIn period of French school holidays, summer and winter alike, the minimal duration of rent is normally two overnight stays, except to complete our schedule.<br />\r\n<br />\r\nRate for one night stay, inclusive breakfasts: 82 &euro; for 2; 97&euro; for 3; 107 &euro; for 4. Rate for two nights stay or more: discount - 4 &euro; .(ex: 78 &euro; for two)<br />\r\n<br />\r\nArrival time between 4 pm and 7 pm<br />\r\nDeparture time before 11 am', '<strong>For a rent for one or two persons:</strong><br />\r\nA bedroom with a queen size bed 160 x 200cm , two chests of drawers, television and a decoder Tnt, two armchairs. View on the mountains.<br />\r\n<br />\r\n<strong>For a rent for three or four persons:</strong><br />\r\nThe second bedroom with two single beds 90 x 200 or a double bed 180 x 200 according to your choice (thank you for specifying it to us in your demand of reservation), a cupboard with shelves, two armchairs. Television with decoder Tnt.<br />\r\n<br />\r\n<strong>Equipment:</strong><br />\r\n<br />\r\nA Bathroom with bathtub, two washbasins and water closet.<br />\r\n<br />\r\nElectric towel dryer - hairdryer.<br />\r\n<br />\r\nThe linen of sleeping around, house as well as the bath towels are supplied.<br />\r\n<br />\r\n<u><strong>The Swimming pool:</strong></u> in summer, our outside warmed swimming pool (Piscinelle 6m x 4m half-buried, 1.30 m of depth) is at your disposal from 2:30 pm till 8:30 pm (the children will have to be under the surveillance and the full responsibility of their parents who commit to it), to share with our other tenants.<br />\r\n<br />\r\n<u><strong>Conditions and Observations:</strong></u><br />\r\n<br />\r\n<strong>Breakfasts </strong> are served <strong>from 8:30 am till 10 am</strong>: Buffet with in the choice:&nbsp; milk, tea,&nbsp; coffee, chocolate.<br />\r\n<br />\r\nThese drinks are accompanied with croissants, with toast, with brioche bread, with jams, with yoghurts, with house cakes, fruits of the season, fruit juice.<br />\r\n<br />\r\n<u><strong>Our Conditions of rent:</strong></u><br />\r\n<br />\r\nWe ask you&nbsp; a Deposit for reservation the signature of the rental agreement equivalent to a minimum of an overnight stay or 30 % of the price(prize) of your stay by&nbsp; bank transfer.<br />\r\nPayment of the balance of the rent, by bank transfer, 30 days before your arrival.<br />\r\nFor the last-minute reservations, only a payment by bank transfer, by Paypal (under certain conditions) or in cash will be accepted<br />\r\n<br />\r\n<u><strong>Pets</strong> are not accepted in our rents.</u>'),
(8, 4, 'Estive', 'Lorem ipsum', 'Lorem ipsum'),
(9, 1, 'Etch Soulet 1 (8 personnes)', '<!--[if gte mso 9]><xml>\r\n <w:WordDocument>\r\n  <w:View>Normal</w:View>\r\n  <w:Zoom>0</w:Zoom>\r\n  <w:TrackMoves/>\r\n  <w:TrackFormatting/>\r\n  <w:HyphenationZone>21</w:HyphenationZone>\r\n  <w:PunctuationKerning/>\r\n  <w:ValidateAgainstSchemas/>\r\n  <w:SaveIfXMLInvalid>false</w:SaveIfXMLInvalid>\r\n  <w:IgnoreMixedContent>false</w:IgnoreMixedContent>\r\n  <w:AlwaysShowPlaceholderText>false</w:AlwaysShowPlaceholderText>\r\n  <w:DoNotPromoteQF/>\r\n  <w:LidThemeOther>FR</w:LidThemeOther>\r\n  <w:LidThemeAsian>X-NONE</w:LidThemeAsian>\r\n  <w:LidThemeComplexScript>X-NONE</w:LidThemeComplexScript>\r\n  <w:Compatibility>\r\n   <w:BreakWrappedTables/>\r\n   <w:SnapToGridInCell/>\r\n   <w:WrapTextWithPunct/>\r\n   <w:UseAsianBreakRules/>\r\n   <w:DontGrowAutofit/>\r\n   <w:SplitPgBreakAndParaMark/>\r\n   <w:DontVertAlignCellWithSp/>\r\n   <w:DontBreakConstrainedForcedTables/>\r\n   <w:DontVertAlignInTxbx/>\r\n   <w:Word11KerningPairs/>\r\n   <w:CachedColBalance/>\r\n  </w:Compatibility>\r\n  <m:mathPr>\r\n   <m:mathFont m:val="Cambria Math"/>\r\n   <m:brkBin m:val="before"/>\r\n   <m:brkBinSub m:val="&#45;-"/>\r\n   <m:smallFrac m:val="off"/>\r\n   <m:dispDef/>\r\n   <m:lMargin m:val="0"/>\r\n   <m:rMargin m:val="0"/>\r\n   <m:defJc m:val="centerGroup"/>\r\n   <m:wrapIndent m:val="1440"/>\r\n   <m:intLim m:val="subSup"/>\r\n   <m:naryLim m:val="undOvr"/>\r\n  </m:mathPr></w:WordDocument>\r\n</xml><![endif]-->\r\n<p>Un appartement de 100 m&sup2; sur un niveau, jusqu&#39;&agrave; 8 personnes, avec :<br />\r\n<br />\r\n- Parking priv&eacute;<br />\r\n<br />\r\n- Connexion Wi-Fi<br />\r\n<br />\r\n- Entr&eacute;e ind&eacute;pendante, au rez-de-chauss&eacute;e du chalet<br />\r\n<br />\r\n- Jardin et terrasse privatifs<br />\r\n<br />\r\n<br />\r\n<strong>Tarifs vacances scolaires F&eacute;vrier et Mars 2014 :</strong><br />\r\n<br />\r\n- Etch Soulet 1 (8 personnes) : <strong>1 100 euros / semaine soit 137.50 &euro;/pers pour la semaine</strong></p>\r\n', '<ul>\r\n	<li><strong>couchages :</strong></li>\r\n</ul>\r\n&nbsp;Trois chambres dont deux chambres avec lit&nbsp; double 160 x 190 et une chambre &quot;dortoir&quot; avec 2 lits superpos&eacute;s adultes soit&nbsp; 4 couchages de 90 x 200<br />\r\n&nbsp;\r\n<ul>\r\n	<li><strong>description :</strong></li>\r\n</ul>\r\n<br />\r\nUne cuisine - salle &agrave; manger avec cuisini&egrave;re plaques vitroc&eacute;ramiques et four catalyse, four micro-ondes, lave vaisselle, r&eacute;frig&eacute;rateur avec compartiments cong&eacute;lation. Table et chaises pour 8 couverts. 1 chemin&eacute;e.\r\n<p>&nbsp;</p>\r\nUn Salon: avec canap&eacute;, fauteuils, chaises, t&eacute;l&eacute;viseur avec d&eacute;codeur Tnt, lecteur de Dvd (pensez &agrave; apporter vos films), <strong>connexion</strong> <strong>Wifi </strong>et prise &eacute;thernet (acc&egrave;s haut d&eacute;bit)<br />\r\n<br />\r\nUne Salle d&#39;eau : avec douche ( 120 x 120), lavabo, toilette, s&egrave;che serviette &eacute;lectrique, &eacute;tag&egrave;res de rangement<br />\r\n<br />\r\nDeux Toilettes : 1 wc dans la salle d&#39;eau et un wc ind&eacute;pendant.<br />\r\n<br />\r\nCellier : Un cumulus &eacute;lectrique 300 litres eau chaude en continue, un lave linge, un s&egrave;che linge, un barbecue, 5 transats, table de jardin en bois pour 8 personnes.<br />\r\n<br />\r\n<u><strong>Conditions de location:</strong></u><br />\r\n<br />\r\nAcompte de r&eacute;servation &agrave; verser &agrave; la signature du contrat de location : 30 % du prix total de la location.<br />\r\nSolde de la location &agrave; verser 30 jours avant votre arriv&eacute;e pour confirmer votre venue.<br />\r\nAttestation d&#39;assurance civile locative &quot;vill&eacute;giature&quot;&agrave; renvoyer 30 jours avant la location.<br />\r\n<br />\r\nPaiement: par ch&egrave;que ou virement bancaire; pour les locations de derni&egrave;re minute ( moins de 30 jours): paiement en esp&egrave;ces<br />\r\nCaution de garantie: remise de 600 &euro; par ch&egrave;que , virement bancaire ou en esp&egrave;ces pendant l&#39;&eacute;tat des lieux d&#39;entr&eacute;e. Cette caution sera restitu&eacute;e dans la semaine qui suit votre d&eacute;part si aucune d&eacute;gradation n&#39;a &eacute;t&eacute; constat&eacute; lors de l&#39;&eacute;tat des lieux de sortie.<br />\r\nM&eacute;nage: &agrave; la charge du locataire -&gt; Possibilit&eacute; de prendre notre option M&eacute;nage Fin de S&eacute;jour : + 85 &euro;<br />\r\n<br />\r\n<u><strong>R&egrave;glement int&eacute;rieur:</strong></u><br />\r\n<br />\r\nLe nombre d&#39;occupants ne doit pas d&eacute;pass&eacute; le nombre autoris&eacute; &agrave; savoir 8 personnes ( enfants et b&eacute;b&eacute;s inclus)<br />\r\nAfin d&#39;&eacute;viter tout malentendus, le chalet est un lieu paisible, totalement inadapt&eacute; aux f&ecirc;tes estudiantines ou assimil&eacute;es.<br />\r\nL&#39;attestation d&#39;assurance demand&eacute;e doit &ecirc;tre au nom du signataire du contrat.<br />\r\nAucune sous-location ne sera autoris&eacute;e.<br />\r\nLe stationnement de camping car,&nbsp; de m&ecirc;me que l&#39;implantation de toiles de tente est strictement interdit sur la propri&eacute;t&eacute;.<br />\r\n<br />\r\n<br />\r\n<em><strong>D&eacute;sol&eacute;s, les animaux ne sont pas accept&eacute;s dans nos locations</strong></em><br />\r\n&nbsp;'),
(9, 2, 'Etch Soulet 1 para 8 personas', 'Apartamento de 100 m2 al piso bajo del Chal&eacute; y que puede acoger hasta 8 personas.<br />\r\nSu entrada es independiente.<br />\r\nJard&iacute;n cercado(cerrado) en terraza.<br />\r\nEstacionamiento posible de tres coches sobre el camino de acceso del chal&eacute;.', '<div id="trtext" style="display:block"><strong>Lechos:</strong><br />\r\n<br />\r\nTres c&aacute;maras entre los que est&aacute;n dos c&aacute;maras con la cama 160 doble x 190 y un c&aacute;mara &quot;dormitorio com&uacute;n&quot; con 2 camas 4 superpuestas adultas x 90 x 200<br />\r\n<br />\r\n<strong>Descripci&oacute;n:</strong><br />\r\n<br />\r\nUna cocina - comedor con cocinera placas vitrocer&aacute;micas y horno cataliza, horno microondas, lava vajilla, frigor&iacute;fico con compartimientos congelaci&oacute;n. Mesa y sillas para 8 cubiertos. 1 chimenea.<br />\r\n<br />\r\nUn Sal&oacute;n: con sof&aacute;, butacas, sillas, televisor con decodificador Tnt, lector de Dvds (piense aportar sus pel&iacute;culas), <strong>Wifi</strong> y toma &eacute;thernet (acceso de alta velocidad)<br />\r\n<br />\r\nUn Aseo: con ducha (120 x 120), lavabo, aseo(traje), seca toallas el&eacute;ctrico, estanter&iacute;as de arreglo<br />\r\n<br />\r\nDos Aseos(Trajes): 1 excusado en el aseo y un excusado independiente.<br />\r\n<br />\r\nBodega: un c&uacute;mulo el&eacute;ctrico 300 litros continuamente, uno lava ropa blanca, una secadora de ropa, una barbacoa, 5 regatas trasantl&aacute;nticas, una mesa de jard&iacute;n de madera para 8 personas.</div>\r\n\r\n<div class="sayBox">&nbsp;</div>\r\n'),
(9, 3, 'Etch Soulet 1 ( 8 pers )', 'Apartment of 100 m&sup2; at the ground floor of the Chalet and being able to welcome up to 8 persons.<br />\r\nIndependent entrance.<br />\r\nGarden enclosed outside(in terrace).<br />\r\nPossibility to park three cars on the access road of the chalet.<br />\r\n&nbsp;', '<strong>Sleepings around:</strong><br />\r\n<br />\r\n<strong>&nbsp;Three bedrooms:</strong> two bedrooms with double bed 160 x 190 and one bedroom &quot;dormitory&quot; with 2 adults bunk beds&nbsp; 4 x 90 x 200<br />\r\n<br />\r\n<strong>Description: </strong><br />\r\n<br />\r\n<strong>A kitchen</strong> - dining room with cook stick vitreous ceramics and oven catalyses, oven microwave, washes dishes, refrigerator with compartments freezing. Table and chairs for 8 flatware. 1 fireplace.<br />\r\n<br />\r\n<strong>A Lounge</strong>: with sofa, armchairs, chairs, television set with decoder Tnt, DVD drive (think of bringing your movies),<strong> WiFi</strong> and &eacute;thernet grip(taking) ( broadband access)<br />\r\n<br />\r\n<strong>A Shower-room</strong>: with shower (120 x 120), washbasin, 1wc,&nbsp; electric towel dryer, shelves of arrangement<br />\r\n<br />\r\n<strong>Two water closed </strong>: 1 wc in the shower-room and one&nbsp; independent&#39;s wc.<br />\r\n<br />\r\n<strong>Storeroom</strong>: an electric cumulus continuous 300 liters, a washing machine, a tumble-dryer, a barbecue, 5 deckchairs, wooden garden table for 8 persons.<br />\r\n<br />\r\n<br />\r\n<u><strong>Rental &#39;s Conditions: </strong></u><br />\r\n<br />\r\nDeposit of reservation to be paid by bank transfer at the signature of the rental agreement: 30 % of the total price of the rent.<br />\r\nPay(Balance) of the rent to be paid by bank transfer 30 days before your arrival to confirm your coming.<br />\r\n<br />\r\nPayment: by&nbsp; bank transfer; for the last-minute rents ( less than 30 days): payment in cash<br />\r\nPledge of guarantee: put back(handed) by 640 &euro; by&nbsp; bank transfer or in cash during the current situation(inventory of fixtures) of entrance. This pledge will be restored in the week which follows your departure if no damages was not noticed in the current situation(inventory of fixtures) of exit(release).<br />\r\nHousework: chargeable to the tenant - Possibility of taking our option housework at the End of Stay: + 105 euro<br />\r\n<br />\r\n<u><strong>Internal rules:</strong></u><br />\r\n<br />\r\nThe number of occupants does not&nbsp; exceeded the number authorized : <strong>8 persons (children and inclusive babies)</strong><br />\r\nTo avoid quite misunderstandings, the chalet is a peaceful place, totally unsuitable for the student or assimilated parties.<br />\r\nNone under rent will be authorized.<br />\r\nThe campingcar , as well as the setting-up of tent canvases is forbidden on the property.<br />\r\n<br />\r\n<u><strong>Sorry but pets are not accepted in our rents</strong></u>'),
(9, 4, 'Etch Soulet 1', 'Etch Soulet 1', 'Etch Soulet 1');
INSERT INTO `product_language` (`product_id`, `language_id`, `title`, `introduction`, `content`) VALUES
(10, 1, 'Etch Soulet 2 (14 personnes)', '<!--[if gte mso 9]><xml>\r\n <w:WordDocument>\r\n  <w:View>Normal</w:View>\r\n  <w:Zoom>0</w:Zoom>\r\n  <w:TrackMoves/>\r\n  <w:TrackFormatting/>\r\n  <w:HyphenationZone>21</w:HyphenationZone>\r\n  <w:PunctuationKerning/>\r\n  <w:ValidateAgainstSchemas/>\r\n  <w:SaveIfXMLInvalid>false</w:SaveIfXMLInvalid>\r\n  <w:IgnoreMixedContent>false</w:IgnoreMixedContent>\r\n  <w:AlwaysShowPlaceholderText>false</w:AlwaysShowPlaceholderText>\r\n  <w:DoNotPromoteQF/>\r\n  <w:LidThemeOther>FR</w:LidThemeOther>\r\n  <w:LidThemeAsian>X-NONE</w:LidThemeAsian>\r\n  <w:LidThemeComplexScript>X-NONE</w:LidThemeComplexScript>\r\n  <w:Compatibility>\r\n   <w:BreakWrappedTables/>\r\n   <w:SnapToGridInCell/>\r\n   <w:WrapTextWithPunct/>\r\n   <w:UseAsianBreakRules/>\r\n   <w:DontGrowAutofit/>\r\n   <w:SplitPgBreakAndParaMark/>\r\n   <w:DontVertAlignCellWithSp/>\r\n   <w:DontBreakConstrainedForcedTables/>\r\n   <w:DontVertAlignInTxbx/>\r\n   <w:Word11KerningPairs/>\r\n   <w:CachedColBalance/>\r\n  </w:Compatibility>\r\n  <m:mathPr>\r\n   <m:mathFont m:val="Cambria Math"/>\r\n   <m:brkBin m:val="before"/>\r\n   <m:brkBinSub m:val="&#45;-"/>\r\n   <m:smallFrac m:val="off"/>\r\n   <m:dispDef/>\r\n   <m:lMargin m:val="0"/>\r\n   <m:rMargin m:val="0"/>\r\n   <m:defJc m:val="centerGroup"/>\r\n   <m:wrapIndent m:val="1440"/>\r\n   <m:intLim m:val="subSup"/>\r\n   <m:naryLim m:val="undOvr"/>\r\n  </m:mathPr></w:WordDocument>\r\n</xml><![endif]-->Un appartement de 180 m&sup2; sur deux &eacute;tages, jusqu&#39;&agrave; 14 personnes, avec :<br />\r\n<br />\r\n- Parking priv&eacute;<br />\r\n<br />\r\n- Connexion Wi-Fi<br />\r\n<br />\r\n- Grand jacuzzi 7 places<br />\r\n<br />\r\n- Salon avec chemin&eacute;e<br />\r\n<br />\r\n- Entr&eacute;e ind&eacute;pendante<br />\r\n<br />\r\n- Jardin privatif<br />\r\n<br />\r\n<br />\r\n<strong>Tarifs vacances scolaires F&eacute;vrier et Mars 2014 :</strong><br />\r\n<br />\r\n- Etch Soulet 2 (14 personnes) : <strong>2 150 euros / semaine</strong> soit 153.57 &euro;/pers pour la semaine', 'Entr&eacute;e :<strong> </strong>lave linge et s&egrave;che linge &agrave; condensation, r&eacute;frig&eacute;rateur avec compartiment cong&eacute;lation, portant et porte manteaux.<br />\r\nJacuzzi 7 places assises.<br />\r\nCuisine et salle &agrave; manger:<strong> </strong>cuisine &eacute;quip&eacute;e avec &eacute;vier deux bacs, plan de travail, quatre plaques &eacute;lectriques, un four standard &agrave; pyrolyse,une hotte aspirante, un r&eacute;frig&eacute;rateur et cong&eacute;lateur, une table pour 14 couverts ( possibilit&eacute; rajouter table suppl&eacute;mentaire), meubles de rangements pour vaisselle et couverts, un lave vaisselle. Deux services &agrave; raclette sont &agrave; votre disposition. Le nombre de couverts est largement pr&eacute;vu pour 14 personnes.<br />\r\nUne premi&egrave;re salle de bain<strong> </strong>avec petite baignoire et douchette, s&egrave;che serviette &eacute;lectrique, lavabo.<br />\r\nUne chambre<strong> </strong>avec lit double 160 x 190, fauteuil, &eacute;tag&egrave;res, penderie.<br />\r\nToilette ind&eacute;pendante.<br />\r\nSalon avec chemin&eacute;e, t&eacute;l&eacute;vision Tnt &eacute;cran plat et d&eacute;codeur Orange par satellite, fauteuils, canap&eacute;, balcon ext&eacute;rieur. <strong>connexion Wifi </strong><br />\r\nUne chambre avec lit double de 160 x 190, armoire avec penderie, chaise, tables de chevet<br />\r\nEscalier.<br />\r\nUne chambre avec lit double de 160 x 190, commode, penderie, chaise, tables de chevet.<br />\r\nUne salle d&#39;eau avec douche, lavabo, s&egrave;che serviette &eacute;lectrique.<br />\r\nUne chambre<strong> </strong>dortoir avec quatre lits simples de 90 x 190, meubles de rangement , une penderie.<br />\r\nUne chambre avec lit double avec un lit double de 160 x 190, &eacute;tag&egrave;res, chaises, portants, tables de chevet.<br />\r\nUne petite chambre avec un&nbsp; lit double de 160 x 190, table de chevet.<br />\r\nToilette ind&eacute;pendante.<br />\r\n<br />\r\n&agrave; l&#39;ext&eacute;rieur: jardin pentu; cabanon faisant office de local &agrave; skis et&nbsp; rangement pour barbecue, transats.<br />\r\n&nbsp;&nbsp;&nbsp;&nbsp;&nbsp;&nbsp;&nbsp;&nbsp;&nbsp;&nbsp;&nbsp;&nbsp;&nbsp;&nbsp;&nbsp;&nbsp;&nbsp;&nbsp;&nbsp;&nbsp;&nbsp;&nbsp; table de jardin ext&eacute;rieure en teck.<br />\r\n<br />\r\n<u><strong>Conditions de location:</strong></u><br />\r\n<br />\r\nAcompte de r&eacute;servation &agrave; verser &agrave; la signature du contrat de location : 30 % du prix total de la location.<br />\r\nSolde de la location &agrave; verser 30 jours avant votre arriv&eacute;e pour confirmer votre venue.<br />\r\nAttestation d&#39;assurance civile locative &quot;vill&eacute;giature&quot;&agrave; renvoyer 30 jours avant la location.<br />\r\n<br />\r\nPaiement: par ch&egrave;que ou virement bancaire; pour les locations de derni&egrave;re minute ( moins de 30 jours): paiement en esp&egrave;ces<br />\r\nCaution de garantie: remise de 1600 &euro; par ch&egrave;que , virement bancaire ou en esp&egrave;ces pendant l&#39;&eacute;tat des lieux d&#39;entr&eacute;e. Cette caution sera restitu&eacute;e dans la semaine qui suit votre d&eacute;part si aucune d&eacute;gradation n&#39;a &eacute;t&eacute; constat&eacute; lors de l&#39;&eacute;tat des lieux de sortie.<br />\r\nM&eacute;nage: &agrave; la charge du locataire -&gt; Possibilit&eacute; de prendre notre option M&eacute;nage Fin de S&eacute;jour : + 105 &euro;<br />\r\n<br />\r\n<u><strong>R&egrave;glement int&eacute;rieur:</strong></u><br />\r\n<br />\r\nLe nombre d&#39;occupants ne doit pas d&eacute;pass&eacute; le nombre autoris&eacute; &agrave; savoir 14 personnes ( enfants et b&eacute;b&eacute;s inclus)<br />\r\nAfin d&#39;&eacute;viter tout malentendus, le chalet est un lieu paisible, totalement inadapt&eacute; aux f&ecirc;tes estudiantines ou assimil&eacute;es.<br />\r\nL&#39;attestation d&#39;assurance demand&eacute;e doit &ecirc;tre au nom du signataire du contrat.<br />\r\nAucune sous-location ne sera autoris&eacute;e.<br />\r\nLe stationnement de camping car,&nbsp; de m&ecirc;me que l&#39;implantation de toiles de tente est interdit sur la propri&eacute;t&eacute;.<br />\r\n<br />\r\n<br />\r\n<em><strong>D&eacute;sol&eacute;s, mais les animaux ne sont pas accept&eacute;s dans nos locations</strong></em><br />\r\n&nbsp;&nbsp;&nbsp;&nbsp;&nbsp;&nbsp;&nbsp;&nbsp;&nbsp;&nbsp;&nbsp;&nbsp;&nbsp;&nbsp;&nbsp;&nbsp;&nbsp;&nbsp;&nbsp;&nbsp;&nbsp;&nbsp;&nbsp;&nbsp;&nbsp;&nbsp;&nbsp;&nbsp;&nbsp;&nbsp;&nbsp;&nbsp;'),
(10, 2, 'Etch Soulet 2 para 14 personas ', '&nbsp;<br />\r\n&nbsp;<br />\r\nEtch Soulet 2<br />\r\n<br />\r\nApartamento de 180m &sup2; pudiendo acoger hasta 14 personas (ni&ntilde;os y beb&eacute;s incluidos).<br />\r\nEl apartamento est&aacute; situado en el primer y segund piso del chal&eacute; con una entrada independiente y de llano pie.<br />\r\nPosee una sala de relajaci&oacute;n con un spa de 7 sitios.<br />\r\nUn jard&iacute;n cercado es a su disposici&oacute;n as&iacute; como una terraza y un balc&oacute;n.<br />\r\nAparcamiento privado para tres coches contra altura del chal&eacute;.<br />\r\n&nbsp;<br />\r\n&nbsp;\r\n<div><strong>una semana en febrero / marzo de 2014, el precio de la semana es &euro; 2.990 para el chalet entero</strong></div>\r\n', '&nbsp;<br />\r\nEntrada: lava ropa blanca y secadora de ropa a condensaci&oacute;n; sustentador y lleva abrigos.<br />\r\nSpa: jacuzzi 7 sitios(plazas) Marca a SunBelt.<br />\r\nCocina y comedor: equipada cocina con fregadero dos cubas, plan de trabajo, cuatro placas el&eacute;ctricas, un horno est&aacute;ndar a pirolisis, un cu&eacute;vano aspirante, un frigor&iacute;fico y un congelador, una mesa para 14 cubiertos (posibilidad a&ntilde;adir mesa suplementaria), amueblas de arreglos para vajilla y cubiertos, uno lava vajilla. Dos servicios a raspador son a su disposici&oacute;n. El n&uacute;mero de cubiertos est&aacute; ampliamente previsto para 14 personas.<br />\r\nUna primera sala de ba&ntilde;o con peque&ntilde;a ba&ntilde;era y douchette, seca toallas el&eacute;ctrico, lavabo.<br />\r\nUn c&aacute;mara con la cama 160 doble x 190, butaca, estanter&iacute;as, guardarropa.<br />\r\nAseo(Traje) independiente.Sal&oacute;n con chimenea, t&eacute;l&eacute;vison Tnt pantalla llano y decodificador ADSL por sat&eacute;lite, butacas, sof&aacute;, balc&oacute;n exterior.<br />\r\nUn c&aacute;mara con la cama doble de 160 x 190, armario con guardarropa, silla, mesillas de noche<br />\r\nEscalera.<br />\r\nUn c&aacute;mara con la cama doble de 160 x 190, c&oacute;moda, guardarropa, silla, mesillas de noche.<br />\r\nUn aseo con ducha, lavabo, seca toallas el&eacute;ctrico.<br />\r\nUn c&aacute;mara dormitorio com&uacute;n con cuatro camas simples de 90 x 190, amueblas de arreglo, un guardarropa.<br />\r\nUn c&aacute;mara con la cama doble con la cama doble de 160 x 190, estanter&iacute;as, sillas, sustentadores, mesillas de noche.<br />\r\nUn peque&ntilde;o c&aacute;mara con la cama doble de 160 x 190, mesilla de noche.<br />\r\nAseo(Traje) independiente.<br />\r\n<br />\r\nPor fuera: jard&iacute;n inclinado; casa de campo que hace las veces de local a esqu&iacute;s y arreglo para barbacoa, regatas trasantl&aacute;nticas.<br />\r\nMesa<br />\r\n<br />\r\n<strong>Condiciones de alquiler:</strong><br />\r\n<br />\r\nAnticipo de reserva que hay que pagar a la firma del contrato de arrendamiento: el 30 % del precio total del alquiler.<br />\r\nSueldo del alquiler que hay que pagar 30 d&iacute;as antes de su llegada para confirmar su llegada.<br />\r\nPago: por transferencia bancaria; para los alquileres de &uacute;ltimo minuto (menos de 30 d&iacute;as): pago en met&aacute;lico<br />\r\nFianza de garant&iacute;a: devuelta por 1600 euros en met&aacute;lico durante el estado de los lugares de entrada. Esta fianza ser&aacute; restituida si ningunas degradaciones ha sido comprobado en el estado de los lugares de salida.<br />\r\nLimpieza: al cargo del inquilino - Posibilidad de tomar nuestra opci&oacute;n Cuida Fin de Estancia: + 105&euro;<br />\r\n<br />\r\n<strong>Reglamento interior:</strong><br />\r\n<br />\r\nEl n&uacute;mero de ocupantes no debe sobrepasado el n&uacute;mero autorizado a saber a 14 personas (ni&ntilde;os y beb&eacute;s incluidos)<br />\r\nCon el fin de evitar totalmente malentendidos, el chal&eacute; es un lugar apacible, totalmente inadaptado a las fiestas estudiantiles o asimiladas.<br />\r\nEl certificado de seguridad(seguro) solicitada debe ser en nombre del signatario del contrato.<br />\r\nNinguno bajo alquiler ser&aacute; autorizada.<br />\r\nEl estacionamiento de camping car, lo mismo que la implantaci&oacute;n de telas de tienda es prohibida sobre la propiedad.<br />\r\n<br />\r\n<em>Desolados pero los animales no son aceptados en nuestros alquileres</em><br />\r\n&nbsp;'),
(10, 3, 'Etch Soulet 2 (14 pers)', '&nbsp;<br />\r\n&nbsp;<br />\r\n<strong>Etch Soulet 2</strong><br />\r\n<br />\r\n<strong>This Apartment of 180m &sup2; is being able to receive 14 persons (children and inclusive babies).</strong><br />\r\n<strong>The apartment is situated in the 1st and 2nd floor of the chalet with an independent entrance and the high tide foot. There is a relaxing room with a seven seat jacuzzi.<br />\r\nA garden enclosed at your disposal, terrace and balcony. Parking for three small cars&nbsp; is against top of the chalet.</strong><br />\r\n&nbsp;<br />\r\n&nbsp;\r\n<div><strong>&nbsp;February 15th / March 15th&nbsp; 2014,&nbsp; the rate rental for one week ( sathurday to sathurday)&nbsp; is 2990 euro for the whole chalet</strong></div>\r\n', '<strong>Entrance / Airlocks:</strong> washing machine and condensation tumble-dryer; carrying and carry(wear) coats.<br />\r\n<strong>Spa:</strong> Jacuzzi 7 places Marks SunBelt.<br />\r\n<strong>Kitchen</strong> and dining room: fully-equipped kitchen with kitchen sink two tubs, work plan, four electric plates(patches), a standard oven with pyrolysis, an extractor fan, a refrigerator and freezer, a table for 14 persons (possibility add additional table), storage furniture for dishes and flatware, one washes dishes. Two services with raclette are at your disposal. The number of flatware is widely planned for 14 persons.<br />\r\n<strong>A bathroom</strong> with small bathtub and shower head, electric towel dryer, washbasin.<br />\r\n<strong>A bedroom</strong> with double bed 160 x 190, armchair, shelves, closet.<br />\r\n<strong>Lounge </strong>with fireplace, t&eacute;l&eacute;vison Tnt, Flat screen and ADSL decoder by satellite, armchairs, sofa, outside balcony. <strong>WIFI</strong><br />\r\n<strong>A bedroom</strong> with double bed&nbsp; 160 x 190, cupboard with closet, chair, bedside tables<br />\r\nStaircase.<br />\r\n<strong>A bedroom</strong> with double bed&nbsp; 160 x 190, chest of drawers, closet, chair, bedside tables.<br />\r\n<strong>A shower-room</strong> with shower, washbasin, electric towel dryer.<br />\r\n<strong>A bedroom &quot;dormitory&quot;</strong> with four single beds of 90 x 190, storage furniture, a closet.<br />\r\n<strong>A bedroom</strong> with double bed 160 x 190, shelves, chairs, carrying, bedside tables.<br />\r\n<strong>A bedroom</strong> with a double bed of 160 x 190, bedside table.<br />\r\n<strong>2 independents water closets</strong> .<br />\r\n<br />\r\nOutdoor: sloping garden; small house acting as premises(place) with skis and arrangement for barbecue, deckchairs(transatlantic races).<br />\r\nOutside garden table<br />\r\n<br />\r\n<u><strong>Rental &#39;s Conditions: </strong></u><br />\r\n<br />\r\n<strong>Deposit of reservation</strong> to be paid by bank transfer <strong>at the signature of the rental</strong> <strong> agreement</strong>: 30 % of the total price of the rent.<br />\r\nPay <strong>Balance&nbsp;</strong> of the rent to be paid by bank transfer <strong>30 days before your arrival</strong> to confirm your coming.<br />\r\n<br />\r\nPayment: by&nbsp; bank transfer; for the last-minute rents ( less than 30 days): payment in cash<br />\r\n<strong>Pledge of guarantee</strong>: put back(handed) by 1600 &euro; by&nbsp; bank transfer or in cash during the inventory of entrance. This pledge will be restored in the week which follows your departure if no damages was not noticed in the current situation(inventory of fixtures) of exit(release).<br />\r\nHousework: chargeable to the tenant - Possibility of taking our option housework at the End of Stay: + 105 euro for this apartment<br />\r\n<br />\r\n<u><strong>Internal rules:</strong></u><br />\r\n<br />\r\nThe number of occupants does not&nbsp; exceeded the number authorized : <strong>14 persons (children and inclusive babies)</strong><br />\r\nTo avoid quite misunderstandings, the chalet is a peaceful place, totally unsuitable for the student or assimilated parties.<br />\r\nNone under rent will be authorized.<br />\r\nThe campingcar , as well as the setting-up of tent canvases is forbidden on the property.<br />\r\n<br />\r\n<strong>Sorry but pets are not accepted in our rents</strong>'),
(10, 4, 'Etch Soulet 2', 'Etch Soulet 2', 'Etch Soulet 2'),
(17, 1, 'Etch Soulet 1 & 2 (22 personnes)', 'Un chalet de 280 m&sup2; compos&eacute; de deux appartements, jusqu&#39;&agrave; 22 personnes, avec :<br />\r\n&nbsp;\r\n<ul>\r\n	<li>Deux parkings priv&eacute;s</li>\r\n	<li>Connexion Wi-Fi</li>\r\n	<li>Grand jacuzzi 7 places</li>\r\n	<li>Salon avec chemin&eacute;e</li>\r\n	<li>Deux entr&eacute;es ind&eacute;pendantes</li>\r\n	<li>Jardins et terrasse privatifs</li>\r\n</ul>\r\n<br />\r\n<strong>Tarifs vacances scolaires F&eacute;vrier et Mars 2014 :</strong><br />\r\nEtch Soulet 1 &amp; 2 (22 personnes) : <strong>2 950 euros / semaine</strong> soit 134.09 &euro; /pers pour la semaine', ''),
(17, 2, 'Etch Soulet 1 & 2', '', ''),
(17, 3, 'Etch Soulet 1 & 2', '', ''),
(17, 4, 'Etch Soulet 1 & 2', '', '');

-- --------------------------------------------------------

--
-- Structure de la table `product_night_price`
--

CREATE TABLE IF NOT EXISTS `product_night_price` (
  `product_id` bigint(20) NOT NULL,
  `one` float DEFAULT NULL,
  `two` float DEFAULT NULL,
  `three` float DEFAULT NULL,
  `four` float DEFAULT NULL,
  PRIMARY KEY (`product_id`)
) ENGINE=InnoDB DEFAULT CHARSET=utf8;

--
-- Contenu de la table `product_night_price`
--

INSERT INTO `product_night_price` (`product_id`, `one`, `two`, `three`, `four`) VALUES
(6, NULL, 90, 110, 120),
(7, 77, 82, 97, NULL),
(8, 77, 82, 97, 107);

-- --------------------------------------------------------

--
-- Structure de la table `product_season_price`
--

CREATE TABLE IF NOT EXISTS `product_season_price` (
  `product_id` bigint(20) NOT NULL,
  `season_type_id` bigint(20) NOT NULL,
  `week` float DEFAULT NULL,
  `midweek` float DEFAULT NULL,
  `weekend` float DEFAULT NULL,
  PRIMARY KEY (`season_type_id`,`product_id`),
  KEY `fk_product_seasonprice` (`product_id`),
  KEY `fk_season_seasonprice` (`season_type_id`)
) ENGINE=InnoDB DEFAULT CHARSET=utf8;

--
-- Contenu de la table `product_season_price`
--

INSERT INTO `product_season_price` (`product_id`, `season_type_id`, `week`, `midweek`, `weekend`) VALUES
(9, 1, 1100, NULL, NULL),
(10, 1, 2150, NULL, 700),
(17, 1, 2950, NULL, NULL),
(9, 2, 950, 600, 350),
(10, 2, 1650, 1450, 700),
(17, 2, 2550, 1550, 970),
(9, 3, 800, 500, 350),
(10, 3, 1580, 900, 700),
(17, 3, 2150, NULL, 970),
(9, 4, 650, 400, 320),
(10, 4, 1450, 800, 700),
(17, 4, 1850, NULL, 950),
(9, 5, 1150, NULL, NULL),
(10, 5, 2200, NULL, NULL),
(17, 5, 3200, NULL, NULL);

-- --------------------------------------------------------

--
-- Structure de la table `route`
--

CREATE TABLE IF NOT EXISTS `route` (
  `id` bigint(20) NOT NULL AUTO_INCREMENT,
  `name` text NOT NULL,
  `rule` text NOT NULL,
  `controller` text NOT NULL,
  `action` text NOT NULL,
  PRIMARY KEY (`id`)
) ENGINE=InnoDB  DEFAULT CHARSET=utf8 AUTO_INCREMENT=4 ;

--
-- Contenu de la table `route`
--

INSERT INTO `route` (`id`, `name`, `rule`, `controller`, `action`) VALUES
(1, 'category-chambres', 'guesthouse', 'products', 'room'),
(2, 'category-chalet', '@chalet', 'products', 'chalet-room-list'),
(3, 'home-page', '@home', 'index', 'index');

-- --------------------------------------------------------

--
-- Structure de la table `route_language`
--

CREATE TABLE IF NOT EXISTS `route_language` (
  `route_id` bigint(20) NOT NULL,
  `language_id` bigint(20) NOT NULL,
  `value` text NOT NULL,
  PRIMARY KEY (`route_id`,`language_id`),
  KEY `fk_routelng_route` (`route_id`),
  KEY `fk_routelng_lang` (`language_id`)
) ENGINE=InnoDB DEFAULT CHARSET=utf8;

--
-- Contenu de la table `route_language`
--

INSERT INTO `route_language` (`route_id`, `language_id`, `value`) VALUES
(1, 1, 'chambres-hotes'),
(2, 1, 'chalet-de-montagne'),
(3, 1, 'accueil');

-- --------------------------------------------------------

--
-- Structure de la table `route_parameter`
--

CREATE TABLE IF NOT EXISTS `route_parameter` (
  `id` bigint(20) NOT NULL AUTO_INCREMENT,
  `route_id` bigint(20) NOT NULL,
  `name` text NOT NULL,
  `value` text NOT NULL,
  PRIMARY KEY (`id`),
  KEY `fk_routeparams_route` (`route_id`)
) ENGINE=InnoDB DEFAULT CHARSET=utf8 AUTO_INCREMENT=1 ;

-- --------------------------------------------------------

--
-- Structure de la table `season_type`
--

CREATE TABLE IF NOT EXISTS `season_type` (
  `id` bigint(20) NOT NULL AUTO_INCREMENT,
  PRIMARY KEY (`id`)
) ENGINE=InnoDB  DEFAULT CHARSET=utf8 AUTO_INCREMENT=6 ;

--
-- Contenu de la table `season_type`
--

INSERT INTO `season_type` (`id`) VALUES
(1),
(2),
(3),
(4),
(5);

-- --------------------------------------------------------

--
-- Structure de la table `season_type_language`
--

CREATE TABLE IF NOT EXISTS `season_type_language` (
  `type_id` bigint(20) NOT NULL,
  `language_id` bigint(20) NOT NULL,
  `label` text NOT NULL,
  PRIMARY KEY (`type_id`,`language_id`),
  KEY `fk_seasonl_language` (`language_id`),
  KEY `fk_seasonl_season` (`type_id`)
) ENGINE=InnoDB DEFAULT CHARSET=utf8;

--
-- Contenu de la table `season_type_language`
--

INSERT INTO `season_type_language` (`type_id`, `language_id`, `label`) VALUES
(1, 1, 'Très haute saison'),
(2, 1, 'Haute saison'),
(3, 1, 'Moyenne saison'),
(4, 1, 'Basse saison'),
(5, 1, 'Noël / 1er de l''an');

-- --------------------------------------------------------

--
-- Structure de la table `season_week`
--

CREATE TABLE IF NOT EXISTS `season_week` (
  `id` bigint(20) NOT NULL AUTO_INCREMENT,
  `type_id` bigint(20) DEFAULT NULL,
  `number` int(11) NOT NULL,
  `date_begining` datetime NOT NULL,
  `date_ending` datetime NOT NULL,
  PRIMARY KEY (`id`),
  KEY `fk_seasonweek_seasontype` (`type_id`),
  KEY `fk_week_seasontype` (`type_id`)
) ENGINE=InnoDB  DEFAULT CHARSET=utf8 AUTO_INCREMENT=1309 ;

--
-- Contenu de la table `season_week`
--

INSERT INTO `season_week` (`id`, `type_id`, `number`, `date_begining`, `date_ending`) VALUES
(1, 5, 52, '2012-12-22 17:00:00', '2012-12-29 10:30:00'),
(2, 5, 1, '2012-12-29 17:00:00', '2013-01-05 10:30:00'),
(3, 2, 2, '2013-01-05 17:00:00', '2013-01-12 10:30:00'),
(4, 2, 3, '2013-01-12 17:00:00', '2013-01-19 10:30:00'),
(5, 2, 4, '2013-01-19 17:00:00', '2013-01-26 10:30:00'),
(6, 2, 5, '2013-01-26 17:00:00', '2013-02-02 10:30:00'),
(7, 2, 6, '2013-02-02 17:00:00', '2013-02-09 10:30:00'),
(8, 1, 7, '2013-02-09 17:00:00', '2013-02-16 10:30:00'),
(9, 1, 8, '2013-02-16 17:00:00', '2013-02-23 10:30:00'),
(10, 1, 9, '2013-02-23 17:00:00', '2013-03-02 10:30:00'),
(11, 1, 10, '2013-03-02 17:00:00', '2013-03-09 10:30:00'),
(12, 1, 11, '2013-03-09 17:00:00', '2013-03-16 10:30:00'),
(13, 2, 12, '2013-03-16 17:00:00', '2013-03-23 10:30:00'),
(14, 2, 13, '2013-03-23 17:00:00', '2013-03-30 10:30:00'),
(15, 2, 14, '2013-03-30 17:00:00', '2013-04-06 10:30:00'),
(16, 2, 15, '2013-04-06 17:00:00', '2013-04-13 10:30:00'),
(17, 4, 16, '2013-04-13 17:00:00', '2013-04-20 10:30:00'),
(18, 4, 17, '2013-04-20 17:00:00', '2013-04-27 10:30:00'),
(19, 4, 18, '2013-04-27 17:00:00', '2013-05-04 10:30:00'),
(20, 4, 19, '2013-05-04 17:00:00', '2013-05-11 10:30:00'),
(21, 4, 20, '2013-05-11 17:00:00', '2013-05-18 10:30:00'),
(22, 4, 21, '2013-05-18 17:00:00', '2013-05-25 10:30:00'),
(23, 4, 22, '2013-05-25 17:00:00', '2013-06-01 10:30:00'),
(24, 4, 23, '2013-06-01 17:00:00', '2013-06-08 10:30:00'),
(25, 4, 24, '2013-06-08 17:00:00', '2013-06-15 10:30:00'),
(26, 4, 25, '2013-06-15 17:00:00', '2013-06-22 10:30:00'),
(27, 4, 26, '2013-06-22 17:00:00', '2013-06-29 10:30:00'),
(28, 4, 27, '2013-06-29 17:00:00', '2013-07-06 10:30:00'),
(29, 3, 28, '2013-07-06 17:00:00', '2013-07-13 10:30:00'),
(30, 3, 29, '2013-07-13 17:00:00', '2013-07-20 10:30:00'),
(31, 3, 30, '2013-07-20 17:00:00', '2013-07-27 10:30:00'),
(32, 3, 31, '2013-07-27 17:00:00', '2013-08-03 10:30:00'),
(33, 3, 32, '2013-08-03 17:00:00', '2013-08-10 10:30:00'),
(34, 3, 33, '2013-08-10 17:00:00', '2013-08-17 10:30:00'),
(35, 3, 34, '2013-08-17 17:00:00', '2013-08-24 10:30:00'),
(36, 3, 35, '2013-08-24 17:00:00', '2013-08-31 10:30:00'),
(37, 4, 36, '2013-08-31 17:00:00', '2013-09-07 10:30:00'),
(38, 4, 37, '2013-09-07 17:00:00', '2013-09-14 10:30:00'),
(39, 4, 38, '2013-09-14 17:00:00', '2013-09-21 10:30:00'),
(40, 4, 39, '2013-09-21 17:00:00', '2013-09-28 10:30:00'),
(41, 4, 40, '2013-09-28 17:00:00', '2013-10-05 10:30:00'),
(42, 4, 41, '2013-10-05 17:00:00', '2013-10-12 10:30:00'),
(43, 4, 42, '2013-10-12 17:00:00', '2013-10-19 10:30:00'),
(44, 4, 43, '2013-10-19 17:00:00', '2013-10-26 10:30:00'),
(45, 4, 44, '2013-10-26 17:00:00', '2013-11-02 10:30:00'),
(46, 4, 45, '2013-11-02 17:00:00', '2013-11-09 10:30:00'),
(47, 4, 46, '2013-11-09 17:00:00', '2013-11-16 10:30:00'),
(48, 4, 47, '2013-11-16 17:00:00', '2013-11-23 10:30:00'),
(49, 4, 48, '2013-11-23 17:00:00', '2013-11-30 10:30:00'),
(50, 3, 49, '2013-11-30 17:00:00', '2013-12-07 10:30:00'),
(51, 3, 50, '2013-12-07 17:00:00', '2013-12-14 10:30:00'),
(52, 3, 51, '2013-12-14 17:00:00', '2013-12-21 10:30:00'),
(53, 5, 52, '2013-12-21 17:00:00', '2013-12-28 10:30:00'),
(54, 5, 1, '2013-12-28 17:00:00', '2014-01-04 10:30:00'),
(55, 2, 2, '2014-01-04 17:00:00', '2014-01-11 10:30:00'),
(56, 2, 3, '2014-01-11 17:00:00', '2014-01-18 10:30:00'),
(57, 2, 4, '2014-01-18 17:00:00', '2014-01-25 10:30:00'),
(58, 2, 5, '2014-01-25 17:00:00', '2014-02-01 10:30:00'),
(59, 2, 6, '2014-02-01 17:00:00', '2014-02-08 10:30:00'),
(60, 2, 7, '2014-02-08 17:00:00', '2014-02-15 10:30:00'),
(61, 1, 8, '2014-02-15 17:00:00', '2014-02-22 10:30:00'),
(62, 1, 9, '2014-02-22 17:00:00', '2014-03-01 10:30:00'),
(63, 1, 10, '2014-03-01 17:00:00', '2014-03-08 10:30:00'),
(64, 1, 11, '2014-03-08 17:00:00', '2014-03-15 10:30:00'),
(65, 1, 12, '2014-03-15 17:00:00', '2014-03-22 10:30:00'),
(66, 2, 13, '2014-03-22 17:00:00', '2014-03-29 10:30:00'),
(67, 2, 14, '2014-03-29 17:00:00', '2014-04-05 10:30:00'),
(68, 4, 15, '2014-04-05 17:00:00', '2014-04-12 10:30:00'),
(69, 4, 16, '2014-04-12 17:00:00', '2014-04-19 10:30:00'),
(70, 4, 17, '2014-04-19 17:00:00', '2014-04-26 10:30:00'),
(71, 3, 18, '2014-04-26 17:00:00', '2014-05-03 10:30:00'),
(72, 3, 19, '2014-05-03 17:00:00', '2014-05-10 10:30:00'),
(73, 4, 20, '2014-05-10 17:00:00', '2014-05-17 10:30:00'),
(74, 4, 21, '2014-05-17 17:00:00', '2014-05-24 10:30:00'),
(75, 4, 22, '2014-05-24 17:00:00', '2014-05-31 10:30:00'),
(76, 4, 23, '2014-05-31 17:00:00', '2014-06-07 10:30:00'),
(77, 4, 24, '2014-06-07 17:00:00', '2014-06-14 10:30:00'),
(78, 4, 25, '2014-06-14 17:00:00', '2014-06-21 10:30:00'),
(79, 4, 26, '2014-06-21 17:00:00', '2014-06-28 10:30:00'),
(80, 4, 27, '2014-06-28 17:00:00', '2014-07-05 10:30:00'),
(81, 4, 28, '2014-07-05 17:00:00', '2014-07-12 10:30:00'),
(82, 3, 29, '2014-07-12 17:00:00', '2014-07-19 10:30:00'),
(83, 3, 30, '2014-07-19 17:00:00', '2014-07-26 10:30:00'),
(84, 3, 31, '2014-07-26 17:00:00', '2014-08-02 10:30:00'),
(85, 3, 32, '2014-08-02 17:00:00', '2014-08-09 10:30:00'),
(86, 3, 33, '2014-08-09 17:00:00', '2014-08-16 10:30:00'),
(87, 3, 34, '2014-08-16 17:00:00', '2014-08-23 10:30:00'),
(88, 3, 35, '2014-08-23 17:00:00', '2014-08-30 10:30:00'),
(89, 3, 36, '2014-08-30 17:00:00', '2014-09-06 10:30:00'),
(90, 4, 37, '2014-09-06 17:00:00', '2014-09-13 10:30:00'),
(91, 4, 38, '2014-09-13 17:00:00', '2014-09-20 10:30:00'),
(92, 4, 39, '2014-09-20 17:00:00', '2014-09-27 10:30:00'),
(93, 4, 40, '2014-09-27 17:00:00', '2014-10-04 10:30:00'),
(94, 4, 41, '2014-10-04 17:00:00', '2014-10-11 10:30:00'),
(95, 4, 42, '2014-10-11 17:00:00', '2014-10-18 10:30:00'),
(96, 4, 43, '2014-10-18 17:00:00', '2014-10-25 10:30:00'),
(97, 4, 44, '2014-10-25 17:00:00', '2014-11-01 10:30:00'),
(98, 4, 45, '2014-11-01 17:00:00', '2014-11-08 10:30:00'),
(99, 4, 46, '2014-11-08 17:00:00', '2014-11-15 10:30:00'),
(100, 4, 47, '2014-11-15 17:00:00', '2014-11-22 10:30:00'),
(101, 4, 48, '2014-11-22 17:00:00', '2014-11-29 10:30:00'),
(102, 4, 49, '2014-11-29 17:00:00', '2014-12-06 10:30:00'),
(103, 3, 50, '2014-12-06 17:00:00', '2014-12-13 10:30:00'),
(104, 3, 51, '2014-12-13 17:00:00', '2014-12-20 10:30:00'),
(105, 1, 52, '2014-12-20 17:00:00', '2014-12-27 10:30:00'),
(106, 1, 1, '2014-12-27 17:00:00', '2015-01-03 10:30:00'),
(107, 1, 2, '2015-01-03 17:00:00', '2015-01-10 10:30:00'),
(108, 2, 3, '2015-01-10 17:00:00', '2015-01-17 10:30:00'),
(109, 2, 4, '2015-01-17 17:00:00', '2015-01-24 10:30:00'),
(110, 2, 5, '2015-01-24 17:00:00', '2015-01-31 10:30:00'),
(111, 2, 6, '2015-01-31 17:00:00', '2015-02-07 10:30:00'),
(112, 2, 7, '2015-02-07 17:00:00', '2015-02-14 10:30:00'),
(113, 1, 8, '2015-02-14 17:00:00', '2015-02-21 10:30:00'),
(114, 1, 9, '2015-02-21 17:00:00', '2015-02-28 10:30:00'),
(115, 1, 10, '2015-02-28 17:00:00', '2015-03-07 10:30:00'),
(116, 1, 11, '2015-03-07 17:00:00', '2015-03-14 10:30:00'),
(117, 2, 12, '2015-03-14 17:00:00', '2015-03-21 10:30:00'),
(118, 2, 13, '2015-03-21 17:00:00', '2015-03-28 10:30:00'),
(119, 2, 14, '2015-03-28 17:00:00', '2015-04-04 10:30:00'),
(120, 4, 15, '2015-04-04 17:00:00', '2015-04-11 10:30:00'),
(121, 4, 16, '2015-04-11 17:00:00', '2015-04-18 10:30:00'),
(122, 4, 17, '2015-04-18 17:00:00', '2015-04-25 10:30:00'),
(123, 4, 18, '2015-04-25 17:00:00', '2015-05-02 10:30:00'),
(124, 4, 19, '2015-05-02 17:00:00', '2015-05-09 10:30:00'),
(125, 4, 20, '2015-05-09 17:00:00', '2015-05-16 10:30:00'),
(126, 4, 21, '2015-05-16 17:00:00', '2015-05-23 10:30:00'),
(127, 4, 22, '2015-05-23 17:00:00', '2015-05-30 10:30:00'),
(128, 4, 23, '2015-05-30 17:00:00', '2015-06-06 10:30:00'),
(129, 4, 24, '2015-06-06 17:00:00', '2015-06-13 10:30:00'),
(130, 4, 25, '2015-06-13 17:00:00', '2015-06-20 10:30:00'),
(131, 4, 26, '2015-06-20 17:00:00', '2015-06-27 10:30:00'),
(132, 4, 27, '2015-06-27 17:00:00', '2015-07-04 10:30:00'),
(133, 4, 28, '2015-07-04 17:00:00', '2015-07-11 10:30:00'),
(134, 3, 29, '2015-07-11 17:00:00', '2015-07-18 10:30:00'),
(135, 3, 30, '2015-07-18 17:00:00', '2015-07-25 10:30:00'),
(136, 3, 31, '2015-07-25 17:00:00', '2015-08-01 10:30:00'),
(137, 3, 32, '2015-08-01 17:00:00', '2015-08-08 10:30:00'),
(138, 3, 33, '2015-08-08 17:00:00', '2015-08-15 10:30:00'),
(139, 3, 34, '2015-08-15 17:00:00', '2015-08-22 10:30:00'),
(140, 3, 35, '2015-08-22 17:00:00', '2015-08-29 10:30:00'),
(141, 3, 36, '2015-08-29 17:00:00', '2015-09-05 10:30:00'),
(142, 3, 37, '2015-09-05 17:00:00', '2015-09-12 10:30:00'),
(143, 3, 38, '2015-09-12 17:00:00', '2015-09-19 10:30:00'),
(144, 4, 39, '2015-09-19 17:00:00', '2015-09-26 10:30:00'),
(145, 4, 40, '2015-09-26 17:00:00', '2015-10-03 10:30:00'),
(146, 4, 41, '2015-10-03 17:00:00', '2015-10-10 10:30:00'),
(147, 4, 42, '2015-10-10 17:00:00', '2015-10-17 10:30:00'),
(148, 4, 43, '2015-10-17 17:00:00', '2015-10-24 10:30:00'),
(149, 4, 44, '2015-10-24 17:00:00', '2015-10-31 10:30:00'),
(150, 4, 45, '2015-10-31 17:00:00', '2015-11-07 10:30:00'),
(151, NULL, 46, '2015-11-07 17:00:00', '2015-11-14 10:30:00'),
(152, NULL, 47, '2015-11-14 17:00:00', '2015-11-21 10:30:00'),
(153, NULL, 48, '2015-11-21 17:00:00', '2015-11-28 10:30:00'),
(154, NULL, 49, '2015-11-28 17:00:00', '2015-12-05 10:30:00'),
(155, NULL, 50, '2015-12-05 17:00:00', '2015-12-12 10:30:00'),
(156, NULL, 51, '2015-12-12 17:00:00', '2015-12-19 10:30:00'),
(157, NULL, 52, '2015-12-19 17:00:00', '2015-12-26 10:30:00'),
(158, NULL, 53, '2015-12-26 17:00:00', '2016-01-02 10:30:00'),
(159, NULL, 1, '2016-01-02 17:00:00', '2016-01-09 10:30:00'),
(160, NULL, 2, '2016-01-09 17:00:00', '2016-01-16 10:30:00'),
(161, NULL, 3, '2016-01-16 17:00:00', '2016-01-23 10:30:00'),
(162, NULL, 4, '2016-01-23 17:00:00', '2016-01-30 10:30:00'),
(163, NULL, 5, '2016-01-30 17:00:00', '2016-02-06 10:30:00'),
(164, NULL, 6, '2016-02-06 17:00:00', '2016-02-13 10:30:00'),
(165, NULL, 7, '2016-02-13 17:00:00', '2016-02-20 10:30:00'),
(166, NULL, 8, '2016-02-20 17:00:00', '2016-02-27 10:30:00'),
(167, NULL, 9, '2016-02-27 17:00:00', '2016-03-05 10:30:00'),
(168, NULL, 10, '2016-03-05 17:00:00', '2016-03-12 10:30:00'),
(169, NULL, 11, '2016-03-12 17:00:00', '2016-03-19 10:30:00'),
(170, NULL, 12, '2016-03-19 17:00:00', '2016-03-26 10:30:00'),
(171, NULL, 13, '2016-03-26 17:00:00', '2016-04-02 10:30:00'),
(172, NULL, 14, '2016-04-02 17:00:00', '2016-04-09 10:30:00'),
(173, NULL, 15, '2016-04-09 17:00:00', '2016-04-16 10:30:00'),
(174, NULL, 16, '2016-04-16 17:00:00', '2016-04-23 10:30:00'),
(175, NULL, 17, '2016-04-23 17:00:00', '2016-04-30 10:30:00'),
(176, NULL, 18, '2016-04-30 17:00:00', '2016-05-07 10:30:00'),
(177, NULL, 19, '2016-05-07 17:00:00', '2016-05-14 10:30:00'),
(178, NULL, 20, '2016-05-14 17:00:00', '2016-05-21 10:30:00'),
(179, NULL, 21, '2016-05-21 17:00:00', '2016-05-28 10:30:00'),
(180, NULL, 22, '2016-05-28 17:00:00', '2016-06-04 10:30:00'),
(181, NULL, 23, '2016-06-04 17:00:00', '2016-06-11 10:30:00'),
(182, NULL, 24, '2016-06-11 17:00:00', '2016-06-18 10:30:00'),
(183, NULL, 25, '2016-06-18 17:00:00', '2016-06-25 10:30:00'),
(184, NULL, 26, '2016-06-25 17:00:00', '2016-07-02 10:30:00'),
(185, NULL, 27, '2016-07-02 17:00:00', '2016-07-09 10:30:00'),
(186, NULL, 28, '2016-07-09 17:00:00', '2016-07-16 10:30:00'),
(187, NULL, 29, '2016-07-16 17:00:00', '2016-07-23 10:30:00'),
(188, NULL, 30, '2016-07-23 17:00:00', '2016-07-30 10:30:00'),
(189, NULL, 31, '2016-07-30 17:00:00', '2016-08-06 10:30:00'),
(190, NULL, 32, '2016-08-06 17:00:00', '2016-08-13 10:30:00'),
(191, NULL, 33, '2016-08-13 17:00:00', '2016-08-20 10:30:00'),
(192, NULL, 34, '2016-08-20 17:00:00', '2016-08-27 10:30:00'),
(193, NULL, 35, '2016-08-27 17:00:00', '2016-09-03 10:30:00'),
(194, NULL, 36, '2016-09-03 17:00:00', '2016-09-10 10:30:00'),
(195, NULL, 37, '2016-09-10 17:00:00', '2016-09-17 10:30:00'),
(196, NULL, 38, '2016-09-17 17:00:00', '2016-09-24 10:30:00'),
(197, NULL, 39, '2016-09-24 17:00:00', '2016-10-01 10:30:00'),
(198, NULL, 40, '2016-10-01 17:00:00', '2016-10-08 10:30:00'),
(199, NULL, 41, '2016-10-08 17:00:00', '2016-10-15 10:30:00'),
(200, NULL, 42, '2016-10-15 17:00:00', '2016-10-22 10:30:00'),
(201, NULL, 43, '2016-10-22 17:00:00', '2016-10-29 10:30:00'),
(202, NULL, 44, '2016-10-29 17:00:00', '2016-11-05 10:30:00'),
(203, NULL, 45, '2016-11-05 17:00:00', '2016-11-12 10:30:00'),
(204, NULL, 46, '2016-11-12 17:00:00', '2016-11-19 10:30:00'),
(205, NULL, 47, '2016-11-19 17:00:00', '2016-11-26 10:30:00'),
(206, NULL, 48, '2016-11-26 17:00:00', '2016-12-03 10:30:00'),
(207, NULL, 49, '2016-12-03 17:00:00', '2016-12-10 10:30:00'),
(208, NULL, 50, '2016-12-10 17:00:00', '2016-12-17 10:30:00'),
(209, NULL, 51, '2016-12-17 17:00:00', '2016-12-24 10:30:00'),
(210, NULL, 52, '2016-12-24 17:00:00', '2016-12-31 10:30:00'),
(211, NULL, 1, '2016-12-31 17:00:00', '2017-01-07 10:30:00'),
(212, NULL, 2, '2017-01-07 17:00:00', '2017-01-14 10:30:00'),
(213, NULL, 3, '2017-01-14 17:00:00', '2017-01-21 10:30:00'),
(214, NULL, 4, '2017-01-21 17:00:00', '2017-01-28 10:30:00'),
(215, NULL, 5, '2017-01-28 17:00:00', '2017-02-04 10:30:00'),
(216, NULL, 6, '2017-02-04 17:00:00', '2017-02-11 10:30:00'),
(217, NULL, 7, '2017-02-11 17:00:00', '2017-02-18 10:30:00'),
(218, NULL, 8, '2017-02-18 17:00:00', '2017-02-25 10:30:00'),
(219, NULL, 9, '2017-02-25 17:00:00', '2017-03-04 10:30:00'),
(220, NULL, 10, '2017-03-04 17:00:00', '2017-03-11 10:30:00'),
(221, NULL, 11, '2017-03-11 17:00:00', '2017-03-18 10:30:00'),
(222, NULL, 12, '2017-03-18 17:00:00', '2017-03-25 10:30:00'),
(223, NULL, 13, '2017-03-25 17:00:00', '2017-04-01 10:30:00'),
(224, NULL, 14, '2017-04-01 17:00:00', '2017-04-08 10:30:00'),
(225, NULL, 15, '2017-04-08 17:00:00', '2017-04-15 10:30:00'),
(226, NULL, 16, '2017-04-15 17:00:00', '2017-04-22 10:30:00'),
(227, NULL, 17, '2017-04-22 17:00:00', '2017-04-29 10:30:00'),
(228, NULL, 18, '2017-04-29 17:00:00', '2017-05-06 10:30:00'),
(229, NULL, 19, '2017-05-06 17:00:00', '2017-05-13 10:30:00'),
(230, NULL, 20, '2017-05-13 17:00:00', '2017-05-20 10:30:00'),
(231, NULL, 21, '2017-05-20 17:00:00', '2017-05-27 10:30:00'),
(232, NULL, 22, '2017-05-27 17:00:00', '2017-06-03 10:30:00'),
(233, NULL, 23, '2017-06-03 17:00:00', '2017-06-10 10:30:00'),
(234, NULL, 24, '2017-06-10 17:00:00', '2017-06-17 10:30:00'),
(235, NULL, 25, '2017-06-17 17:00:00', '2017-06-24 10:30:00'),
(236, NULL, 26, '2017-06-24 17:00:00', '2017-07-01 10:30:00'),
(237, NULL, 27, '2017-07-01 17:00:00', '2017-07-08 10:30:00'),
(238, NULL, 28, '2017-07-08 17:00:00', '2017-07-15 10:30:00'),
(239, NULL, 29, '2017-07-15 17:00:00', '2017-07-22 10:30:00'),
(240, NULL, 30, '2017-07-22 17:00:00', '2017-07-29 10:30:00'),
(241, NULL, 31, '2017-07-29 17:00:00', '2017-08-05 10:30:00'),
(242, NULL, 32, '2017-08-05 17:00:00', '2017-08-12 10:30:00'),
(243, NULL, 33, '2017-08-12 17:00:00', '2017-08-19 10:30:00'),
(244, NULL, 34, '2017-08-19 17:00:00', '2017-08-26 10:30:00'),
(245, NULL, 35, '2017-08-26 17:00:00', '2017-09-02 10:30:00'),
(246, NULL, 36, '2017-09-02 17:00:00', '2017-09-09 10:30:00'),
(247, NULL, 37, '2017-09-09 17:00:00', '2017-09-16 10:30:00'),
(248, NULL, 38, '2017-09-16 17:00:00', '2017-09-23 10:30:00'),
(249, NULL, 39, '2017-09-23 17:00:00', '2017-09-30 10:30:00'),
(250, NULL, 40, '2017-09-30 17:00:00', '2017-10-07 10:30:00'),
(251, NULL, 41, '2017-10-07 17:00:00', '2017-10-14 10:30:00'),
(252, NULL, 42, '2017-10-14 17:00:00', '2017-10-21 10:30:00'),
(253, NULL, 43, '2017-10-21 17:00:00', '2017-10-28 10:30:00'),
(254, NULL, 44, '2017-10-28 17:00:00', '2017-11-04 10:30:00'),
(255, NULL, 45, '2017-11-04 17:00:00', '2017-11-11 10:30:00'),
(256, NULL, 46, '2017-11-11 17:00:00', '2017-11-18 10:30:00'),
(257, NULL, 47, '2017-11-18 17:00:00', '2017-11-25 10:30:00'),
(258, NULL, 48, '2017-11-25 17:00:00', '2017-12-02 10:30:00'),
(259, NULL, 49, '2017-12-02 17:00:00', '2017-12-09 10:30:00'),
(260, NULL, 50, '2017-12-09 17:00:00', '2017-12-16 10:30:00'),
(261, NULL, 51, '2017-12-16 17:00:00', '2017-12-23 10:30:00'),
(262, NULL, 52, '2017-12-23 17:00:00', '2017-12-30 10:30:00'),
(263, NULL, 1, '2017-12-30 17:00:00', '2018-01-06 10:30:00'),
(264, NULL, 2, '2018-01-06 17:00:00', '2018-01-13 10:30:00'),
(265, NULL, 3, '2018-01-13 17:00:00', '2018-01-20 10:30:00'),
(266, NULL, 4, '2018-01-20 17:00:00', '2018-01-27 10:30:00'),
(267, NULL, 5, '2018-01-27 17:00:00', '2018-02-03 10:30:00'),
(268, NULL, 6, '2018-02-03 17:00:00', '2018-02-10 10:30:00'),
(269, NULL, 7, '2018-02-10 17:00:00', '2018-02-17 10:30:00'),
(270, NULL, 8, '2018-02-17 17:00:00', '2018-02-24 10:30:00'),
(271, NULL, 9, '2018-02-24 17:00:00', '2018-03-03 10:30:00'),
(272, NULL, 10, '2018-03-03 17:00:00', '2018-03-10 10:30:00'),
(273, NULL, 11, '2018-03-10 17:00:00', '2018-03-17 10:30:00'),
(274, NULL, 12, '2018-03-17 17:00:00', '2018-03-24 10:30:00'),
(275, NULL, 13, '2018-03-24 17:00:00', '2018-03-31 10:30:00'),
(276, NULL, 14, '2018-03-31 17:00:00', '2018-04-07 10:30:00'),
(277, NULL, 15, '2018-04-07 17:00:00', '2018-04-14 10:30:00'),
(278, NULL, 16, '2018-04-14 17:00:00', '2018-04-21 10:30:00'),
(279, NULL, 17, '2018-04-21 17:00:00', '2018-04-28 10:30:00'),
(280, NULL, 18, '2018-04-28 17:00:00', '2018-05-05 10:30:00'),
(281, NULL, 19, '2018-05-05 17:00:00', '2018-05-12 10:30:00'),
(282, NULL, 20, '2018-05-12 17:00:00', '2018-05-19 10:30:00'),
(283, NULL, 21, '2018-05-19 17:00:00', '2018-05-26 10:30:00'),
(284, NULL, 22, '2018-05-26 17:00:00', '2018-06-02 10:30:00'),
(285, NULL, 23, '2018-06-02 17:00:00', '2018-06-09 10:30:00'),
(286, NULL, 24, '2018-06-09 17:00:00', '2018-06-16 10:30:00'),
(287, NULL, 25, '2018-06-16 17:00:00', '2018-06-23 10:30:00'),
(288, NULL, 26, '2018-06-23 17:00:00', '2018-06-30 10:30:00'),
(289, NULL, 27, '2018-06-30 17:00:00', '2018-07-07 10:30:00'),
(290, NULL, 28, '2018-07-07 17:00:00', '2018-07-14 10:30:00'),
(291, NULL, 29, '2018-07-14 17:00:00', '2018-07-21 10:30:00'),
(292, NULL, 30, '2018-07-21 17:00:00', '2018-07-28 10:30:00'),
(293, NULL, 31, '2018-07-28 17:00:00', '2018-08-04 10:30:00'),
(294, NULL, 32, '2018-08-04 17:00:00', '2018-08-11 10:30:00'),
(295, NULL, 33, '2018-08-11 17:00:00', '2018-08-18 10:30:00'),
(296, NULL, 34, '2018-08-18 17:00:00', '2018-08-25 10:30:00'),
(297, NULL, 35, '2018-08-25 17:00:00', '2018-09-01 10:30:00'),
(298, NULL, 36, '2018-09-01 17:00:00', '2018-09-08 10:30:00'),
(299, NULL, 37, '2018-09-08 17:00:00', '2018-09-15 10:30:00'),
(300, NULL, 38, '2018-09-15 17:00:00', '2018-09-22 10:30:00'),
(301, NULL, 39, '2018-09-22 17:00:00', '2018-09-29 10:30:00'),
(302, NULL, 40, '2018-09-29 17:00:00', '2018-10-06 10:30:00'),
(303, NULL, 41, '2018-10-06 17:00:00', '2018-10-13 10:30:00'),
(304, NULL, 42, '2018-10-13 17:00:00', '2018-10-20 10:30:00'),
(305, NULL, 43, '2018-10-20 17:00:00', '2018-10-27 10:30:00'),
(306, NULL, 44, '2018-10-27 17:00:00', '2018-11-03 10:30:00'),
(307, NULL, 45, '2018-11-03 17:00:00', '2018-11-10 10:30:00'),
(308, NULL, 46, '2018-11-10 17:00:00', '2018-11-17 10:30:00'),
(309, NULL, 47, '2018-11-17 17:00:00', '2018-11-24 10:30:00'),
(310, NULL, 48, '2018-11-24 17:00:00', '2018-12-01 10:30:00'),
(311, NULL, 49, '2018-12-01 17:00:00', '2018-12-08 10:30:00'),
(312, NULL, 50, '2018-12-08 17:00:00', '2018-12-15 10:30:00'),
(313, NULL, 51, '2018-12-15 17:00:00', '2018-12-22 10:30:00'),
(314, NULL, 52, '2018-12-22 17:00:00', '2018-12-29 10:30:00'),
(315, NULL, 1, '2018-12-29 17:00:00', '2019-01-05 10:30:00'),
(316, NULL, 2, '2019-01-05 17:00:00', '2019-01-12 10:30:00'),
(317, NULL, 3, '2019-01-12 17:00:00', '2019-01-19 10:30:00'),
(318, NULL, 4, '2019-01-19 17:00:00', '2019-01-26 10:30:00'),
(319, NULL, 5, '2019-01-26 17:00:00', '2019-02-02 10:30:00'),
(320, NULL, 6, '2019-02-02 17:00:00', '2019-02-09 10:30:00'),
(321, NULL, 7, '2019-02-09 17:00:00', '2019-02-16 10:30:00'),
(322, NULL, 8, '2019-02-16 17:00:00', '2019-02-23 10:30:00'),
(323, NULL, 9, '2019-02-23 17:00:00', '2019-03-02 10:30:00'),
(324, NULL, 10, '2019-03-02 17:00:00', '2019-03-09 10:30:00'),
(325, NULL, 11, '2019-03-09 17:00:00', '2019-03-16 10:30:00'),
(326, NULL, 12, '2019-03-16 17:00:00', '2019-03-23 10:30:00'),
(327, NULL, 13, '2019-03-23 17:00:00', '2019-03-30 10:30:00'),
(328, NULL, 14, '2019-03-30 17:00:00', '2019-04-06 10:30:00'),
(329, NULL, 15, '2019-04-06 17:00:00', '2019-04-13 10:30:00'),
(330, NULL, 16, '2019-04-13 17:00:00', '2019-04-20 10:30:00'),
(331, NULL, 17, '2019-04-20 17:00:00', '2019-04-27 10:30:00'),
(332, NULL, 18, '2019-04-27 17:00:00', '2019-05-04 10:30:00'),
(333, NULL, 19, '2019-05-04 17:00:00', '2019-05-11 10:30:00'),
(334, NULL, 20, '2019-05-11 17:00:00', '2019-05-18 10:30:00'),
(335, NULL, 21, '2019-05-18 17:00:00', '2019-05-25 10:30:00'),
(336, NULL, 22, '2019-05-25 17:00:00', '2019-06-01 10:30:00'),
(337, NULL, 23, '2019-06-01 17:00:00', '2019-06-08 10:30:00'),
(338, NULL, 24, '2019-06-08 17:00:00', '2019-06-15 10:30:00'),
(339, NULL, 25, '2019-06-15 17:00:00', '2019-06-22 10:30:00'),
(340, NULL, 26, '2019-06-22 17:00:00', '2019-06-29 10:30:00'),
(341, NULL, 27, '2019-06-29 17:00:00', '2019-07-06 10:30:00'),
(342, NULL, 28, '2019-07-06 17:00:00', '2019-07-13 10:30:00'),
(343, NULL, 29, '2019-07-13 17:00:00', '2019-07-20 10:30:00'),
(344, NULL, 30, '2019-07-20 17:00:00', '2019-07-27 10:30:00'),
(345, NULL, 31, '2019-07-27 17:00:00', '2019-08-03 10:30:00'),
(346, NULL, 32, '2019-08-03 17:00:00', '2019-08-10 10:30:00'),
(347, NULL, 33, '2019-08-10 17:00:00', '2019-08-17 10:30:00'),
(348, NULL, 34, '2019-08-17 17:00:00', '2019-08-24 10:30:00'),
(349, NULL, 35, '2019-08-24 17:00:00', '2019-08-31 10:30:00'),
(350, NULL, 36, '2019-08-31 17:00:00', '2019-09-07 10:30:00'),
(351, NULL, 37, '2019-09-07 17:00:00', '2019-09-14 10:30:00'),
(352, NULL, 38, '2019-09-14 17:00:00', '2019-09-21 10:30:00'),
(353, NULL, 39, '2019-09-21 17:00:00', '2019-09-28 10:30:00'),
(354, NULL, 40, '2019-09-28 17:00:00', '2019-10-05 10:30:00'),
(355, NULL, 41, '2019-10-05 17:00:00', '2019-10-12 10:30:00'),
(356, NULL, 42, '2019-10-12 17:00:00', '2019-10-19 10:30:00'),
(357, NULL, 43, '2019-10-19 17:00:00', '2019-10-26 10:30:00'),
(358, NULL, 44, '2019-10-26 17:00:00', '2019-11-02 10:30:00'),
(359, NULL, 45, '2019-11-02 17:00:00', '2019-11-09 10:30:00'),
(360, NULL, 46, '2019-11-09 17:00:00', '2019-11-16 10:30:00'),
(361, NULL, 47, '2019-11-16 17:00:00', '2019-11-23 10:30:00'),
(362, NULL, 48, '2019-11-23 17:00:00', '2019-11-30 10:30:00'),
(363, NULL, 49, '2019-11-30 17:00:00', '2019-12-07 10:30:00'),
(364, NULL, 50, '2019-12-07 17:00:00', '2019-12-14 10:30:00'),
(365, NULL, 51, '2019-12-14 17:00:00', '2019-12-21 10:30:00'),
(366, NULL, 52, '2019-12-21 17:00:00', '2019-12-28 10:30:00'),
(367, NULL, 1, '2019-12-28 17:00:00', '2020-01-04 10:30:00'),
(368, NULL, 2, '2020-01-04 17:00:00', '2020-01-11 10:30:00'),
(369, NULL, 3, '2020-01-11 17:00:00', '2020-01-18 10:30:00'),
(370, NULL, 4, '2020-01-18 17:00:00', '2020-01-25 10:30:00'),
(371, NULL, 5, '2020-01-25 17:00:00', '2020-02-01 10:30:00'),
(372, NULL, 6, '2020-02-01 17:00:00', '2020-02-08 10:30:00'),
(373, NULL, 7, '2020-02-08 17:00:00', '2020-02-15 10:30:00'),
(374, NULL, 8, '2020-02-15 17:00:00', '2020-02-22 10:30:00'),
(375, NULL, 9, '2020-02-22 17:00:00', '2020-02-29 10:30:00'),
(376, NULL, 10, '2020-02-29 17:00:00', '2020-03-07 10:30:00'),
(377, NULL, 11, '2020-03-07 17:00:00', '2020-03-14 10:30:00'),
(378, NULL, 12, '2020-03-14 17:00:00', '2020-03-21 10:30:00'),
(379, NULL, 13, '2020-03-21 17:00:00', '2020-03-28 10:30:00'),
(380, NULL, 14, '2020-03-28 17:00:00', '2020-04-04 10:30:00'),
(381, NULL, 15, '2020-04-04 17:00:00', '2020-04-11 10:30:00'),
(382, NULL, 16, '2020-04-11 17:00:00', '2020-04-18 10:30:00'),
(383, NULL, 17, '2020-04-18 17:00:00', '2020-04-25 10:30:00'),
(384, NULL, 18, '2020-04-25 17:00:00', '2020-05-02 10:30:00'),
(385, NULL, 19, '2020-05-02 17:00:00', '2020-05-09 10:30:00'),
(386, NULL, 20, '2020-05-09 17:00:00', '2020-05-16 10:30:00'),
(387, NULL, 21, '2020-05-16 17:00:00', '2020-05-23 10:30:00'),
(388, NULL, 22, '2020-05-23 17:00:00', '2020-05-30 10:30:00'),
(389, NULL, 23, '2020-05-30 17:00:00', '2020-06-06 10:30:00'),
(390, NULL, 24, '2020-06-06 17:00:00', '2020-06-13 10:30:00'),
(391, NULL, 25, '2020-06-13 17:00:00', '2020-06-20 10:30:00'),
(392, NULL, 26, '2020-06-20 17:00:00', '2020-06-27 10:30:00'),
(393, NULL, 27, '2020-06-27 17:00:00', '2020-07-04 10:30:00'),
(394, NULL, 28, '2020-07-04 17:00:00', '2020-07-11 10:30:00'),
(395, NULL, 29, '2020-07-11 17:00:00', '2020-07-18 10:30:00'),
(396, NULL, 30, '2020-07-18 17:00:00', '2020-07-25 10:30:00'),
(397, NULL, 31, '2020-07-25 17:00:00', '2020-08-01 10:30:00'),
(398, NULL, 32, '2020-08-01 17:00:00', '2020-08-08 10:30:00'),
(399, NULL, 33, '2020-08-08 17:00:00', '2020-08-15 10:30:00'),
(400, NULL, 34, '2020-08-15 17:00:00', '2020-08-22 10:30:00'),
(401, NULL, 35, '2020-08-22 17:00:00', '2020-08-29 10:30:00'),
(402, NULL, 36, '2020-08-29 17:00:00', '2020-09-05 10:30:00'),
(403, NULL, 37, '2020-09-05 17:00:00', '2020-09-12 10:30:00'),
(404, NULL, 38, '2020-09-12 17:00:00', '2020-09-19 10:30:00'),
(405, NULL, 39, '2020-09-19 17:00:00', '2020-09-26 10:30:00'),
(406, NULL, 40, '2020-09-26 17:00:00', '2020-10-03 10:30:00'),
(407, NULL, 41, '2020-10-03 17:00:00', '2020-10-10 10:30:00'),
(408, NULL, 42, '2020-10-10 17:00:00', '2020-10-17 10:30:00'),
(409, NULL, 43, '2020-10-17 17:00:00', '2020-10-24 10:30:00'),
(410, NULL, 44, '2020-10-24 17:00:00', '2020-10-31 10:30:00'),
(411, NULL, 45, '2020-10-31 17:00:00', '2020-11-07 10:30:00'),
(412, NULL, 46, '2020-11-07 17:00:00', '2020-11-14 10:30:00'),
(413, NULL, 47, '2020-11-14 17:00:00', '2020-11-21 10:30:00'),
(414, NULL, 48, '2020-11-21 17:00:00', '2020-11-28 10:30:00'),
(415, NULL, 49, '2020-11-28 17:00:00', '2020-12-05 10:30:00'),
(416, NULL, 50, '2020-12-05 17:00:00', '2020-12-12 10:30:00'),
(417, NULL, 51, '2020-12-12 17:00:00', '2020-12-19 10:30:00'),
(418, NULL, 52, '2020-12-19 17:00:00', '2020-12-26 10:30:00'),
(419, NULL, 53, '2020-12-26 17:00:00', '2021-01-02 10:30:00'),
(420, NULL, 1, '2021-01-02 17:00:00', '2021-01-09 10:30:00'),
(421, NULL, 2, '2021-01-09 17:00:00', '2021-01-16 10:30:00'),
(422, NULL, 3, '2021-01-16 17:00:00', '2021-01-23 10:30:00'),
(423, NULL, 4, '2021-01-23 17:00:00', '2021-01-30 10:30:00'),
(424, NULL, 5, '2021-01-30 17:00:00', '2021-02-06 10:30:00'),
(425, NULL, 6, '2021-02-06 17:00:00', '2021-02-13 10:30:00'),
(426, NULL, 7, '2021-02-13 17:00:00', '2021-02-20 10:30:00'),
(427, NULL, 8, '2021-02-20 17:00:00', '2021-02-27 10:30:00'),
(428, NULL, 9, '2021-02-27 17:00:00', '2021-03-06 10:30:00'),
(429, NULL, 10, '2021-03-06 17:00:00', '2021-03-13 10:30:00'),
(430, NULL, 11, '2021-03-13 17:00:00', '2021-03-20 10:30:00'),
(431, NULL, 12, '2021-03-20 17:00:00', '2021-03-27 10:30:00'),
(432, NULL, 13, '2021-03-27 17:00:00', '2021-04-03 10:30:00'),
(433, NULL, 14, '2021-04-03 17:00:00', '2021-04-10 10:30:00'),
(434, NULL, 15, '2021-04-10 17:00:00', '2021-04-17 10:30:00'),
(435, NULL, 16, '2021-04-17 17:00:00', '2021-04-24 10:30:00'),
(436, NULL, 17, '2021-04-24 17:00:00', '2021-05-01 10:30:00'),
(437, NULL, 18, '2021-05-01 17:00:00', '2021-05-08 10:30:00'),
(438, NULL, 19, '2021-05-08 17:00:00', '2021-05-15 10:30:00'),
(439, NULL, 20, '2021-05-15 17:00:00', '2021-05-22 10:30:00'),
(440, NULL, 21, '2021-05-22 17:00:00', '2021-05-29 10:30:00'),
(441, NULL, 22, '2021-05-29 17:00:00', '2021-06-05 10:30:00'),
(442, NULL, 23, '2021-06-05 17:00:00', '2021-06-12 10:30:00'),
(443, NULL, 24, '2021-06-12 17:00:00', '2021-06-19 10:30:00'),
(444, NULL, 25, '2021-06-19 17:00:00', '2021-06-26 10:30:00'),
(445, NULL, 26, '2021-06-26 17:00:00', '2021-07-03 10:30:00'),
(446, NULL, 27, '2021-07-03 17:00:00', '2021-07-10 10:30:00'),
(447, NULL, 28, '2021-07-10 17:00:00', '2021-07-17 10:30:00'),
(448, NULL, 29, '2021-07-17 17:00:00', '2021-07-24 10:30:00'),
(449, NULL, 30, '2021-07-24 17:00:00', '2021-07-31 10:30:00'),
(450, NULL, 31, '2021-07-31 17:00:00', '2021-08-07 10:30:00'),
(451, NULL, 32, '2021-08-07 17:00:00', '2021-08-14 10:30:00'),
(452, NULL, 33, '2021-08-14 17:00:00', '2021-08-21 10:30:00'),
(453, NULL, 34, '2021-08-21 17:00:00', '2021-08-28 10:30:00'),
(454, NULL, 35, '2021-08-28 17:00:00', '2021-09-04 10:30:00'),
(455, NULL, 36, '2021-09-04 17:00:00', '2021-09-11 10:30:00'),
(456, NULL, 37, '2021-09-11 17:00:00', '2021-09-18 10:30:00'),
(457, NULL, 38, '2021-09-18 17:00:00', '2021-09-25 10:30:00'),
(458, NULL, 39, '2021-09-25 17:00:00', '2021-10-02 10:30:00'),
(459, NULL, 40, '2021-10-02 17:00:00', '2021-10-09 10:30:00'),
(460, NULL, 41, '2021-10-09 17:00:00', '2021-10-16 10:30:00'),
(461, NULL, 42, '2021-10-16 17:00:00', '2021-10-23 10:30:00'),
(462, NULL, 43, '2021-10-23 17:00:00', '2021-10-30 10:30:00'),
(463, NULL, 44, '2021-10-30 17:00:00', '2021-11-06 10:30:00'),
(464, NULL, 45, '2021-11-06 17:00:00', '2021-11-13 10:30:00'),
(465, NULL, 46, '2021-11-13 17:00:00', '2021-11-20 10:30:00'),
(466, NULL, 47, '2021-11-20 17:00:00', '2021-11-27 10:30:00'),
(467, NULL, 48, '2021-11-27 17:00:00', '2021-12-04 10:30:00'),
(468, NULL, 49, '2021-12-04 17:00:00', '2021-12-11 10:30:00'),
(469, NULL, 50, '2021-12-11 17:00:00', '2021-12-18 10:30:00'),
(470, NULL, 51, '2021-12-18 17:00:00', '2021-12-25 10:30:00'),
(471, NULL, 52, '2021-12-25 17:00:00', '2022-01-01 10:30:00'),
(472, NULL, 1, '2022-01-01 17:00:00', '2022-01-08 10:30:00'),
(473, NULL, 2, '2022-01-08 17:00:00', '2022-01-15 10:30:00'),
(474, NULL, 3, '2022-01-15 17:00:00', '2022-01-22 10:30:00'),
(475, NULL, 4, '2022-01-22 17:00:00', '2022-01-29 10:30:00'),
(476, NULL, 5, '2022-01-29 17:00:00', '2022-02-05 10:30:00'),
(477, NULL, 6, '2022-02-05 17:00:00', '2022-02-12 10:30:00'),
(478, NULL, 7, '2022-02-12 17:00:00', '2022-02-19 10:30:00'),
(479, NULL, 8, '2022-02-19 17:00:00', '2022-02-26 10:30:00'),
(480, NULL, 9, '2022-02-26 17:00:00', '2022-03-05 10:30:00'),
(481, NULL, 10, '2022-03-05 17:00:00', '2022-03-12 10:30:00'),
(482, NULL, 11, '2022-03-12 17:00:00', '2022-03-19 10:30:00'),
(483, NULL, 12, '2022-03-19 17:00:00', '2022-03-26 10:30:00'),
(484, NULL, 13, '2022-03-26 17:00:00', '2022-04-02 10:30:00'),
(485, NULL, 14, '2022-04-02 17:00:00', '2022-04-09 10:30:00'),
(486, NULL, 15, '2022-04-09 17:00:00', '2022-04-16 10:30:00'),
(487, NULL, 16, '2022-04-16 17:00:00', '2022-04-23 10:30:00'),
(488, NULL, 17, '2022-04-23 17:00:00', '2022-04-30 10:30:00'),
(489, NULL, 18, '2022-04-30 17:00:00', '2022-05-07 10:30:00'),
(490, NULL, 19, '2022-05-07 17:00:00', '2022-05-14 10:30:00'),
(491, NULL, 20, '2022-05-14 17:00:00', '2022-05-21 10:30:00'),
(492, NULL, 21, '2022-05-21 17:00:00', '2022-05-28 10:30:00'),
(493, NULL, 22, '2022-05-28 17:00:00', '2022-06-04 10:30:00'),
(494, NULL, 23, '2022-06-04 17:00:00', '2022-06-11 10:30:00'),
(495, NULL, 24, '2022-06-11 17:00:00', '2022-06-18 10:30:00'),
(496, NULL, 25, '2022-06-18 17:00:00', '2022-06-25 10:30:00'),
(497, NULL, 26, '2022-06-25 17:00:00', '2022-07-02 10:30:00'),
(498, NULL, 27, '2022-07-02 17:00:00', '2022-07-09 10:30:00'),
(499, NULL, 28, '2022-07-09 17:00:00', '2022-07-16 10:30:00'),
(500, NULL, 29, '2022-07-16 17:00:00', '2022-07-23 10:30:00'),
(501, NULL, 30, '2022-07-23 17:00:00', '2022-07-30 10:30:00'),
(502, NULL, 31, '2022-07-30 17:00:00', '2022-08-06 10:30:00'),
(503, NULL, 32, '2022-08-06 17:00:00', '2022-08-13 10:30:00'),
(504, NULL, 33, '2022-08-13 17:00:00', '2022-08-20 10:30:00'),
(505, NULL, 34, '2022-08-20 17:00:00', '2022-08-27 10:30:00'),
(506, NULL, 35, '2022-08-27 17:00:00', '2022-09-03 10:30:00'),
(507, NULL, 36, '2022-09-03 17:00:00', '2022-09-10 10:30:00'),
(508, NULL, 37, '2022-09-10 17:00:00', '2022-09-17 10:30:00'),
(509, NULL, 38, '2022-09-17 17:00:00', '2022-09-24 10:30:00'),
(510, NULL, 39, '2022-09-24 17:00:00', '2022-10-01 10:30:00'),
(511, NULL, 40, '2022-10-01 17:00:00', '2022-10-08 10:30:00'),
(512, NULL, 41, '2022-10-08 17:00:00', '2022-10-15 10:30:00'),
(513, NULL, 42, '2022-10-15 17:00:00', '2022-10-22 10:30:00'),
(514, NULL, 43, '2022-10-22 17:00:00', '2022-10-29 10:30:00'),
(515, NULL, 44, '2022-10-29 17:00:00', '2022-11-05 10:30:00'),
(516, NULL, 45, '2022-11-05 17:00:00', '2022-11-12 10:30:00'),
(517, NULL, 46, '2022-11-12 17:00:00', '2022-11-19 10:30:00'),
(518, NULL, 47, '2022-11-19 17:00:00', '2022-11-26 10:30:00'),
(519, NULL, 48, '2022-11-26 17:00:00', '2022-12-03 10:30:00'),
(520, NULL, 49, '2022-12-03 17:00:00', '2022-12-10 10:30:00'),
(521, NULL, 50, '2022-12-10 17:00:00', '2022-12-17 10:30:00'),
(522, NULL, 51, '2022-12-17 17:00:00', '2022-12-24 10:30:00'),
(523, NULL, 52, '2022-12-24 17:00:00', '2022-12-31 10:30:00'),
(524, NULL, 1, '2022-12-31 17:00:00', '2023-01-07 10:30:00'),
(525, NULL, 2, '2023-01-07 17:00:00', '2023-01-14 10:30:00'),
(526, NULL, 3, '2023-01-14 17:00:00', '2023-01-21 10:30:00'),
(527, NULL, 4, '2023-01-21 17:00:00', '2023-01-28 10:30:00'),
(528, NULL, 5, '2023-01-28 17:00:00', '2023-02-04 10:30:00'),
(529, NULL, 6, '2023-02-04 17:00:00', '2023-02-11 10:30:00'),
(530, NULL, 7, '2023-02-11 17:00:00', '2023-02-18 10:30:00'),
(531, NULL, 8, '2023-02-18 17:00:00', '2023-02-25 10:30:00'),
(532, NULL, 9, '2023-02-25 17:00:00', '2023-03-04 10:30:00'),
(533, NULL, 10, '2023-03-04 17:00:00', '2023-03-11 10:30:00'),
(534, NULL, 11, '2023-03-11 17:00:00', '2023-03-18 10:30:00'),
(535, NULL, 12, '2023-03-18 17:00:00', '2023-03-25 10:30:00'),
(536, NULL, 13, '2023-03-25 17:00:00', '2023-04-01 10:30:00'),
(537, NULL, 14, '2023-04-01 17:00:00', '2023-04-08 10:30:00'),
(538, NULL, 15, '2023-04-08 17:00:00', '2023-04-15 10:30:00'),
(539, NULL, 16, '2023-04-15 17:00:00', '2023-04-22 10:30:00'),
(540, NULL, 17, '2023-04-22 17:00:00', '2023-04-29 10:30:00'),
(541, NULL, 18, '2023-04-29 17:00:00', '2023-05-06 10:30:00'),
(542, NULL, 19, '2023-05-06 17:00:00', '2023-05-13 10:30:00'),
(543, NULL, 20, '2023-05-13 17:00:00', '2023-05-20 10:30:00'),
(544, NULL, 21, '2023-05-20 17:00:00', '2023-05-27 10:30:00'),
(545, NULL, 22, '2023-05-27 17:00:00', '2023-06-03 10:30:00'),
(546, NULL, 23, '2023-06-03 17:00:00', '2023-06-10 10:30:00'),
(547, NULL, 24, '2023-06-10 17:00:00', '2023-06-17 10:30:00'),
(548, NULL, 25, '2023-06-17 17:00:00', '2023-06-24 10:30:00'),
(549, NULL, 26, '2023-06-24 17:00:00', '2023-07-01 10:30:00'),
(550, NULL, 27, '2023-07-01 17:00:00', '2023-07-08 10:30:00'),
(551, NULL, 28, '2023-07-08 17:00:00', '2023-07-15 10:30:00'),
(552, NULL, 29, '2023-07-15 17:00:00', '2023-07-22 10:30:00'),
(553, NULL, 30, '2023-07-22 17:00:00', '2023-07-29 10:30:00'),
(554, NULL, 31, '2023-07-29 17:00:00', '2023-08-05 10:30:00'),
(555, NULL, 32, '2023-08-05 17:00:00', '2023-08-12 10:30:00'),
(556, NULL, 33, '2023-08-12 17:00:00', '2023-08-19 10:30:00'),
(557, NULL, 34, '2023-08-19 17:00:00', '2023-08-26 10:30:00'),
(558, NULL, 35, '2023-08-26 17:00:00', '2023-09-02 10:30:00'),
(559, NULL, 36, '2023-09-02 17:00:00', '2023-09-09 10:30:00'),
(560, NULL, 37, '2023-09-09 17:00:00', '2023-09-16 10:30:00'),
(561, NULL, 38, '2023-09-16 17:00:00', '2023-09-23 10:30:00'),
(562, NULL, 39, '2023-09-23 17:00:00', '2023-09-30 10:30:00'),
(563, NULL, 40, '2023-09-30 17:00:00', '2023-10-07 10:30:00'),
(564, NULL, 41, '2023-10-07 17:00:00', '2023-10-14 10:30:00'),
(565, NULL, 42, '2023-10-14 17:00:00', '2023-10-21 10:30:00'),
(566, NULL, 43, '2023-10-21 17:00:00', '2023-10-28 10:30:00'),
(567, NULL, 44, '2023-10-28 17:00:00', '2023-11-04 10:30:00'),
(568, NULL, 45, '2023-11-04 17:00:00', '2023-11-11 10:30:00'),
(569, NULL, 46, '2023-11-11 17:00:00', '2023-11-18 10:30:00'),
(570, NULL, 47, '2023-11-18 17:00:00', '2023-11-25 10:30:00'),
(571, NULL, 48, '2023-11-25 17:00:00', '2023-12-02 10:30:00'),
(572, NULL, 49, '2023-12-02 17:00:00', '2023-12-09 10:30:00'),
(573, NULL, 50, '2023-12-09 17:00:00', '2023-12-16 10:30:00'),
(574, NULL, 51, '2023-12-16 17:00:00', '2023-12-23 10:30:00'),
(575, NULL, 52, '2023-12-23 17:00:00', '2023-12-30 10:30:00'),
(576, NULL, 1, '2023-12-30 17:00:00', '2024-01-06 10:30:00'),
(577, NULL, 2, '2024-01-06 17:00:00', '2024-01-13 10:30:00'),
(578, NULL, 3, '2024-01-13 17:00:00', '2024-01-20 10:30:00'),
(579, NULL, 4, '2024-01-20 17:00:00', '2024-01-27 10:30:00'),
(580, NULL, 5, '2024-01-27 17:00:00', '2024-02-03 10:30:00'),
(581, NULL, 6, '2024-02-03 17:00:00', '2024-02-10 10:30:00'),
(582, NULL, 7, '2024-02-10 17:00:00', '2024-02-17 10:30:00'),
(583, NULL, 8, '2024-02-17 17:00:00', '2024-02-24 10:30:00'),
(584, NULL, 9, '2024-02-24 17:00:00', '2024-03-02 10:30:00'),
(585, NULL, 10, '2024-03-02 17:00:00', '2024-03-09 10:30:00'),
(586, NULL, 11, '2024-03-09 17:00:00', '2024-03-16 10:30:00'),
(587, NULL, 12, '2024-03-16 17:00:00', '2024-03-23 10:30:00'),
(588, NULL, 13, '2024-03-23 17:00:00', '2024-03-30 10:30:00'),
(589, NULL, 14, '2024-03-30 17:00:00', '2024-04-06 10:30:00'),
(590, NULL, 15, '2024-04-06 17:00:00', '2024-04-13 10:30:00'),
(591, NULL, 16, '2024-04-13 17:00:00', '2024-04-20 10:30:00'),
(592, NULL, 17, '2024-04-20 17:00:00', '2024-04-27 10:30:00'),
(593, NULL, 18, '2024-04-27 17:00:00', '2024-05-04 10:30:00'),
(594, NULL, 19, '2024-05-04 17:00:00', '2024-05-11 10:30:00'),
(595, NULL, 20, '2024-05-11 17:00:00', '2024-05-18 10:30:00'),
(596, NULL, 21, '2024-05-18 17:00:00', '2024-05-25 10:30:00'),
(597, NULL, 22, '2024-05-25 17:00:00', '2024-06-01 10:30:00'),
(598, NULL, 23, '2024-06-01 17:00:00', '2024-06-08 10:30:00'),
(599, NULL, 24, '2024-06-08 17:00:00', '2024-06-15 10:30:00'),
(600, NULL, 25, '2024-06-15 17:00:00', '2024-06-22 10:30:00'),
(601, NULL, 26, '2024-06-22 17:00:00', '2024-06-29 10:30:00'),
(602, NULL, 27, '2024-06-29 17:00:00', '2024-07-06 10:30:00'),
(603, NULL, 28, '2024-07-06 17:00:00', '2024-07-13 10:30:00'),
(604, NULL, 29, '2024-07-13 17:00:00', '2024-07-20 10:30:00'),
(605, NULL, 30, '2024-07-20 17:00:00', '2024-07-27 10:30:00'),
(606, NULL, 31, '2024-07-27 17:00:00', '2024-08-03 10:30:00'),
(607, NULL, 32, '2024-08-03 17:00:00', '2024-08-10 10:30:00'),
(608, NULL, 33, '2024-08-10 17:00:00', '2024-08-17 10:30:00'),
(609, NULL, 34, '2024-08-17 17:00:00', '2024-08-24 10:30:00'),
(610, NULL, 35, '2024-08-24 17:00:00', '2024-08-31 10:30:00'),
(611, NULL, 36, '2024-08-31 17:00:00', '2024-09-07 10:30:00'),
(612, NULL, 37, '2024-09-07 17:00:00', '2024-09-14 10:30:00'),
(613, NULL, 38, '2024-09-14 17:00:00', '2024-09-21 10:30:00'),
(614, NULL, 39, '2024-09-21 17:00:00', '2024-09-28 10:30:00'),
(615, NULL, 40, '2024-09-28 17:00:00', '2024-10-05 10:30:00'),
(616, NULL, 41, '2024-10-05 17:00:00', '2024-10-12 10:30:00'),
(617, NULL, 42, '2024-10-12 17:00:00', '2024-10-19 10:30:00'),
(618, NULL, 43, '2024-10-19 17:00:00', '2024-10-26 10:30:00'),
(619, NULL, 44, '2024-10-26 17:00:00', '2024-11-02 10:30:00'),
(620, NULL, 45, '2024-11-02 17:00:00', '2024-11-09 10:30:00'),
(621, NULL, 46, '2024-11-09 17:00:00', '2024-11-16 10:30:00'),
(622, NULL, 47, '2024-11-16 17:00:00', '2024-11-23 10:30:00'),
(623, NULL, 48, '2024-11-23 17:00:00', '2024-11-30 10:30:00'),
(624, NULL, 49, '2024-11-30 17:00:00', '2024-12-07 10:30:00'),
(625, NULL, 50, '2024-12-07 17:00:00', '2024-12-14 10:30:00'),
(626, NULL, 51, '2024-12-14 17:00:00', '2024-12-21 10:30:00'),
(627, NULL, 52, '2024-12-21 17:00:00', '2024-12-28 10:30:00'),
(628, NULL, 1, '2024-12-28 17:00:00', '2025-01-04 10:30:00'),
(629, NULL, 2, '2025-01-04 17:00:00', '2025-01-11 10:30:00'),
(630, NULL, 3, '2025-01-11 17:00:00', '2025-01-18 10:30:00'),
(631, NULL, 4, '2025-01-18 17:00:00', '2025-01-25 10:30:00'),
(632, NULL, 5, '2025-01-25 17:00:00', '2025-02-01 10:30:00'),
(633, NULL, 6, '2025-02-01 17:00:00', '2025-02-08 10:30:00'),
(634, NULL, 7, '2025-02-08 17:00:00', '2025-02-15 10:30:00'),
(635, NULL, 8, '2025-02-15 17:00:00', '2025-02-22 10:30:00'),
(636, NULL, 9, '2025-02-22 17:00:00', '2025-03-01 10:30:00'),
(637, NULL, 10, '2025-03-01 17:00:00', '2025-03-08 10:30:00'),
(638, NULL, 11, '2025-03-08 17:00:00', '2025-03-15 10:30:00'),
(639, NULL, 12, '2025-03-15 17:00:00', '2025-03-22 10:30:00'),
(640, NULL, 13, '2025-03-22 17:00:00', '2025-03-29 10:30:00'),
(641, NULL, 14, '2025-03-29 17:00:00', '2025-04-05 10:30:00'),
(642, NULL, 15, '2025-04-05 17:00:00', '2025-04-12 10:30:00'),
(643, NULL, 16, '2025-04-12 17:00:00', '2025-04-19 10:30:00'),
(644, NULL, 17, '2025-04-19 17:00:00', '2025-04-26 10:30:00'),
(645, NULL, 18, '2025-04-26 17:00:00', '2025-05-03 10:30:00'),
(646, NULL, 19, '2025-05-03 17:00:00', '2025-05-10 10:30:00'),
(647, NULL, 20, '2025-05-10 17:00:00', '2025-05-17 10:30:00'),
(648, NULL, 21, '2025-05-17 17:00:00', '2025-05-24 10:30:00'),
(649, NULL, 22, '2025-05-24 17:00:00', '2025-05-31 10:30:00'),
(650, NULL, 23, '2025-05-31 17:00:00', '2025-06-07 10:30:00'),
(651, NULL, 24, '2025-06-07 17:00:00', '2025-06-14 10:30:00'),
(652, NULL, 25, '2025-06-14 17:00:00', '2025-06-21 10:30:00'),
(653, NULL, 26, '2025-06-21 17:00:00', '2025-06-28 10:30:00'),
(654, NULL, 27, '2025-06-28 17:00:00', '2025-07-05 10:30:00'),
(655, NULL, 28, '2025-07-05 17:00:00', '2025-07-12 10:30:00'),
(656, NULL, 29, '2025-07-12 17:00:00', '2025-07-19 10:30:00'),
(657, NULL, 30, '2025-07-19 17:00:00', '2025-07-26 10:30:00'),
(658, NULL, 31, '2025-07-26 17:00:00', '2025-08-02 10:30:00'),
(659, NULL, 32, '2025-08-02 17:00:00', '2025-08-09 10:30:00'),
(660, NULL, 33, '2025-08-09 17:00:00', '2025-08-16 10:30:00'),
(661, NULL, 34, '2025-08-16 17:00:00', '2025-08-23 10:30:00'),
(662, NULL, 35, '2025-08-23 17:00:00', '2025-08-30 10:30:00'),
(663, NULL, 36, '2025-08-30 17:00:00', '2025-09-06 10:30:00'),
(664, NULL, 37, '2025-09-06 17:00:00', '2025-09-13 10:30:00'),
(665, NULL, 38, '2025-09-13 17:00:00', '2025-09-20 10:30:00'),
(666, NULL, 39, '2025-09-20 17:00:00', '2025-09-27 10:30:00'),
(667, NULL, 40, '2025-09-27 17:00:00', '2025-10-04 10:30:00'),
(668, NULL, 41, '2025-10-04 17:00:00', '2025-10-11 10:30:00'),
(669, NULL, 42, '2025-10-11 17:00:00', '2025-10-18 10:30:00'),
(670, NULL, 43, '2025-10-18 17:00:00', '2025-10-25 10:30:00'),
(671, NULL, 44, '2025-10-25 17:00:00', '2025-11-01 10:30:00'),
(672, NULL, 45, '2025-11-01 17:00:00', '2025-11-08 10:30:00'),
(673, NULL, 46, '2025-11-08 17:00:00', '2025-11-15 10:30:00'),
(674, NULL, 47, '2025-11-15 17:00:00', '2025-11-22 10:30:00'),
(675, NULL, 48, '2025-11-22 17:00:00', '2025-11-29 10:30:00'),
(676, NULL, 49, '2025-11-29 17:00:00', '2025-12-06 10:30:00'),
(677, NULL, 50, '2025-12-06 17:00:00', '2025-12-13 10:30:00'),
(678, NULL, 51, '2025-12-13 17:00:00', '2025-12-20 10:30:00'),
(679, NULL, 52, '2025-12-20 17:00:00', '2025-12-27 10:30:00'),
(680, NULL, 1, '2025-12-27 17:00:00', '2026-01-03 10:30:00'),
(681, NULL, 2, '2026-01-03 17:00:00', '2026-01-10 10:30:00'),
(682, NULL, 3, '2026-01-10 17:00:00', '2026-01-17 10:30:00'),
(683, NULL, 4, '2026-01-17 17:00:00', '2026-01-24 10:30:00'),
(684, NULL, 5, '2026-01-24 17:00:00', '2026-01-31 10:30:00'),
(685, NULL, 6, '2026-01-31 17:00:00', '2026-02-07 10:30:00'),
(686, NULL, 7, '2026-02-07 17:00:00', '2026-02-14 10:30:00'),
(687, NULL, 8, '2026-02-14 17:00:00', '2026-02-21 10:30:00'),
(688, NULL, 9, '2026-02-21 17:00:00', '2026-02-28 10:30:00'),
(689, NULL, 10, '2026-02-28 17:00:00', '2026-03-07 10:30:00'),
(690, NULL, 11, '2026-03-07 17:00:00', '2026-03-14 10:30:00'),
(691, NULL, 12, '2026-03-14 17:00:00', '2026-03-21 10:30:00'),
(692, NULL, 13, '2026-03-21 17:00:00', '2026-03-28 10:30:00'),
(693, NULL, 14, '2026-03-28 17:00:00', '2026-04-04 10:30:00'),
(694, NULL, 15, '2026-04-04 17:00:00', '2026-04-11 10:30:00'),
(695, NULL, 16, '2026-04-11 17:00:00', '2026-04-18 10:30:00'),
(696, NULL, 17, '2026-04-18 17:00:00', '2026-04-25 10:30:00'),
(697, NULL, 18, '2026-04-25 17:00:00', '2026-05-02 10:30:00'),
(698, NULL, 19, '2026-05-02 17:00:00', '2026-05-09 10:30:00'),
(699, NULL, 20, '2026-05-09 17:00:00', '2026-05-16 10:30:00'),
(700, NULL, 21, '2026-05-16 17:00:00', '2026-05-23 10:30:00'),
(701, NULL, 22, '2026-05-23 17:00:00', '2026-05-30 10:30:00'),
(702, NULL, 23, '2026-05-30 17:00:00', '2026-06-06 10:30:00'),
(703, NULL, 24, '2026-06-06 17:00:00', '2026-06-13 10:30:00'),
(704, NULL, 25, '2026-06-13 17:00:00', '2026-06-20 10:30:00'),
(705, NULL, 26, '2026-06-20 17:00:00', '2026-06-27 10:30:00'),
(706, NULL, 27, '2026-06-27 17:00:00', '2026-07-04 10:30:00'),
(707, NULL, 28, '2026-07-04 17:00:00', '2026-07-11 10:30:00'),
(708, NULL, 29, '2026-07-11 17:00:00', '2026-07-18 10:30:00'),
(709, NULL, 30, '2026-07-18 17:00:00', '2026-07-25 10:30:00'),
(710, NULL, 31, '2026-07-25 17:00:00', '2026-08-01 10:30:00'),
(711, NULL, 32, '2026-08-01 17:00:00', '2026-08-08 10:30:00'),
(712, NULL, 33, '2026-08-08 17:00:00', '2026-08-15 10:30:00'),
(713, NULL, 34, '2026-08-15 17:00:00', '2026-08-22 10:30:00'),
(714, NULL, 35, '2026-08-22 17:00:00', '2026-08-29 10:30:00'),
(715, NULL, 36, '2026-08-29 17:00:00', '2026-09-05 10:30:00'),
(716, NULL, 37, '2026-09-05 17:00:00', '2026-09-12 10:30:00'),
(717, NULL, 38, '2026-09-12 17:00:00', '2026-09-19 10:30:00'),
(718, NULL, 39, '2026-09-19 17:00:00', '2026-09-26 10:30:00'),
(719, NULL, 40, '2026-09-26 17:00:00', '2026-10-03 10:30:00'),
(720, NULL, 41, '2026-10-03 17:00:00', '2026-10-10 10:30:00'),
(721, NULL, 42, '2026-10-10 17:00:00', '2026-10-17 10:30:00'),
(722, NULL, 43, '2026-10-17 17:00:00', '2026-10-24 10:30:00'),
(723, NULL, 44, '2026-10-24 17:00:00', '2026-10-31 10:30:00'),
(724, NULL, 45, '2026-10-31 17:00:00', '2026-11-07 10:30:00'),
(725, NULL, 46, '2026-11-07 17:00:00', '2026-11-14 10:30:00'),
(726, NULL, 47, '2026-11-14 17:00:00', '2026-11-21 10:30:00'),
(727, NULL, 48, '2026-11-21 17:00:00', '2026-11-28 10:30:00'),
(728, NULL, 49, '2026-11-28 17:00:00', '2026-12-05 10:30:00'),
(729, NULL, 50, '2026-12-05 17:00:00', '2026-12-12 10:30:00'),
(730, NULL, 51, '2026-12-12 17:00:00', '2026-12-19 10:30:00'),
(731, NULL, 52, '2026-12-19 17:00:00', '2026-12-26 10:30:00'),
(732, NULL, 53, '2026-12-26 17:00:00', '2027-01-02 10:30:00'),
(733, NULL, 1, '2027-01-02 17:00:00', '2027-01-09 10:30:00'),
(734, NULL, 2, '2027-01-09 17:00:00', '2027-01-16 10:30:00'),
(735, NULL, 3, '2027-01-16 17:00:00', '2027-01-23 10:30:00'),
(736, NULL, 4, '2027-01-23 17:00:00', '2027-01-30 10:30:00'),
(737, NULL, 5, '2027-01-30 17:00:00', '2027-02-06 10:30:00'),
(738, NULL, 6, '2027-02-06 17:00:00', '2027-02-13 10:30:00'),
(739, NULL, 7, '2027-02-13 17:00:00', '2027-02-20 10:30:00'),
(740, NULL, 8, '2027-02-20 17:00:00', '2027-02-27 10:30:00'),
(741, NULL, 9, '2027-02-27 17:00:00', '2027-03-06 10:30:00'),
(742, NULL, 10, '2027-03-06 17:00:00', '2027-03-13 10:30:00'),
(743, NULL, 11, '2027-03-13 17:00:00', '2027-03-20 10:30:00'),
(744, NULL, 12, '2027-03-20 17:00:00', '2027-03-27 10:30:00'),
(745, NULL, 13, '2027-03-27 17:00:00', '2027-04-03 10:30:00'),
(746, NULL, 14, '2027-04-03 17:00:00', '2027-04-10 10:30:00'),
(747, NULL, 15, '2027-04-10 17:00:00', '2027-04-17 10:30:00'),
(748, NULL, 16, '2027-04-17 17:00:00', '2027-04-24 10:30:00'),
(749, NULL, 17, '2027-04-24 17:00:00', '2027-05-01 10:30:00'),
(750, NULL, 18, '2027-05-01 17:00:00', '2027-05-08 10:30:00'),
(751, NULL, 19, '2027-05-08 17:00:00', '2027-05-15 10:30:00'),
(752, NULL, 20, '2027-05-15 17:00:00', '2027-05-22 10:30:00'),
(753, NULL, 21, '2027-05-22 17:00:00', '2027-05-29 10:30:00'),
(754, NULL, 22, '2027-05-29 17:00:00', '2027-06-05 10:30:00'),
(755, NULL, 23, '2027-06-05 17:00:00', '2027-06-12 10:30:00'),
(756, NULL, 24, '2027-06-12 17:00:00', '2027-06-19 10:30:00'),
(757, NULL, 25, '2027-06-19 17:00:00', '2027-06-26 10:30:00'),
(758, NULL, 26, '2027-06-26 17:00:00', '2027-07-03 10:30:00'),
(759, NULL, 27, '2027-07-03 17:00:00', '2027-07-10 10:30:00'),
(760, NULL, 28, '2027-07-10 17:00:00', '2027-07-17 10:30:00'),
(761, NULL, 29, '2027-07-17 17:00:00', '2027-07-24 10:30:00'),
(762, NULL, 30, '2027-07-24 17:00:00', '2027-07-31 10:30:00'),
(763, NULL, 31, '2027-07-31 17:00:00', '2027-08-07 10:30:00'),
(764, NULL, 32, '2027-08-07 17:00:00', '2027-08-14 10:30:00'),
(765, NULL, 33, '2027-08-14 17:00:00', '2027-08-21 10:30:00'),
(766, NULL, 34, '2027-08-21 17:00:00', '2027-08-28 10:30:00'),
(767, NULL, 35, '2027-08-28 17:00:00', '2027-09-04 10:30:00'),
(768, NULL, 36, '2027-09-04 17:00:00', '2027-09-11 10:30:00'),
(769, NULL, 37, '2027-09-11 17:00:00', '2027-09-18 10:30:00'),
(770, NULL, 38, '2027-09-18 17:00:00', '2027-09-25 10:30:00'),
(771, NULL, 39, '2027-09-25 17:00:00', '2027-10-02 10:30:00'),
(772, NULL, 40, '2027-10-02 17:00:00', '2027-10-09 10:30:00'),
(773, NULL, 41, '2027-10-09 17:00:00', '2027-10-16 10:30:00'),
(774, NULL, 42, '2027-10-16 17:00:00', '2027-10-23 10:30:00'),
(775, NULL, 43, '2027-10-23 17:00:00', '2027-10-30 10:30:00'),
(776, NULL, 44, '2027-10-30 17:00:00', '2027-11-06 10:30:00'),
(777, NULL, 45, '2027-11-06 17:00:00', '2027-11-13 10:30:00'),
(778, NULL, 46, '2027-11-13 17:00:00', '2027-11-20 10:30:00'),
(779, NULL, 47, '2027-11-20 17:00:00', '2027-11-27 10:30:00'),
(780, NULL, 48, '2027-11-27 17:00:00', '2027-12-04 10:30:00'),
(781, NULL, 49, '2027-12-04 17:00:00', '2027-12-11 10:30:00'),
(782, NULL, 50, '2027-12-11 17:00:00', '2027-12-18 10:30:00'),
(783, NULL, 51, '2027-12-18 17:00:00', '2027-12-25 10:30:00'),
(784, NULL, 52, '2027-12-25 17:00:00', '2028-01-01 10:30:00'),
(785, NULL, 1, '2028-01-01 17:00:00', '2028-01-08 10:30:00'),
(786, NULL, 2, '2028-01-08 17:00:00', '2028-01-15 10:30:00'),
(787, NULL, 3, '2028-01-15 17:00:00', '2028-01-22 10:30:00'),
(788, NULL, 4, '2028-01-22 17:00:00', '2028-01-29 10:30:00'),
(789, NULL, 5, '2028-01-29 17:00:00', '2028-02-05 10:30:00'),
(790, NULL, 6, '2028-02-05 17:00:00', '2028-02-12 10:30:00'),
(791, NULL, 7, '2028-02-12 17:00:00', '2028-02-19 10:30:00'),
(792, NULL, 8, '2028-02-19 17:00:00', '2028-02-26 10:30:00'),
(793, NULL, 9, '2028-02-26 17:00:00', '2028-03-04 10:30:00'),
(794, NULL, 10, '2028-03-04 17:00:00', '2028-03-11 10:30:00'),
(795, NULL, 11, '2028-03-11 17:00:00', '2028-03-18 10:30:00'),
(796, NULL, 12, '2028-03-18 17:00:00', '2028-03-25 10:30:00'),
(797, NULL, 13, '2028-03-25 17:00:00', '2028-04-01 10:30:00'),
(798, NULL, 14, '2028-04-01 17:00:00', '2028-04-08 10:30:00'),
(799, NULL, 15, '2028-04-08 17:00:00', '2028-04-15 10:30:00'),
(800, NULL, 16, '2028-04-15 17:00:00', '2028-04-22 10:30:00'),
(801, NULL, 17, '2028-04-22 17:00:00', '2028-04-29 10:30:00'),
(802, NULL, 18, '2028-04-29 17:00:00', '2028-05-06 10:30:00'),
(803, NULL, 19, '2028-05-06 17:00:00', '2028-05-13 10:30:00'),
(804, NULL, 20, '2028-05-13 17:00:00', '2028-05-20 10:30:00'),
(805, NULL, 21, '2028-05-20 17:00:00', '2028-05-27 10:30:00'),
(806, NULL, 22, '2028-05-27 17:00:00', '2028-06-03 10:30:00'),
(807, NULL, 23, '2028-06-03 17:00:00', '2028-06-10 10:30:00'),
(808, NULL, 24, '2028-06-10 17:00:00', '2028-06-17 10:30:00'),
(809, NULL, 25, '2028-06-17 17:00:00', '2028-06-24 10:30:00'),
(810, NULL, 26, '2028-06-24 17:00:00', '2028-07-01 10:30:00'),
(811, NULL, 27, '2028-07-01 17:00:00', '2028-07-08 10:30:00'),
(812, NULL, 28, '2028-07-08 17:00:00', '2028-07-15 10:30:00'),
(813, NULL, 29, '2028-07-15 17:00:00', '2028-07-22 10:30:00'),
(814, NULL, 30, '2028-07-22 17:00:00', '2028-07-29 10:30:00'),
(815, NULL, 31, '2028-07-29 17:00:00', '2028-08-05 10:30:00'),
(816, NULL, 32, '2028-08-05 17:00:00', '2028-08-12 10:30:00'),
(817, NULL, 33, '2028-08-12 17:00:00', '2028-08-19 10:30:00'),
(818, NULL, 34, '2028-08-19 17:00:00', '2028-08-26 10:30:00'),
(819, NULL, 35, '2028-08-26 17:00:00', '2028-09-02 10:30:00'),
(820, NULL, 36, '2028-09-02 17:00:00', '2028-09-09 10:30:00'),
(821, NULL, 37, '2028-09-09 17:00:00', '2028-09-16 10:30:00'),
(822, NULL, 38, '2028-09-16 17:00:00', '2028-09-23 10:30:00'),
(823, NULL, 39, '2028-09-23 17:00:00', '2028-09-30 10:30:00'),
(824, NULL, 40, '2028-09-30 17:00:00', '2028-10-07 10:30:00'),
(825, NULL, 41, '2028-10-07 17:00:00', '2028-10-14 10:30:00'),
(826, NULL, 42, '2028-10-14 17:00:00', '2028-10-21 10:30:00'),
(827, NULL, 43, '2028-10-21 17:00:00', '2028-10-28 10:30:00'),
(828, NULL, 44, '2028-10-28 17:00:00', '2028-11-04 10:30:00'),
(829, NULL, 45, '2028-11-04 17:00:00', '2028-11-11 10:30:00');
INSERT INTO `season_week` (`id`, `type_id`, `number`, `date_begining`, `date_ending`) VALUES
(830, NULL, 46, '2028-11-11 17:00:00', '2028-11-18 10:30:00'),
(831, NULL, 47, '2028-11-18 17:00:00', '2028-11-25 10:30:00'),
(832, NULL, 48, '2028-11-25 17:00:00', '2028-12-02 10:30:00'),
(833, NULL, 49, '2028-12-02 17:00:00', '2028-12-09 10:30:00'),
(834, NULL, 50, '2028-12-09 17:00:00', '2028-12-16 10:30:00'),
(835, NULL, 51, '2028-12-16 17:00:00', '2028-12-23 10:30:00'),
(836, NULL, 52, '2028-12-23 17:00:00', '2028-12-30 10:30:00'),
(837, NULL, 1, '2028-12-30 17:00:00', '2029-01-06 10:30:00'),
(838, NULL, 2, '2029-01-06 17:00:00', '2029-01-13 10:30:00'),
(839, NULL, 3, '2029-01-13 17:00:00', '2029-01-20 10:30:00'),
(840, NULL, 4, '2029-01-20 17:00:00', '2029-01-27 10:30:00'),
(841, NULL, 5, '2029-01-27 17:00:00', '2029-02-03 10:30:00'),
(842, NULL, 6, '2029-02-03 17:00:00', '2029-02-10 10:30:00'),
(843, NULL, 7, '2029-02-10 17:00:00', '2029-02-17 10:30:00'),
(844, NULL, 8, '2029-02-17 17:00:00', '2029-02-24 10:30:00'),
(845, NULL, 9, '2029-02-24 17:00:00', '2029-03-03 10:30:00'),
(846, NULL, 10, '2029-03-03 17:00:00', '2029-03-10 10:30:00'),
(847, NULL, 11, '2029-03-10 17:00:00', '2029-03-17 10:30:00'),
(848, NULL, 12, '2029-03-17 17:00:00', '2029-03-24 10:30:00'),
(849, NULL, 13, '2029-03-24 17:00:00', '2029-03-31 10:30:00'),
(850, NULL, 14, '2029-03-31 17:00:00', '2029-04-07 10:30:00'),
(851, NULL, 15, '2029-04-07 17:00:00', '2029-04-14 10:30:00'),
(852, NULL, 16, '2029-04-14 17:00:00', '2029-04-21 10:30:00'),
(853, NULL, 17, '2029-04-21 17:00:00', '2029-04-28 10:30:00'),
(854, NULL, 18, '2029-04-28 17:00:00', '2029-05-05 10:30:00'),
(855, NULL, 19, '2029-05-05 17:00:00', '2029-05-12 10:30:00'),
(856, NULL, 20, '2029-05-12 17:00:00', '2029-05-19 10:30:00'),
(857, NULL, 21, '2029-05-19 17:00:00', '2029-05-26 10:30:00'),
(858, NULL, 22, '2029-05-26 17:00:00', '2029-06-02 10:30:00'),
(859, NULL, 23, '2029-06-02 17:00:00', '2029-06-09 10:30:00'),
(860, NULL, 24, '2029-06-09 17:00:00', '2029-06-16 10:30:00'),
(861, NULL, 25, '2029-06-16 17:00:00', '2029-06-23 10:30:00'),
(862, NULL, 26, '2029-06-23 17:00:00', '2029-06-30 10:30:00'),
(863, NULL, 27, '2029-06-30 17:00:00', '2029-07-07 10:30:00'),
(864, NULL, 28, '2029-07-07 17:00:00', '2029-07-14 10:30:00'),
(865, NULL, 29, '2029-07-14 17:00:00', '2029-07-21 10:30:00'),
(866, NULL, 30, '2029-07-21 17:00:00', '2029-07-28 10:30:00'),
(867, NULL, 31, '2029-07-28 17:00:00', '2029-08-04 10:30:00'),
(868, NULL, 32, '2029-08-04 17:00:00', '2029-08-11 10:30:00'),
(869, NULL, 33, '2029-08-11 17:00:00', '2029-08-18 10:30:00'),
(870, NULL, 34, '2029-08-18 17:00:00', '2029-08-25 10:30:00'),
(871, NULL, 35, '2029-08-25 17:00:00', '2029-09-01 10:30:00'),
(872, NULL, 36, '2029-09-01 17:00:00', '2029-09-08 10:30:00'),
(873, NULL, 37, '2029-09-08 17:00:00', '2029-09-15 10:30:00'),
(874, NULL, 38, '2029-09-15 17:00:00', '2029-09-22 10:30:00'),
(875, NULL, 39, '2029-09-22 17:00:00', '2029-09-29 10:30:00'),
(876, NULL, 40, '2029-09-29 17:00:00', '2029-10-06 10:30:00'),
(877, NULL, 41, '2029-10-06 17:00:00', '2029-10-13 10:30:00'),
(878, NULL, 42, '2029-10-13 17:00:00', '2029-10-20 10:30:00'),
(879, NULL, 43, '2029-10-20 17:00:00', '2029-10-27 10:30:00'),
(880, NULL, 44, '2029-10-27 17:00:00', '2029-11-03 10:30:00'),
(881, NULL, 45, '2029-11-03 17:00:00', '2029-11-10 10:30:00'),
(882, NULL, 46, '2029-11-10 17:00:00', '2029-11-17 10:30:00'),
(883, NULL, 47, '2029-11-17 17:00:00', '2029-11-24 10:30:00'),
(884, NULL, 48, '2029-11-24 17:00:00', '2029-12-01 10:30:00'),
(885, NULL, 49, '2029-12-01 17:00:00', '2029-12-08 10:30:00'),
(886, NULL, 50, '2029-12-08 17:00:00', '2029-12-15 10:30:00'),
(887, NULL, 51, '2029-12-15 17:00:00', '2029-12-22 10:30:00'),
(888, NULL, 52, '2029-12-22 17:00:00', '2029-12-29 10:30:00'),
(889, NULL, 1, '2029-12-29 17:00:00', '2030-01-05 10:30:00'),
(890, NULL, 2, '2030-01-05 17:00:00', '2030-01-12 10:30:00'),
(891, NULL, 3, '2030-01-12 17:00:00', '2030-01-19 10:30:00'),
(892, NULL, 4, '2030-01-19 17:00:00', '2030-01-26 10:30:00'),
(893, NULL, 5, '2030-01-26 17:00:00', '2030-02-02 10:30:00'),
(894, NULL, 6, '2030-02-02 17:00:00', '2030-02-09 10:30:00'),
(895, NULL, 7, '2030-02-09 17:00:00', '2030-02-16 10:30:00'),
(896, NULL, 8, '2030-02-16 17:00:00', '2030-02-23 10:30:00'),
(897, NULL, 9, '2030-02-23 17:00:00', '2030-03-02 10:30:00'),
(898, NULL, 10, '2030-03-02 17:00:00', '2030-03-09 10:30:00'),
(899, NULL, 11, '2030-03-09 17:00:00', '2030-03-16 10:30:00'),
(900, NULL, 12, '2030-03-16 17:00:00', '2030-03-23 10:30:00'),
(901, NULL, 13, '2030-03-23 17:00:00', '2030-03-30 10:30:00'),
(902, NULL, 14, '2030-03-30 17:00:00', '2030-04-06 10:30:00'),
(903, NULL, 15, '2030-04-06 17:00:00', '2030-04-13 10:30:00'),
(904, NULL, 16, '2030-04-13 17:00:00', '2030-04-20 10:30:00'),
(905, NULL, 17, '2030-04-20 17:00:00', '2030-04-27 10:30:00'),
(906, NULL, 18, '2030-04-27 17:00:00', '2030-05-04 10:30:00'),
(907, NULL, 19, '2030-05-04 17:00:00', '2030-05-11 10:30:00'),
(908, NULL, 20, '2030-05-11 17:00:00', '2030-05-18 10:30:00'),
(909, NULL, 21, '2030-05-18 17:00:00', '2030-05-25 10:30:00'),
(910, NULL, 22, '2030-05-25 17:00:00', '2030-06-01 10:30:00'),
(911, NULL, 23, '2030-06-01 17:00:00', '2030-06-08 10:30:00'),
(912, NULL, 24, '2030-06-08 17:00:00', '2030-06-15 10:30:00'),
(913, NULL, 25, '2030-06-15 17:00:00', '2030-06-22 10:30:00'),
(914, NULL, 26, '2030-06-22 17:00:00', '2030-06-29 10:30:00'),
(915, NULL, 27, '2030-06-29 17:00:00', '2030-07-06 10:30:00'),
(916, NULL, 28, '2030-07-06 17:00:00', '2030-07-13 10:30:00'),
(917, NULL, 29, '2030-07-13 17:00:00', '2030-07-20 10:30:00'),
(918, NULL, 30, '2030-07-20 17:00:00', '2030-07-27 10:30:00'),
(919, NULL, 31, '2030-07-27 17:00:00', '2030-08-03 10:30:00'),
(920, NULL, 32, '2030-08-03 17:00:00', '2030-08-10 10:30:00'),
(921, NULL, 33, '2030-08-10 17:00:00', '2030-08-17 10:30:00'),
(922, NULL, 34, '2030-08-17 17:00:00', '2030-08-24 10:30:00'),
(923, NULL, 35, '2030-08-24 17:00:00', '2030-08-31 10:30:00'),
(924, NULL, 36, '2030-08-31 17:00:00', '2030-09-07 10:30:00'),
(925, NULL, 37, '2030-09-07 17:00:00', '2030-09-14 10:30:00'),
(926, NULL, 38, '2030-09-14 17:00:00', '2030-09-21 10:30:00'),
(927, NULL, 39, '2030-09-21 17:00:00', '2030-09-28 10:30:00'),
(928, NULL, 40, '2030-09-28 17:00:00', '2030-10-05 10:30:00'),
(929, NULL, 41, '2030-10-05 17:00:00', '2030-10-12 10:30:00'),
(930, NULL, 42, '2030-10-12 17:00:00', '2030-10-19 10:30:00'),
(931, NULL, 43, '2030-10-19 17:00:00', '2030-10-26 10:30:00'),
(932, NULL, 44, '2030-10-26 17:00:00', '2030-11-02 10:30:00'),
(933, NULL, 45, '2030-11-02 17:00:00', '2030-11-09 10:30:00'),
(934, NULL, 46, '2030-11-09 17:00:00', '2030-11-16 10:30:00'),
(935, NULL, 47, '2030-11-16 17:00:00', '2030-11-23 10:30:00'),
(936, NULL, 48, '2030-11-23 17:00:00', '2030-11-30 10:30:00'),
(937, NULL, 49, '2030-11-30 17:00:00', '2030-12-07 10:30:00'),
(938, NULL, 50, '2030-12-07 17:00:00', '2030-12-14 10:30:00'),
(939, NULL, 51, '2030-12-14 17:00:00', '2030-12-21 10:30:00'),
(940, NULL, 52, '2030-12-21 17:00:00', '2030-12-28 10:30:00'),
(941, NULL, 1, '2030-12-28 17:00:00', '2031-01-04 10:30:00'),
(942, NULL, 2, '2031-01-04 17:00:00', '2031-01-11 10:30:00'),
(943, NULL, 3, '2031-01-11 17:00:00', '2031-01-18 10:30:00'),
(944, NULL, 4, '2031-01-18 17:00:00', '2031-01-25 10:30:00'),
(945, NULL, 5, '2031-01-25 17:00:00', '2031-02-01 10:30:00'),
(946, NULL, 6, '2031-02-01 17:00:00', '2031-02-08 10:30:00'),
(947, NULL, 7, '2031-02-08 17:00:00', '2031-02-15 10:30:00'),
(948, NULL, 8, '2031-02-15 17:00:00', '2031-02-22 10:30:00'),
(949, NULL, 9, '2031-02-22 17:00:00', '2031-03-01 10:30:00'),
(950, NULL, 10, '2031-03-01 17:00:00', '2031-03-08 10:30:00'),
(951, NULL, 11, '2031-03-08 17:00:00', '2031-03-15 10:30:00'),
(952, NULL, 12, '2031-03-15 17:00:00', '2031-03-22 10:30:00'),
(953, NULL, 13, '2031-03-22 17:00:00', '2031-03-29 10:30:00'),
(954, NULL, 14, '2031-03-29 17:00:00', '2031-04-05 10:30:00'),
(955, NULL, 15, '2031-04-05 17:00:00', '2031-04-12 10:30:00'),
(956, NULL, 16, '2031-04-12 17:00:00', '2031-04-19 10:30:00'),
(957, NULL, 17, '2031-04-19 17:00:00', '2031-04-26 10:30:00'),
(958, NULL, 18, '2031-04-26 17:00:00', '2031-05-03 10:30:00'),
(959, NULL, 19, '2031-05-03 17:00:00', '2031-05-10 10:30:00'),
(960, NULL, 20, '2031-05-10 17:00:00', '2031-05-17 10:30:00'),
(961, NULL, 21, '2031-05-17 17:00:00', '2031-05-24 10:30:00'),
(962, NULL, 22, '2031-05-24 17:00:00', '2031-05-31 10:30:00'),
(963, NULL, 23, '2031-05-31 17:00:00', '2031-06-07 10:30:00'),
(964, NULL, 24, '2031-06-07 17:00:00', '2031-06-14 10:30:00'),
(965, NULL, 25, '2031-06-14 17:00:00', '2031-06-21 10:30:00'),
(966, NULL, 26, '2031-06-21 17:00:00', '2031-06-28 10:30:00'),
(967, NULL, 27, '2031-06-28 17:00:00', '2031-07-05 10:30:00'),
(968, NULL, 28, '2031-07-05 17:00:00', '2031-07-12 10:30:00'),
(969, NULL, 29, '2031-07-12 17:00:00', '2031-07-19 10:30:00'),
(970, NULL, 30, '2031-07-19 17:00:00', '2031-07-26 10:30:00'),
(971, NULL, 31, '2031-07-26 17:00:00', '2031-08-02 10:30:00'),
(972, NULL, 32, '2031-08-02 17:00:00', '2031-08-09 10:30:00'),
(973, NULL, 33, '2031-08-09 17:00:00', '2031-08-16 10:30:00'),
(974, NULL, 34, '2031-08-16 17:00:00', '2031-08-23 10:30:00'),
(975, NULL, 35, '2031-08-23 17:00:00', '2031-08-30 10:30:00'),
(976, NULL, 36, '2031-08-30 17:00:00', '2031-09-06 10:30:00'),
(977, NULL, 37, '2031-09-06 17:00:00', '2031-09-13 10:30:00'),
(978, NULL, 38, '2031-09-13 17:00:00', '2031-09-20 10:30:00'),
(979, NULL, 39, '2031-09-20 17:00:00', '2031-09-27 10:30:00'),
(980, NULL, 40, '2031-09-27 17:00:00', '2031-10-04 10:30:00'),
(981, NULL, 41, '2031-10-04 17:00:00', '2031-10-11 10:30:00'),
(982, NULL, 42, '2031-10-11 17:00:00', '2031-10-18 10:30:00'),
(983, NULL, 43, '2031-10-18 17:00:00', '2031-10-25 10:30:00'),
(984, NULL, 44, '2031-10-25 17:00:00', '2031-11-01 10:30:00'),
(985, NULL, 45, '2031-11-01 17:00:00', '2031-11-08 10:30:00'),
(986, NULL, 46, '2031-11-08 17:00:00', '2031-11-15 10:30:00'),
(987, NULL, 47, '2031-11-15 17:00:00', '2031-11-22 10:30:00'),
(988, NULL, 48, '2031-11-22 17:00:00', '2031-11-29 10:30:00'),
(989, NULL, 49, '2031-11-29 17:00:00', '2031-12-06 10:30:00'),
(990, NULL, 50, '2031-12-06 17:00:00', '2031-12-13 10:30:00'),
(991, NULL, 51, '2031-12-13 17:00:00', '2031-12-20 10:30:00'),
(992, NULL, 52, '2031-12-20 17:00:00', '2031-12-27 10:30:00'),
(993, NULL, 1, '2031-12-27 17:00:00', '2032-01-03 10:30:00'),
(994, NULL, 2, '2032-01-03 17:00:00', '2032-01-10 10:30:00'),
(995, NULL, 3, '2032-01-10 17:00:00', '2032-01-17 10:30:00'),
(996, NULL, 4, '2032-01-17 17:00:00', '2032-01-24 10:30:00'),
(997, NULL, 5, '2032-01-24 17:00:00', '2032-01-31 10:30:00'),
(998, NULL, 6, '2032-01-31 17:00:00', '2032-02-07 10:30:00'),
(999, NULL, 7, '2032-02-07 17:00:00', '2032-02-14 10:30:00'),
(1000, NULL, 8, '2032-02-14 17:00:00', '2032-02-21 10:30:00'),
(1001, NULL, 9, '2032-02-21 17:00:00', '2032-02-28 10:30:00'),
(1002, NULL, 10, '2032-02-28 17:00:00', '2032-03-06 10:30:00'),
(1003, NULL, 11, '2032-03-06 17:00:00', '2032-03-13 10:30:00'),
(1004, NULL, 12, '2032-03-13 17:00:00', '2032-03-20 10:30:00'),
(1005, NULL, 13, '2032-03-20 17:00:00', '2032-03-27 10:30:00'),
(1006, NULL, 14, '2032-03-27 17:00:00', '2032-04-03 10:30:00'),
(1007, NULL, 15, '2032-04-03 17:00:00', '2032-04-10 10:30:00'),
(1008, NULL, 16, '2032-04-10 17:00:00', '2032-04-17 10:30:00'),
(1009, NULL, 17, '2032-04-17 17:00:00', '2032-04-24 10:30:00'),
(1010, NULL, 18, '2032-04-24 17:00:00', '2032-05-01 10:30:00'),
(1011, NULL, 19, '2032-05-01 17:00:00', '2032-05-08 10:30:00'),
(1012, NULL, 20, '2032-05-08 17:00:00', '2032-05-15 10:30:00'),
(1013, NULL, 21, '2032-05-15 17:00:00', '2032-05-22 10:30:00'),
(1014, NULL, 22, '2032-05-22 17:00:00', '2032-05-29 10:30:00'),
(1015, NULL, 23, '2032-05-29 17:00:00', '2032-06-05 10:30:00'),
(1016, NULL, 24, '2032-06-05 17:00:00', '2032-06-12 10:30:00'),
(1017, NULL, 25, '2032-06-12 17:00:00', '2032-06-19 10:30:00'),
(1018, NULL, 26, '2032-06-19 17:00:00', '2032-06-26 10:30:00'),
(1019, NULL, 27, '2032-06-26 17:00:00', '2032-07-03 10:30:00'),
(1020, NULL, 28, '2032-07-03 17:00:00', '2032-07-10 10:30:00'),
(1021, NULL, 29, '2032-07-10 17:00:00', '2032-07-17 10:30:00'),
(1022, NULL, 30, '2032-07-17 17:00:00', '2032-07-24 10:30:00'),
(1023, NULL, 31, '2032-07-24 17:00:00', '2032-07-31 10:30:00'),
(1024, NULL, 32, '2032-07-31 17:00:00', '2032-08-07 10:30:00'),
(1025, NULL, 33, '2032-08-07 17:00:00', '2032-08-14 10:30:00'),
(1026, NULL, 34, '2032-08-14 17:00:00', '2032-08-21 10:30:00'),
(1027, NULL, 35, '2032-08-21 17:00:00', '2032-08-28 10:30:00'),
(1028, NULL, 36, '2032-08-28 17:00:00', '2032-09-04 10:30:00'),
(1029, NULL, 37, '2032-09-04 17:00:00', '2032-09-11 10:30:00'),
(1030, NULL, 38, '2032-09-11 17:00:00', '2032-09-18 10:30:00'),
(1031, NULL, 39, '2032-09-18 17:00:00', '2032-09-25 10:30:00'),
(1032, NULL, 40, '2032-09-25 17:00:00', '2032-10-02 10:30:00'),
(1033, NULL, 41, '2032-10-02 17:00:00', '2032-10-09 10:30:00'),
(1034, NULL, 42, '2032-10-09 17:00:00', '2032-10-16 10:30:00'),
(1035, NULL, 43, '2032-10-16 17:00:00', '2032-10-23 10:30:00'),
(1036, NULL, 44, '2032-10-23 17:00:00', '2032-10-30 10:30:00'),
(1037, NULL, 45, '2032-10-30 17:00:00', '2032-11-06 10:30:00'),
(1038, NULL, 46, '2032-11-06 17:00:00', '2032-11-13 10:30:00'),
(1039, NULL, 47, '2032-11-13 17:00:00', '2032-11-20 10:30:00'),
(1040, NULL, 48, '2032-11-20 17:00:00', '2032-11-27 10:30:00'),
(1041, NULL, 49, '2032-11-27 17:00:00', '2032-12-04 10:30:00'),
(1042, NULL, 50, '2032-12-04 17:00:00', '2032-12-11 10:30:00'),
(1043, NULL, 51, '2032-12-11 17:00:00', '2032-12-18 10:30:00'),
(1044, NULL, 52, '2032-12-18 17:00:00', '2032-12-25 10:30:00'),
(1045, NULL, 53, '2032-12-25 17:00:00', '2033-01-01 10:30:00'),
(1046, NULL, 1, '2033-01-01 17:00:00', '2033-01-08 10:30:00'),
(1047, NULL, 2, '2033-01-08 17:00:00', '2033-01-15 10:30:00'),
(1048, NULL, 3, '2033-01-15 17:00:00', '2033-01-22 10:30:00'),
(1049, NULL, 4, '2033-01-22 17:00:00', '2033-01-29 10:30:00'),
(1050, NULL, 5, '2033-01-29 17:00:00', '2033-02-05 10:30:00'),
(1051, NULL, 6, '2033-02-05 17:00:00', '2033-02-12 10:30:00'),
(1052, NULL, 7, '2033-02-12 17:00:00', '2033-02-19 10:30:00'),
(1053, NULL, 8, '2033-02-19 17:00:00', '2033-02-26 10:30:00'),
(1054, NULL, 9, '2033-02-26 17:00:00', '2033-03-05 10:30:00'),
(1055, NULL, 10, '2033-03-05 17:00:00', '2033-03-12 10:30:00'),
(1056, NULL, 11, '2033-03-12 17:00:00', '2033-03-19 10:30:00'),
(1057, NULL, 12, '2033-03-19 17:00:00', '2033-03-26 10:30:00'),
(1058, NULL, 13, '2033-03-26 17:00:00', '2033-04-02 10:30:00'),
(1059, NULL, 14, '2033-04-02 17:00:00', '2033-04-09 10:30:00'),
(1060, NULL, 15, '2033-04-09 17:00:00', '2033-04-16 10:30:00'),
(1061, NULL, 16, '2033-04-16 17:00:00', '2033-04-23 10:30:00'),
(1062, NULL, 17, '2033-04-23 17:00:00', '2033-04-30 10:30:00'),
(1063, NULL, 18, '2033-04-30 17:00:00', '2033-05-07 10:30:00'),
(1064, NULL, 19, '2033-05-07 17:00:00', '2033-05-14 10:30:00'),
(1065, NULL, 20, '2033-05-14 17:00:00', '2033-05-21 10:30:00'),
(1066, NULL, 21, '2033-05-21 17:00:00', '2033-05-28 10:30:00'),
(1067, NULL, 22, '2033-05-28 17:00:00', '2033-06-04 10:30:00'),
(1068, NULL, 23, '2033-06-04 17:00:00', '2033-06-11 10:30:00'),
(1069, NULL, 24, '2033-06-11 17:00:00', '2033-06-18 10:30:00'),
(1070, NULL, 25, '2033-06-18 17:00:00', '2033-06-25 10:30:00'),
(1071, NULL, 26, '2033-06-25 17:00:00', '2033-07-02 10:30:00'),
(1072, NULL, 27, '2033-07-02 17:00:00', '2033-07-09 10:30:00'),
(1073, NULL, 28, '2033-07-09 17:00:00', '2033-07-16 10:30:00'),
(1074, NULL, 29, '2033-07-16 17:00:00', '2033-07-23 10:30:00'),
(1075, NULL, 30, '2033-07-23 17:00:00', '2033-07-30 10:30:00'),
(1076, NULL, 31, '2033-07-30 17:00:00', '2033-08-06 10:30:00'),
(1077, NULL, 32, '2033-08-06 17:00:00', '2033-08-13 10:30:00'),
(1078, NULL, 33, '2033-08-13 17:00:00', '2033-08-20 10:30:00'),
(1079, NULL, 34, '2033-08-20 17:00:00', '2033-08-27 10:30:00'),
(1080, NULL, 35, '2033-08-27 17:00:00', '2033-09-03 10:30:00'),
(1081, NULL, 36, '2033-09-03 17:00:00', '2033-09-10 10:30:00'),
(1082, NULL, 37, '2033-09-10 17:00:00', '2033-09-17 10:30:00'),
(1083, NULL, 38, '2033-09-17 17:00:00', '2033-09-24 10:30:00'),
(1084, NULL, 39, '2033-09-24 17:00:00', '2033-10-01 10:30:00'),
(1085, NULL, 40, '2033-10-01 17:00:00', '2033-10-08 10:30:00'),
(1086, NULL, 41, '2033-10-08 17:00:00', '2033-10-15 10:30:00'),
(1087, NULL, 42, '2033-10-15 17:00:00', '2033-10-22 10:30:00'),
(1088, NULL, 43, '2033-10-22 17:00:00', '2033-10-29 10:30:00'),
(1089, NULL, 44, '2033-10-29 17:00:00', '2033-11-05 10:30:00'),
(1090, NULL, 45, '2033-11-05 17:00:00', '2033-11-12 10:30:00'),
(1091, NULL, 46, '2033-11-12 17:00:00', '2033-11-19 10:30:00'),
(1092, NULL, 47, '2033-11-19 17:00:00', '2033-11-26 10:30:00'),
(1093, NULL, 48, '2033-11-26 17:00:00', '2033-12-03 10:30:00'),
(1094, NULL, 49, '2033-12-03 17:00:00', '2033-12-10 10:30:00'),
(1095, NULL, 50, '2033-12-10 17:00:00', '2033-12-17 10:30:00'),
(1096, NULL, 51, '2033-12-17 17:00:00', '2033-12-24 10:30:00'),
(1097, NULL, 52, '2033-12-24 17:00:00', '2033-12-31 10:30:00'),
(1098, NULL, 1, '2033-12-31 17:00:00', '2034-01-07 10:30:00'),
(1099, NULL, 2, '2034-01-07 17:00:00', '2034-01-14 10:30:00'),
(1100, NULL, 3, '2034-01-14 17:00:00', '2034-01-21 10:30:00'),
(1101, NULL, 4, '2034-01-21 17:00:00', '2034-01-28 10:30:00'),
(1102, NULL, 5, '2034-01-28 17:00:00', '2034-02-04 10:30:00'),
(1103, NULL, 6, '2034-02-04 17:00:00', '2034-02-11 10:30:00'),
(1104, NULL, 7, '2034-02-11 17:00:00', '2034-02-18 10:30:00'),
(1105, NULL, 8, '2034-02-18 17:00:00', '2034-02-25 10:30:00'),
(1106, NULL, 9, '2034-02-25 17:00:00', '2034-03-04 10:30:00'),
(1107, NULL, 10, '2034-03-04 17:00:00', '2034-03-11 10:30:00'),
(1108, NULL, 11, '2034-03-11 17:00:00', '2034-03-18 10:30:00'),
(1109, NULL, 12, '2034-03-18 17:00:00', '2034-03-25 10:30:00'),
(1110, NULL, 13, '2034-03-25 17:00:00', '2034-04-01 10:30:00'),
(1111, NULL, 14, '2034-04-01 17:00:00', '2034-04-08 10:30:00'),
(1112, NULL, 15, '2034-04-08 17:00:00', '2034-04-15 10:30:00'),
(1113, NULL, 16, '2034-04-15 17:00:00', '2034-04-22 10:30:00'),
(1114, NULL, 17, '2034-04-22 17:00:00', '2034-04-29 10:30:00'),
(1115, NULL, 18, '2034-04-29 17:00:00', '2034-05-06 10:30:00'),
(1116, NULL, 19, '2034-05-06 17:00:00', '2034-05-13 10:30:00'),
(1117, NULL, 20, '2034-05-13 17:00:00', '2034-05-20 10:30:00'),
(1118, NULL, 21, '2034-05-20 17:00:00', '2034-05-27 10:30:00'),
(1119, NULL, 22, '2034-05-27 17:00:00', '2034-06-03 10:30:00'),
(1120, NULL, 23, '2034-06-03 17:00:00', '2034-06-10 10:30:00'),
(1121, NULL, 24, '2034-06-10 17:00:00', '2034-06-17 10:30:00'),
(1122, NULL, 25, '2034-06-17 17:00:00', '2034-06-24 10:30:00'),
(1123, NULL, 26, '2034-06-24 17:00:00', '2034-07-01 10:30:00'),
(1124, NULL, 27, '2034-07-01 17:00:00', '2034-07-08 10:30:00'),
(1125, NULL, 28, '2034-07-08 17:00:00', '2034-07-15 10:30:00'),
(1126, NULL, 29, '2034-07-15 17:00:00', '2034-07-22 10:30:00'),
(1127, NULL, 30, '2034-07-22 17:00:00', '2034-07-29 10:30:00'),
(1128, NULL, 31, '2034-07-29 17:00:00', '2034-08-05 10:30:00'),
(1129, NULL, 32, '2034-08-05 17:00:00', '2034-08-12 10:30:00'),
(1130, NULL, 33, '2034-08-12 17:00:00', '2034-08-19 10:30:00'),
(1131, NULL, 34, '2034-08-19 17:00:00', '2034-08-26 10:30:00'),
(1132, NULL, 35, '2034-08-26 17:00:00', '2034-09-02 10:30:00'),
(1133, NULL, 36, '2034-09-02 17:00:00', '2034-09-09 10:30:00'),
(1134, NULL, 37, '2034-09-09 17:00:00', '2034-09-16 10:30:00'),
(1135, NULL, 38, '2034-09-16 17:00:00', '2034-09-23 10:30:00'),
(1136, NULL, 39, '2034-09-23 17:00:00', '2034-09-30 10:30:00'),
(1137, NULL, 40, '2034-09-30 17:00:00', '2034-10-07 10:30:00'),
(1138, NULL, 41, '2034-10-07 17:00:00', '2034-10-14 10:30:00'),
(1139, NULL, 42, '2034-10-14 17:00:00', '2034-10-21 10:30:00'),
(1140, NULL, 43, '2034-10-21 17:00:00', '2034-10-28 10:30:00'),
(1141, NULL, 44, '2034-10-28 17:00:00', '2034-11-04 10:30:00'),
(1142, NULL, 45, '2034-11-04 17:00:00', '2034-11-11 10:30:00'),
(1143, NULL, 46, '2034-11-11 17:00:00', '2034-11-18 10:30:00'),
(1144, NULL, 47, '2034-11-18 17:00:00', '2034-11-25 10:30:00'),
(1145, NULL, 48, '2034-11-25 17:00:00', '2034-12-02 10:30:00'),
(1146, NULL, 49, '2034-12-02 17:00:00', '2034-12-09 10:30:00'),
(1147, NULL, 50, '2034-12-09 17:00:00', '2034-12-16 10:30:00'),
(1148, NULL, 51, '2034-12-16 17:00:00', '2034-12-23 10:30:00'),
(1149, NULL, 52, '2034-12-23 17:00:00', '2034-12-30 10:30:00'),
(1150, NULL, 1, '2034-12-30 17:00:00', '2035-01-06 10:30:00'),
(1151, NULL, 2, '2035-01-06 17:00:00', '2035-01-13 10:30:00'),
(1152, NULL, 3, '2035-01-13 17:00:00', '2035-01-20 10:30:00'),
(1153, NULL, 4, '2035-01-20 17:00:00', '2035-01-27 10:30:00'),
(1154, NULL, 5, '2035-01-27 17:00:00', '2035-02-03 10:30:00'),
(1155, NULL, 6, '2035-02-03 17:00:00', '2035-02-10 10:30:00'),
(1156, NULL, 7, '2035-02-10 17:00:00', '2035-02-17 10:30:00'),
(1157, NULL, 8, '2035-02-17 17:00:00', '2035-02-24 10:30:00'),
(1158, NULL, 9, '2035-02-24 17:00:00', '2035-03-03 10:30:00'),
(1159, NULL, 10, '2035-03-03 17:00:00', '2035-03-10 10:30:00'),
(1160, NULL, 11, '2035-03-10 17:00:00', '2035-03-17 10:30:00'),
(1161, NULL, 12, '2035-03-17 17:00:00', '2035-03-24 10:30:00'),
(1162, NULL, 13, '2035-03-24 17:00:00', '2035-03-31 10:30:00'),
(1163, NULL, 14, '2035-03-31 17:00:00', '2035-04-07 10:30:00'),
(1164, NULL, 15, '2035-04-07 17:00:00', '2035-04-14 10:30:00'),
(1165, NULL, 16, '2035-04-14 17:00:00', '2035-04-21 10:30:00'),
(1166, NULL, 17, '2035-04-21 17:00:00', '2035-04-28 10:30:00'),
(1167, NULL, 18, '2035-04-28 17:00:00', '2035-05-05 10:30:00'),
(1168, NULL, 19, '2035-05-05 17:00:00', '2035-05-12 10:30:00'),
(1169, NULL, 20, '2035-05-12 17:00:00', '2035-05-19 10:30:00'),
(1170, NULL, 21, '2035-05-19 17:00:00', '2035-05-26 10:30:00'),
(1171, NULL, 22, '2035-05-26 17:00:00', '2035-06-02 10:30:00'),
(1172, NULL, 23, '2035-06-02 17:00:00', '2035-06-09 10:30:00'),
(1173, NULL, 24, '2035-06-09 17:00:00', '2035-06-16 10:30:00'),
(1174, NULL, 25, '2035-06-16 17:00:00', '2035-06-23 10:30:00'),
(1175, NULL, 26, '2035-06-23 17:00:00', '2035-06-30 10:30:00'),
(1176, NULL, 27, '2035-06-30 17:00:00', '2035-07-07 10:30:00'),
(1177, NULL, 28, '2035-07-07 17:00:00', '2035-07-14 10:30:00'),
(1178, NULL, 29, '2035-07-14 17:00:00', '2035-07-21 10:30:00'),
(1179, NULL, 30, '2035-07-21 17:00:00', '2035-07-28 10:30:00'),
(1180, NULL, 31, '2035-07-28 17:00:00', '2035-08-04 10:30:00'),
(1181, NULL, 32, '2035-08-04 17:00:00', '2035-08-11 10:30:00'),
(1182, NULL, 33, '2035-08-11 17:00:00', '2035-08-18 10:30:00'),
(1183, NULL, 34, '2035-08-18 17:00:00', '2035-08-25 10:30:00'),
(1184, NULL, 35, '2035-08-25 17:00:00', '2035-09-01 10:30:00'),
(1185, NULL, 36, '2035-09-01 17:00:00', '2035-09-08 10:30:00'),
(1186, NULL, 37, '2035-09-08 17:00:00', '2035-09-15 10:30:00'),
(1187, NULL, 38, '2035-09-15 17:00:00', '2035-09-22 10:30:00'),
(1188, NULL, 39, '2035-09-22 17:00:00', '2035-09-29 10:30:00'),
(1189, NULL, 40, '2035-09-29 17:00:00', '2035-10-06 10:30:00'),
(1190, NULL, 41, '2035-10-06 17:00:00', '2035-10-13 10:30:00'),
(1191, NULL, 42, '2035-10-13 17:00:00', '2035-10-20 10:30:00'),
(1192, NULL, 43, '2035-10-20 17:00:00', '2035-10-27 10:30:00'),
(1193, NULL, 44, '2035-10-27 17:00:00', '2035-11-03 10:30:00'),
(1194, NULL, 45, '2035-11-03 17:00:00', '2035-11-10 10:30:00'),
(1195, NULL, 46, '2035-11-10 17:00:00', '2035-11-17 10:30:00'),
(1196, NULL, 47, '2035-11-17 17:00:00', '2035-11-24 10:30:00'),
(1197, NULL, 48, '2035-11-24 17:00:00', '2035-12-01 10:30:00'),
(1198, NULL, 49, '2035-12-01 17:00:00', '2035-12-08 10:30:00'),
(1199, NULL, 50, '2035-12-08 17:00:00', '2035-12-15 10:30:00'),
(1200, NULL, 51, '2035-12-15 17:00:00', '2035-12-22 10:30:00'),
(1201, NULL, 52, '2035-12-22 17:00:00', '2035-12-29 10:30:00'),
(1202, NULL, 1, '2035-12-29 17:00:00', '2036-01-05 10:30:00'),
(1203, NULL, 2, '2036-01-05 17:00:00', '2036-01-12 10:30:00'),
(1204, NULL, 3, '2036-01-12 17:00:00', '2036-01-19 10:30:00'),
(1205, NULL, 4, '2036-01-19 17:00:00', '2036-01-26 10:30:00'),
(1206, NULL, 5, '2036-01-26 17:00:00', '2036-02-02 10:30:00'),
(1207, NULL, 6, '2036-02-02 17:00:00', '2036-02-09 10:30:00'),
(1208, NULL, 7, '2036-02-09 17:00:00', '2036-02-16 10:30:00'),
(1209, NULL, 8, '2036-02-16 17:00:00', '2036-02-23 10:30:00'),
(1210, NULL, 9, '2036-02-23 17:00:00', '2036-03-01 10:30:00'),
(1211, NULL, 10, '2036-03-01 17:00:00', '2036-03-08 10:30:00'),
(1212, NULL, 11, '2036-03-08 17:00:00', '2036-03-15 10:30:00'),
(1213, NULL, 12, '2036-03-15 17:00:00', '2036-03-22 10:30:00'),
(1214, NULL, 13, '2036-03-22 17:00:00', '2036-03-29 10:30:00'),
(1215, NULL, 14, '2036-03-29 17:00:00', '2036-04-05 10:30:00'),
(1216, NULL, 15, '2036-04-05 17:00:00', '2036-04-12 10:30:00'),
(1217, NULL, 16, '2036-04-12 17:00:00', '2036-04-19 10:30:00'),
(1218, NULL, 17, '2036-04-19 17:00:00', '2036-04-26 10:30:00'),
(1219, NULL, 18, '2036-04-26 17:00:00', '2036-05-03 10:30:00'),
(1220, NULL, 19, '2036-05-03 17:00:00', '2036-05-10 10:30:00'),
(1221, NULL, 20, '2036-05-10 17:00:00', '2036-05-17 10:30:00'),
(1222, NULL, 21, '2036-05-17 17:00:00', '2036-05-24 10:30:00'),
(1223, NULL, 22, '2036-05-24 17:00:00', '2036-05-31 10:30:00'),
(1224, NULL, 23, '2036-05-31 17:00:00', '2036-06-07 10:30:00'),
(1225, NULL, 24, '2036-06-07 17:00:00', '2036-06-14 10:30:00'),
(1226, NULL, 25, '2036-06-14 17:00:00', '2036-06-21 10:30:00'),
(1227, NULL, 26, '2036-06-21 17:00:00', '2036-06-28 10:30:00'),
(1228, NULL, 27, '2036-06-28 17:00:00', '2036-07-05 10:30:00'),
(1229, NULL, 28, '2036-07-05 17:00:00', '2036-07-12 10:30:00'),
(1230, NULL, 29, '2036-07-12 17:00:00', '2036-07-19 10:30:00'),
(1231, NULL, 30, '2036-07-19 17:00:00', '2036-07-26 10:30:00'),
(1232, NULL, 31, '2036-07-26 17:00:00', '2036-08-02 10:30:00'),
(1233, NULL, 32, '2036-08-02 17:00:00', '2036-08-09 10:30:00'),
(1234, NULL, 33, '2036-08-09 17:00:00', '2036-08-16 10:30:00'),
(1235, NULL, 34, '2036-08-16 17:00:00', '2036-08-23 10:30:00'),
(1236, NULL, 35, '2036-08-23 17:00:00', '2036-08-30 10:30:00'),
(1237, NULL, 36, '2036-08-30 17:00:00', '2036-09-06 10:30:00'),
(1238, NULL, 37, '2036-09-06 17:00:00', '2036-09-13 10:30:00'),
(1239, NULL, 38, '2036-09-13 17:00:00', '2036-09-20 10:30:00'),
(1240, NULL, 39, '2036-09-20 17:00:00', '2036-09-27 10:30:00'),
(1241, NULL, 40, '2036-09-27 17:00:00', '2036-10-04 10:30:00'),
(1242, NULL, 41, '2036-10-04 17:00:00', '2036-10-11 10:30:00'),
(1243, NULL, 42, '2036-10-11 17:00:00', '2036-10-18 10:30:00'),
(1244, NULL, 43, '2036-10-18 17:00:00', '2036-10-25 10:30:00'),
(1245, NULL, 44, '2036-10-25 17:00:00', '2036-11-01 10:30:00'),
(1246, NULL, 45, '2036-11-01 17:00:00', '2036-11-08 10:30:00'),
(1247, NULL, 46, '2036-11-08 17:00:00', '2036-11-15 10:30:00'),
(1248, NULL, 47, '2036-11-15 17:00:00', '2036-11-22 10:30:00'),
(1249, NULL, 48, '2036-11-22 17:00:00', '2036-11-29 10:30:00'),
(1250, NULL, 49, '2036-11-29 17:00:00', '2036-12-06 10:30:00'),
(1251, NULL, 50, '2036-12-06 17:00:00', '2036-12-13 10:30:00'),
(1252, NULL, 51, '2036-12-13 17:00:00', '2036-12-20 10:30:00'),
(1253, NULL, 52, '2036-12-20 17:00:00', '2036-12-27 10:30:00'),
(1254, NULL, 1, '2036-12-27 17:00:00', '2037-01-03 10:30:00'),
(1255, NULL, 2, '2037-01-03 17:00:00', '2037-01-10 10:30:00'),
(1256, NULL, 3, '2037-01-10 17:00:00', '2037-01-17 10:30:00'),
(1257, NULL, 4, '2037-01-17 17:00:00', '2037-01-24 10:30:00'),
(1258, NULL, 5, '2037-01-24 17:00:00', '2037-01-31 10:30:00'),
(1259, NULL, 6, '2037-01-31 17:00:00', '2037-02-07 10:30:00'),
(1260, NULL, 7, '2037-02-07 17:00:00', '2037-02-14 10:30:00'),
(1261, NULL, 8, '2037-02-14 17:00:00', '2037-02-21 10:30:00'),
(1262, NULL, 9, '2037-02-21 17:00:00', '2037-02-28 10:30:00'),
(1263, NULL, 10, '2037-02-28 17:00:00', '2037-03-07 10:30:00'),
(1264, NULL, 11, '2037-03-07 17:00:00', '2037-03-14 10:30:00'),
(1265, NULL, 12, '2037-03-14 17:00:00', '2037-03-21 10:30:00'),
(1266, NULL, 13, '2037-03-21 17:00:00', '2037-03-28 10:30:00'),
(1267, NULL, 14, '2037-03-28 17:00:00', '2037-04-04 10:30:00'),
(1268, NULL, 15, '2037-04-04 17:00:00', '2037-04-11 10:30:00'),
(1269, NULL, 16, '2037-04-11 17:00:00', '2037-04-18 10:30:00'),
(1270, NULL, 17, '2037-04-18 17:00:00', '2037-04-25 10:30:00'),
(1271, NULL, 18, '2037-04-25 17:00:00', '2037-05-02 10:30:00'),
(1272, NULL, 19, '2037-05-02 17:00:00', '2037-05-09 10:30:00'),
(1273, NULL, 20, '2037-05-09 17:00:00', '2037-05-16 10:30:00'),
(1274, NULL, 21, '2037-05-16 17:00:00', '2037-05-23 10:30:00'),
(1275, NULL, 22, '2037-05-23 17:00:00', '2037-05-30 10:30:00'),
(1276, NULL, 23, '2037-05-30 17:00:00', '2037-06-06 10:30:00'),
(1277, NULL, 24, '2037-06-06 17:00:00', '2037-06-13 10:30:00'),
(1278, NULL, 25, '2037-06-13 17:00:00', '2037-06-20 10:30:00'),
(1279, NULL, 26, '2037-06-20 17:00:00', '2037-06-27 10:30:00'),
(1280, NULL, 27, '2037-06-27 17:00:00', '2037-07-04 10:30:00'),
(1281, NULL, 28, '2037-07-04 17:00:00', '2037-07-11 10:30:00'),
(1282, NULL, 29, '2037-07-11 17:00:00', '2037-07-18 10:30:00'),
(1283, NULL, 30, '2037-07-18 17:00:00', '2037-07-25 10:30:00'),
(1284, NULL, 31, '2037-07-25 17:00:00', '2037-08-01 10:30:00'),
(1285, NULL, 32, '2037-08-01 17:00:00', '2037-08-08 10:30:00'),
(1286, NULL, 33, '2037-08-08 17:00:00', '2037-08-15 10:30:00'),
(1287, NULL, 34, '2037-08-15 17:00:00', '2037-08-22 10:30:00'),
(1288, NULL, 35, '2037-08-22 17:00:00', '2037-08-29 10:30:00'),
(1289, NULL, 36, '2037-08-29 17:00:00', '2037-09-05 10:30:00'),
(1290, NULL, 37, '2037-09-05 17:00:00', '2037-09-12 10:30:00'),
(1291, NULL, 38, '2037-09-12 17:00:00', '2037-09-19 10:30:00'),
(1292, NULL, 39, '2037-09-19 17:00:00', '2037-09-26 10:30:00'),
(1293, NULL, 40, '2037-09-26 17:00:00', '2037-10-03 10:30:00'),
(1294, NULL, 41, '2037-10-03 17:00:00', '2037-10-10 10:30:00'),
(1295, NULL, 42, '2037-10-10 17:00:00', '2037-10-17 10:30:00'),
(1296, NULL, 43, '2037-10-17 17:00:00', '2037-10-24 10:30:00'),
(1297, NULL, 44, '2037-10-24 17:00:00', '2037-10-31 10:30:00'),
(1298, NULL, 45, '2037-10-31 17:00:00', '2037-11-07 10:30:00'),
(1299, NULL, 46, '2037-11-07 17:00:00', '2037-11-14 10:30:00'),
(1300, NULL, 47, '2037-11-14 17:00:00', '2037-11-21 10:30:00'),
(1301, NULL, 48, '2037-11-21 17:00:00', '2037-11-28 10:30:00'),
(1302, NULL, 49, '2037-11-28 17:00:00', '2037-12-05 10:30:00'),
(1303, NULL, 50, '2037-12-05 17:00:00', '2037-12-12 10:30:00'),
(1304, NULL, 51, '2037-12-12 17:00:00', '2037-12-19 10:30:00'),
(1305, NULL, 52, '2037-12-19 17:00:00', '2037-12-26 10:30:00'),
(1306, NULL, 53, '2037-12-26 17:00:00', '2038-01-02 10:30:00'),
(1307, NULL, 1, '2038-01-02 17:00:00', '2038-01-09 10:30:00'),
(1308, NULL, 2, '2038-01-09 17:00:00', '2038-01-16 10:30:00');

-- --------------------------------------------------------

--
-- Structure de la table `user`
--

CREATE TABLE IF NOT EXISTS `user` (
  `id` bigint(20) NOT NULL AUTO_INCREMENT,
  `login` text NOT NULL,
  `password` text NOT NULL,
  PRIMARY KEY (`id`)
) ENGINE=InnoDB  DEFAULT CHARSET=utf8 AUTO_INCREMENT=3 ;

--
-- Contenu de la table `user`
--

INSERT INTO `user` (`id`, `login`, `password`) VALUES
(1, 'llv', 'frederique31'),
(2, 'alec', 'llv31');

-- --------------------------------------------------------

--
-- Doublure de structure pour la vue `view_cms_page`
--
CREATE TABLE IF NOT EXISTS `view_cms_page` (
`page_id` bigint(20)
,`language_id` bigint(20)
,`title` text
,`content` text
,`url` text
,`date_add` datetime
,`date_update` datetime
,`date_delete` datetime
);
-- --------------------------------------------------------

--
-- Structure de la vue `view_cms_page`
--
DROP TABLE IF EXISTS `view_cms_page`;

CREATE ALGORITHM=UNDEFINED DEFINER=`giteluch`@`%` SQL SECURITY DEFINER VIEW `view_cms_page` AS select `cpl`.`page_id` AS `page_id`,`cpl`.`language_id` AS `language_id`,`cpl`.`title` AS `title`,`cpl`.`content` AS `content`,`cpl`.`url` AS `url`,`cp`.`date_add` AS `date_add`,`cp`.`date_update` AS `date_update`,`cp`.`date_delete` AS `date_delete` from ((`cms_page` `cp` join `cms_page_language` `cpl` on((`cp`.`id` = `cpl`.`page_id`))) join `language` `l` on((`l`.`id` = `cpl`.`language_id`)));

--
-- Contraintes pour les tables exportées
--

--
-- Contraintes pour la table `product_night_price`
--
ALTER TABLE `product_night_price`
  ADD CONSTRAINT `fk_produit_produit` FOREIGN KEY (`product_id`) REFERENCES `product` (`id`) ON DELETE CASCADE ON UPDATE CASCADE;

--
-- Contraintes pour la table `product_season_price`
--
ALTER TABLE `product_season_price`
  ADD CONSTRAINT `fk_product_seasonprice` FOREIGN KEY (`product_id`) REFERENCES `product` (`id`) ON DELETE CASCADE ON UPDATE CASCADE,
  ADD CONSTRAINT `fk_season_seasonprice` FOREIGN KEY (`season_type_id`) REFERENCES `season_type` (`id`) ON DELETE CASCADE ON UPDATE CASCADE;

--
-- Contraintes pour la table `route_language`
--
ALTER TABLE `route_language`
  ADD CONSTRAINT `fk_routelng_lang` FOREIGN KEY (`language_id`) REFERENCES `language` (`id`) ON DELETE CASCADE ON UPDATE CASCADE,
  ADD CONSTRAINT `fk_routelng_route` FOREIGN KEY (`route_id`) REFERENCES `route` (`id`) ON DELETE CASCADE ON UPDATE CASCADE;

--
-- Contraintes pour la table `route_parameter`
--
ALTER TABLE `route_parameter`
  ADD CONSTRAINT `fk_routeparams_route` FOREIGN KEY (`route_id`) REFERENCES `route` (`id`) ON DELETE CASCADE ON UPDATE CASCADE;

--
-- Contraintes pour la table `season_type_language`
--
ALTER TABLE `season_type_language`
  ADD CONSTRAINT `fk_seasonl_language` FOREIGN KEY (`language_id`) REFERENCES `language` (`id`) ON DELETE CASCADE ON UPDATE CASCADE,
  ADD CONSTRAINT `fk_seasonl_season` FOREIGN KEY (`type_id`) REFERENCES `season_type` (`id`) ON DELETE CASCADE ON UPDATE CASCADE;

--
-- Contraintes pour la table `season_week`
--
ALTER TABLE `season_week`
  ADD CONSTRAINT `fk_week_seasontype` FOREIGN KEY (`type_id`) REFERENCES `season_type` (`id`) ON DELETE CASCADE ON UPDATE CASCADE;
